bookingId,userId,userEmail,showtimeId,movieTitle,theaterName,seatCount,totalPrice,bookingTime,status
1,2182,ifreeman@example.net,379,Scene successful control,Robinson-Kennedy Cinemas,5,68.15,2026-07-23,CONFIRMED
2,2852,uhorton@example.net,1112,Mr Mr all,White-Reese Cinemas,2,20.04,2026-07-23,CONFIRMED
3,2041,morsestephen@example.com,539,Pass exactly,"Thompson, Harper and Welch Cinemas",1,19.98,2026-07-23,CONFIRMED
4,1974,angelawilson@example.net,1806,Fine,"Freeman, Cox and Mitchell Cinemas",4,72.12,2026-06-24,CONFIRMED
5,4236,ydavenport@example.net,420,Picture popular,"Taylor, Morales and Fuller Cinemas",4,70.64,2026-07-23,CANCELLED
6,3294,andrewbrown@example.com,369,Enter under,"Black, Collins and Powell Cinemas",2,37.64,2026-07-03,CONFIRMED
7,1482,ediaz@example.org,455,Several concern,"Davis, Rodriguez and Andrews Cinemas",4,53.96,2026-06-26,CONFIRMED
8,4148,williamsonrobin@example.com,1731,But,Roberts Group Cinemas,3,35.97,2026-06-19,CONFIRMED
9,3450,williamjordan@example.org,1700,Song to foreign,Buchanan LLC Cinemas,2,25.82,2026-07-23,CANCELLED
10,2390,wongsean@example.com,493,Father wife,Smith-Gomez Cinemas,2,40.52,2026-07-01,CONFIRMED
11,20,dixonkimberly@example.net,1478,Apply because tell,Wyatt Ltd Cinemas,4,94.88,2026-06-18,CONFIRMED
12,4387,josebrown@example.net,1390,Mind point game,Gibson Ltd Cinemas,1,8.07,2026-07-23,CONFIRMED
13,1595,jacquelinemurray@example.net,877,Your,Mccoy-Strickland Cinemas,5,78.75,2026-07-05,CONFIRMED
14,3544,fsteele@example.com,78,South moment alone interview,"Gonzales, Smith and Davis Cinemas",6,108.84,2026-07-23,CONFIRMED
15,2342,wchavez@example.net,636,Same behind prove light,"Stevens, Norris and Smith Cinemas",2,32.52,2026-07-23,CONFIRMED
16,4193,williamhaynes@example.com,1637,Truth explain,"Munoz, Krueger and Solomon Cinemas",3,62.61,2026-06-23,CONFIRMED
17,2092,gutierrezolivia@example.com,300,With international citizen,"Nguyen, Marsh and Beck Cinemas",3,71.61,2026-07-19,CONFIRMED
18,2782,michelleknapp@example.net,1996,Important hear power,Gonzalez-Wilson Cinemas,1,17.45,2026-06-23,CONFIRMED
19,1823,greenalexa@example.org,1310,Significant free,"Marshall, Murray and Miller Cinemas",4,92.84,2026-07-23,CONFIRMED
20,3814,annastephens@example.org,151,Walk room adult,"Jackson, Andersen and Bowen Cinemas",3,50.97,2026-07-23,CONFIRMED
21,1106,carl64@example.net,715,Chair what measure,"Fowler, Jones and Moore Cinemas",2,42.06,2026-06-28,CONFIRMED
22,4666,paul85@example.org,785,Attorney pull,Carroll-Snyder Cinemas,4,86.32,2026-07-08,CONFIRMED
23,1024,diazmichael@example.org,1024,Value process,Orr-Miranda Cinemas,4,92.44,2026-07-23,CONFIRMED
24,3803,lgoodwin@example.net,1417,Than bit traditional,"Wolfe, Chavez and Mcbride Cinemas",3,68.25,2026-07-23,CONFIRMED
25,831,gking@example.org,1537,Modern difficult open,Galloway-Jacobs Cinemas,2,24.7,2026-07-23,CONFIRMED
26,1672,thomas61@example.net,878,Trouble Mrs single,"Ray, Cunningham and Levine Cinemas",2,20.42,2026-06-12,CANCELLED
27,4684,brandy63@example.net,1258,Hear rise,Hill and Sons Cinemas,3,30.66,2026-06-29,CANCELLED
28,3523,zstanley@example.org,1852,Page over,"Greene, Rogers and Haley Cinemas",4,49.56,2026-07-23,CONFIRMED
29,3451,parkersean@example.net,1211,Alone eight,Griffin-Hernandez Cinemas,5,81.2,2026-07-04,CANCELLED
30,1144,melissa36@example.net,881,Direction blood,Chase-Washington Cinemas,4,91.04,2026-07-23,CONFIRMED
31,1163,dhale@example.net,499,North billion well,"Baker, Mason and White Cinemas",1,19.99,2026-07-23,CONFIRMED
32,4925,watersjames@example.net,1073,Ok rock,"Phelps, Montoya and Barnett Cinemas",1,12.44,2026-07-06,CONFIRMED
33,4186,xbrooks@example.com,1603,Return trouble conference,Miller Inc Cinemas,4,32.84,2026-06-09,CONFIRMED
34,3923,wrightalexander@example.net,103,Her cover,"Santos, Moody and Taylor Cinemas",1,15.76,2026-06-25,CONFIRMED
35,3276,tlewis@example.net,1014,Music reason sense list,"Martinez, Roman and Murphy Cinemas",4,80.12,2026-06-13,CANCELLED
36,2370,reginaldgoodman@example.com,1672,Career just,"Ray, Cunningham and Levine Cinemas",5,92.45,2026-07-15,CONFIRMED
37,3712,christinabrewer@example.net,477,Point vote want,Nguyen-Castro Cinemas,4,60.08,2026-07-23,CONFIRMED
38,3645,mcontreras@example.org,1938,Consider product science,Clark Group Cinemas,6,110.64,2026-06-25,CONFIRMED
39,1389,elizabethmoore@example.org,621,Of nature,"Yang, Willis and Walker Cinemas",5,74.5,2026-06-20,CANCELLED
40,4328,christinajones@example.org,1041,Star clearly,Joseph Inc Cinemas,3,66.72,2026-07-08,CONFIRMED
41,723,amymiller@example.org,1682,Against discuss give,"Richardson, Stephens and Barnes Cinemas",3,38.52,2026-06-24,CONFIRMED
42,2564,ygraham@example.net,1002,Go yourself over,"Brown, Hammond and Campbell Cinemas",1,20.65,2026-06-13,CONFIRMED
43,4471,ijohnson@example.com,1616,Identify all agreement stop,Haynes-Jackson Cinemas,2,16.38,2026-06-26,CANCELLED
44,1138,cannonmary@example.net,1187,Debate clear,"Hull, Haynes and Garcia Cinemas",1,12.37,2026-07-23,CONFIRMED
45,552,ltate@example.org,407,Game sound,Castillo Group Cinemas,3,35.55,2026-07-23,CONFIRMED
46,327,phernandez@example.net,1480,Fact watch safe father,"James, Atkins and Alexander Cinemas",6,100.8,2026-07-23,CONFIRMED
47,2141,dunntiffany@example.com,1546,Contain computer must,Mills and Sons Cinemas,6,94.68,2026-07-08,CONFIRMED
48,3959,hughestimothy@example.net,531,Respond both,Joyce-Benitez Cinemas,2,24.0,2026-07-23,CONFIRMED
49,4782,xellis@example.org,1476,Six writer great able,"Stevens, Norris and Smith Cinemas",2,47.28,2026-07-23,CONFIRMED
50,4240,katherine38@example.com,1479,She live,"Bailey, Armstrong and Campbell Cinemas",6,50.76,2026-06-29,CONFIRMED
51,1568,epearson@example.com,72,Central design affect,Rodriguez-Hernandez Cinemas,3,48.72,2026-07-23,CANCELLED
52,406,scottmark@example.org,1001,Maintain soldier,Smith and Sons Cinemas,6,139.14,2026-07-23,CONFIRMED
53,3665,uburns@example.net,1240,Type plan,Avila LLC Cinemas,4,51.92,2026-07-02,CONFIRMED
54,910,mcknightcarol@example.org,818,Opportunity might,Jennings Group Cinemas,3,45.84,2026-07-23,CANCELLED
55,4356,fsimpson@example.org,176,Especially,Green-Ewing Cinemas,2,23.8,2026-07-23,CONFIRMED
56,1494,karenoliver@example.com,381,Free issue,Vaughn Inc Cinemas,2,17.9,2026-07-23,CONFIRMED
57,1300,bmorrison@example.net,1940,Continue offer anyone,"Marshall, Murray and Miller Cinemas",5,105.9,2026-07-08,CONFIRMED
58,3688,angela22@example.org,1600,Wall ball,"Wilson, Trujillo and Moody Cinemas",2,40.74,2026-07-23,CONFIRMED
59,4587,sarah61@example.net,947,Buy ground student with,Andrews-Aguirre Cinemas,4,92.04,2026-07-16,CONFIRMED
60,1677,adamwhite@example.net,582,Blue stand shoulder,"Hayes, Sharp and Wilson Cinemas",5,114.5,2026-07-02,CONFIRMED
61,4398,patrick50@example.net,1669,Decade alone,Horne Inc Cinemas,5,118.2,2026-06-14,CONFIRMED
62,443,allenrivera@example.net,1991,Employee forward,Harper-Johnson Cinemas,1,9.62,2026-07-21,CONFIRMED
63,3911,xgreen@example.net,1584,Rock,Marshall and Sons Cinemas,2,40.22,2026-07-06,CONFIRMED
64,3791,leejames@example.org,1378,Probably paper,"Doyle, Nelson and Vaughn Cinemas",6,56.94,2026-06-30,CONFIRMED
65,4227,gabriel47@example.net,924,Through,Moore-Harrington Cinemas,4,66.92,2026-07-23,CONFIRMED
66,2380,whitneybrenda@example.com,1839,Visit bring behind there,Harris-Wright Cinemas,1,18.34,2026-07-23,CONFIRMED
67,4855,rhernandez@example.org,500,Source deep explain world,"Lopez, Gutierrez and Castro Cinemas",1,20.2,2026-07-23,CONFIRMED
68,4894,cnorris@example.org,1072,Hair remember,Thomas and Sons Cinemas,1,19.42,2026-06-26,CANCELLED
69,3722,noahpierce@example.com,1512,Inside government general,"Gonzalez, Santos and Gardner Cinemas",2,34.68,2026-07-23,CONFIRMED
70,2469,carmenjones@example.net,1278,Before cup word,Flores Ltd Cinemas,2,25.34,2026-07-23,CONFIRMED
71,1616,kristatorres@example.com,1563,Of safe,"Henderson, Alexander and Galvan Cinemas",4,34.72,2026-07-01,CANCELLED
72,579,bsoto@example.com,1363,At trip,Reed Group Cinemas,2,21.58,2026-07-18,CONFIRMED
73,3943,perrylisa@example.net,440,Number face get,White-Jackson Cinemas,2,32.32,2026-07-13,CONFIRMED
74,4984,sean35@example.org,1572,Cup believe society today,Meyers-Owens Cinemas,1,24.0,2026-07-01,CANCELLED
75,4086,heathamber@example.org,766,Arm,Acosta and Sons Cinemas,1,23.49,2026-06-22,CONFIRMED
76,383,eddie13@example.com,608,Watch real,Dickson-Park Cinemas,3,24.51,2026-07-23,CONFIRMED
77,1384,crandall@example.net,1542,Hold section painting,Evans-Chapman Cinemas,5,102.75,2026-06-29,CONFIRMED
78,1772,nhardin@example.net,486,Few late hospital,"Wolfe, Chavez and Mcbride Cinemas",3,73.29,2026-07-23,CONFIRMED
79,1038,rlewis@example.org,1167,Follow perhaps social himself,"Greene, Rogers and Haley Cinemas",4,93.56,2026-07-23,CONFIRMED
80,4258,reidmarilyn@example.org,518,Like pull,"Garcia, Perez and Oliver Cinemas",1,16.28,2026-07-23,CONFIRMED
81,439,jacob04@example.org,1760,Congress article,Garcia LLC Cinemas,5,89.8,2026-07-23,CONFIRMED
82,202,jessicavang@example.com,11,Smile capital,"Medina, Lee and Freeman Cinemas",5,109.8,2026-06-17,CONFIRMED
83,3812,vincentcopeland@example.net,43,Nor consider tree,Sullivan PLC Cinemas,5,58.8,2026-06-22,CONFIRMED
84,591,ronaldhodges@example.org,1361,Mrs student,Williams-Mckenzie Cinemas,6,63.66,2026-06-13,CONFIRMED
85,606,wharris@example.com,1613,According option,"Frazier, Ramirez and Brown Cinemas",5,49.25,2026-07-02,CONFIRMED
86,2766,rebecca68@example.com,318,Fire hand,Prince Inc Cinemas,6,54.06,2026-07-04,CONFIRMED
87,672,tina48@example.com,1096,Democratic beautiful,Johnson-Powers Cinemas,2,43.28,2026-07-23,CONFIRMED
88,120,bethany36@example.com,1940,Continue offer anyone,"Marshall, Murray and Miller Cinemas",1,21.18,2026-07-06,CONFIRMED
89,1161,chasebeck@example.com,1261,College economy,Atkinson-Nelson Cinemas,2,38.06,2026-07-07,CANCELLED
90,1819,christopher67@example.org,346,Pressure will stay,Delacruz Group Cinemas,3,49.35,2026-07-23,CONFIRMED
91,3794,johnstonmichael@example.org,220,Military everybody ability,"Moore, Gilmore and Martin Cinemas",4,54.92,2026-07-23,CONFIRMED
92,2965,leonard75@example.net,1295,White coach fine,"Diaz, Hill and Becker Cinemas",4,75.32,2026-07-23,CANCELLED
93,662,jennifer02@example.com,288,Organization full,"Wise, Rocha and Wolfe Cinemas",6,83.04,2026-07-23,CANCELLED
94,4902,nicholasschneider@example.org,548,Wait couple,"Kennedy, Cohen and Pennington Cinemas",6,81.66,2026-07-03,CONFIRMED
95,4129,johnnunez@example.org,172,Bad many worry agreement,Guzman-Montoya Cinemas,1,11.58,2026-07-23,CONFIRMED
96,4014,jesse69@example.net,113,Art miss house,Scott-Perez Cinemas,3,44.19,2026-06-23,CONFIRMED
97,2830,drakeamanda@example.com,1033,Experience western discover,Page-Jacobs Cinemas,3,64.41,2026-07-01,CANCELLED
98,1188,ulawrence@example.org,981,Child plan other about,Byrd-Foster Cinemas,1,19.2,2026-06-27,CONFIRMED
99,2817,briangeorge@example.com,1503,Speak pay and,Mccarthy-Hobbs Cinemas,1,17.93,2026-07-08,CANCELLED
100,383,eddie13@example.com,1518,Dark drive,"Newman, Carter and Brown Cinemas",3,44.79,2026-07-23,CONFIRMED
101,618,robert40@example.com,1842,Magazine daughter want food,"Baker, Mason and White Cinemas",5,98.1,2026-07-02,CONFIRMED
102,2971,xstokes@example.com,1509,Join create unit,Bradley-Novak Cinemas,6,74.88,2026-06-17,CONFIRMED
103,1536,garcialance@example.org,641,Happy country ever,"Davis, Wood and Paul Cinemas",2,24.44,2026-07-23,CONFIRMED
104,4442,beverly73@example.net,39,Smile about,"Haas, Richardson and Lee Cinemas",6,91.98,2026-07-23,CONFIRMED
105,258,samantha54@example.net,514,News daughter cell,Walker-Jones Cinemas,5,73.0,2026-07-23,CONFIRMED
106,68,jensenrebecca@example.com,1027,Significant impact,Haynes-Moss Cinemas,2,41.4,2026-07-23,CONFIRMED
107,1431,moralesdenise@example.net,1359,Space type eye,Chang Ltd Cinemas,6,115.38,2026-07-23,CONFIRMED
108,4813,rogeradams@example.com,1299,Go face very language,Castro and Sons Cinemas,4,60.64,2026-07-23,CONFIRMED
109,4362,craig32@example.org,579,Term between,Johnson-Powers Cinemas,2,44.3,2026-07-23,CONFIRMED
110,1250,ingrambrandon@example.com,1636,Recent middle music,"Murphy, Lee and Garcia Cinemas",2,27.46,2026-07-23,CONFIRMED
111,4876,cheryl83@example.com,827,Population individual,Ross-Blair Cinemas,5,74.85,2026-07-09,CONFIRMED
112,4858,baldwinmichelle@example.org,1418,Guy fight service,Davis-Phelps Cinemas,2,38.4,2026-06-11,CONFIRMED
113,607,hannahhicks@example.net,1971,Benefit sister,"Freeman, Hall and Allison Cinemas",4,38.16,2026-07-23,CONFIRMED
114,2652,carolallen@example.net,1157,Within,Martinez and Sons Cinemas,5,58.35,2026-07-20,CONFIRMED
115,1054,clarkmichael@example.org,1220,Clear open machine voice,"Bennett, Williams and Klein Cinemas",4,70.32,2026-06-27,CONFIRMED
116,2686,alexis48@example.net,1885,Religious be,Martinez Inc Cinemas,1,24.51,2026-06-20,CANCELLED
117,3514,spencer54@example.net,1201,Drive very,"May, Valenzuela and Lee Cinemas",4,72.2,2026-07-03,CONFIRMED
118,1993,thomaselizabeth@example.org,1465,Born dream,"Compton, Owens and Decker Cinemas",2,38.22,2026-06-22,CANCELLED
119,4182,melissa27@example.net,1041,Star clearly,Joseph Inc Cinemas,5,111.2,2026-07-16,CANCELLED
120,3912,douglas05@example.net,1228,Friend west anyone,Jones Inc Cinemas,1,16.81,2026-07-23,CONFIRMED
121,1377,jonesrachel@example.com,762,Product organization,Johnson Inc Cinemas,1,15.49,2026-07-01,CANCELLED
122,2029,bswanson@example.org,366,Degree physical history activity,"Short, Brooks and Lang Cinemas",1,14.69,2026-07-20,CONFIRMED
123,1939,john90@example.org,1101,Stock for political,"Freeman, Hall and Allison Cinemas",1,13.18,2026-06-30,CONFIRMED
124,3026,robin46@example.org,446,Medical scientist,Andrews-Aguirre Cinemas,1,23.61,2026-06-18,CANCELLED
125,2491,sandovalnicole@example.com,1573,Pattern structure,Robinson Inc Cinemas,6,86.88,2026-07-14,CONFIRMED
126,2103,virginia82@example.net,589,Service exist Congress,Hill-Evans Cinemas,3,57.36,2026-07-23,CONFIRMED
127,3344,fernando04@example.net,1212,Face nor market,Clark-Floyd Cinemas,6,95.46,2026-07-07,CONFIRMED
128,2195,nicoledixon@example.net,74,Home magazine,Brown-Ross Cinemas,1,21.78,2026-07-23,CONFIRMED
129,2950,joseskinner@example.org,1633,Program yourself,Stevenson Group Cinemas,5,105.1,2026-07-23,CONFIRMED
130,2548,munoznicole@example.net,546,Staff happy American,Jones-Barnes Cinemas,2,41.72,2026-07-23,CONFIRMED
131,2939,caseykenneth@example.org,255,War within prevent even,"Miller, Hansen and Salas Cinemas",2,47.76,2026-07-17,CANCELLED
132,4874,caitlynwalton@example.net,361,Day think,Mclaughlin Inc Cinemas,3,35.58,2026-07-23,CONFIRMED
133,989,jennifercooper@example.com,1964,Participant better world,"Mooney, Conley and Fox Cinemas",4,70.32,2026-06-25,CONFIRMED
134,4560,nrodriguez@example.net,12,Tend,Williams-Harmon Cinemas,6,57.96,2026-06-15,CANCELLED
135,4053,zimmermanashley@example.com,536,Study respond,"Davis, Johnson and Williams Cinemas",1,14.16,2026-07-17,CONFIRMED
136,4087,connermelissa@example.net,1617,Deep summer wife,Medina LLC Cinemas,2,48.56,2026-07-23,CONFIRMED
137,1555,troyharris@example.org,750,Generation environment various skin,"Scott, Robertson and Mendez Cinemas",5,77.05,2026-06-28,CONFIRMED
138,3430,amycooper@example.com,974,Chance company,"Wallace, Perkins and Johnson Cinemas",4,86.32,2026-07-02,CONFIRMED
139,2418,pwilliams@example.com,1940,Continue offer anyone,"Marshall, Murray and Miller Cinemas",4,84.72,2026-06-30,CONFIRMED
140,1025,jonesjerry@example.net,1003,Air hold,Reese PLC Cinemas,5,66.5,2026-07-23,CONFIRMED
141,3543,jacob92@example.com,502,Ground general today,"Miranda, Reese and Johnson Cinemas",4,38.32,2026-07-23,CONFIRMED
142,4020,haneycarrie@example.com,1871,Market loss parent,Rodriguez Group Cinemas,1,14.67,2026-07-23,CONFIRMED
143,1241,olivershannon@example.net,557,Mean director,"Payne, Escobar and Barrett Cinemas",1,24.83,2026-07-23,CONFIRMED
144,4147,davidgrant@example.net,453,Minute region argue,"Marquez, Martinez and Bailey Cinemas",5,49.45,2026-07-12,CANCELLED
145,1938,christina67@example.com,1971,Benefit sister,"Freeman, Hall and Allison Cinemas",4,38.16,2026-07-23,CONFIRMED
146,1851,antoniojenkins@example.com,1340,Blue require lot,Clark Inc Cinemas,2,17.5,2026-07-23,CONFIRMED
147,4182,melissa27@example.net,599,Reality,"Herring, Wilson and Mendoza Cinemas",1,23.93,2026-07-08,CONFIRMED
148,3903,stevensbrandi@example.net,1405,Their per poor,Smith Ltd Cinemas,3,50.94,2026-07-23,CONFIRMED
149,2821,rebecca03@example.net,1287,Rock around,"Arnold, Carroll and Gutierrez Cinemas",2,18.48,2026-07-13,CONFIRMED
150,207,padillapatricia@example.org,496,Maybe truth,"Cooper, Watts and Farrell Cinemas",6,82.2,2026-06-19,CONFIRMED
151,2937,yangstanley@example.org,1740,Ground full audience,Dickson-Park Cinemas,2,28.14,2026-07-23,CONFIRMED
152,4522,robert99@example.net,1126,Goal beat,Smith-Gomez Cinemas,4,97.84,2026-07-23,CONFIRMED
153,2703,susan58@example.org,1209,While court,"Moore, Alexander and Reed Cinemas",5,81.3,2026-07-18,CONFIRMED
154,1990,polson@example.org,1331,Federal tend,Rodriguez-Garcia Cinemas,5,80.2,2026-07-23,CONFIRMED
155,3167,elizabethnelson@example.net,43,Nor consider tree,Sullivan PLC Cinemas,6,70.56,2026-06-19,CONFIRMED
156,4036,knightdennis@example.com,180,Huge treatment later,"Hall, Jackson and Johnson Cinemas",1,24.4,2026-07-23,CONFIRMED
157,3254,bwilson@example.com,1735,Special keep very strategy,Long Inc Cinemas,2,39.84,2026-06-27,CANCELLED
158,3548,kimvicki@example.com,1277,Interesting tax,Price-Lee Cinemas,4,90.76,2026-07-23,CANCELLED
159,1043,andrewdavis@example.net,1618,Maintain while,"Howard, Gomez and Owens Cinemas",2,43.92,2026-07-23,CONFIRMED
160,3599,joe89@example.net,738,Magazine painting yard single,Gallagher-Diaz Cinemas,6,117.6,2026-06-26,CONFIRMED
161,897,kevinli@example.net,458,South director,"Burns, Barker and Horton Cinemas",2,42.2,2026-07-21,CONFIRMED
162,402,smarsh@example.com,879,Quality yard,"Martin, Cervantes and Stokes Cinemas",1,21.05,2026-07-23,CONFIRMED
163,4028,emma83@example.net,937,Sing card,"Phelps, Kramer and Shannon Cinemas",4,66.56,2026-06-29,CONFIRMED
164,668,larry40@example.net,1960,Realize,Landry-Hill Cinemas,6,94.32,2026-07-16,CONFIRMED
165,1010,mcneilbrian@example.net,246,Box ten class,Goodwin Inc Cinemas,3,43.17,2026-07-23,CONFIRMED
166,908,teresamiller@example.org,372,Kid manager around,Villarreal and Sons Cinemas,4,66.28,2026-07-23,CANCELLED
167,553,jasonreid@example.net,480,Give yeah,"Chen, Faulkner and Casey Cinemas",5,45.1,2026-07-23,CONFIRMED
168,3483,brandonwillis@example.net,1470,Help analysis view,Orr-Miranda Cinemas,5,100.4,2026-07-16,CONFIRMED
169,395,yatestraci@example.org,1620,Example evening campaign,"Carpenter, Morrow and Smith Cinemas",4,40.48,2026-07-21,CONFIRMED
170,1699,jennifer13@example.org,170,Though though walk,Morton and Sons Cinemas,3,42.18,2026-07-23,CONFIRMED
171,4067,perezelizabeth@example.net,138,Moment professional cup,Todd Group Cinemas,5,66.05,2026-06-22,CONFIRMED
172,4454,john53@example.com,377,Trade market drop mind,Morris-Armstrong Cinemas,4,37.32,2026-07-23,CONFIRMED
173,4468,folson@example.net,1837,Political last,Berger Ltd Cinemas,1,9.35,2026-07-23,CANCELLED
174,4165,darrylmendez@example.com,685,Yeah door,Pham Ltd Cinemas,2,42.0,2026-07-23,CONFIRMED
175,4913,nicholas69@example.org,1462,Toward right,Duke-Schultz Cinemas,2,17.76,2026-07-23,CONFIRMED
176,1397,wwhite@example.com,555,One long low,"Ramsey, Martinez and Sherman Cinemas",4,51.6,2026-07-23,CANCELLED
177,4844,kevinsmith@example.net,1322,Cover others,Hill Inc Cinemas,5,89.9,2026-07-07,CONFIRMED
178,4000,stephanie07@example.org,157,Doctor you,Rodriguez-Miller Cinemas,6,49.98,2026-07-23,CONFIRMED
179,1302,pricerobert@example.org,1233,Charge a,Buchanan LLC Cinemas,6,102.42,2026-07-16,CONFIRMED
180,803,jwerner@example.org,322,Skill like,"Blevins, Delgado and Bennett Cinemas",5,112.5,2026-07-23,CONFIRMED
181,1715,angelica97@example.net,1877,Officer same,Jones-Contreras Cinemas,5,93.85,2026-06-27,CONFIRMED
182,113,brodriguez@example.org,1556,Question notice require,Pena-Bass Cinemas,4,91.92,2026-07-23,CONFIRMED
183,135,cobbmary@example.net,672,Mr if get,Hebert Group Cinemas,2,34.1,2026-07-23,CONFIRMED
184,905,robertmorris@example.org,965,Above girl very,Byrd-Foster Cinemas,6,84.48,2026-07-23,CONFIRMED
185,1715,angelica97@example.net,789,Result discuss standard,Grant-Diaz Cinemas,4,59.84,2026-07-01,CONFIRMED
186,4620,smithalyssa@example.org,494,Democrat,Gibson Ltd Cinemas,2,16.96,2026-07-01,CONFIRMED
187,2333,lowemisty@example.org,337,Oil south different,"Ray, Cunningham and Levine Cinemas",5,84.55,2026-07-13,CONFIRMED
188,3690,ylee@example.net,1996,Important hear power,Gonzalez-Wilson Cinemas,6,104.7,2026-06-24,CONFIRMED
189,1727,meganjohnson@example.org,805,Natural trip compare,Carroll-Snyder Cinemas,4,81.16,2026-07-23,CONFIRMED
190,705,alexander66@example.com,95,Movement cup prepare,Fitzgerald-Scott Cinemas,5,53.3,2026-07-10,CONFIRMED
191,641,isaacbrooks@example.com,466,Could policy,Peterson Group Cinemas,3,69.57,2026-06-29,CONFIRMED
192,3840,baxtervincent@example.com,527,Some our,Rhodes-Holland Cinemas,1,19.08,2026-07-23,CONFIRMED
193,3010,gabriellechavez@example.com,1999,Class if,Reyes Inc Cinemas,6,83.82,2026-07-01,CONFIRMED
194,3442,denise47@example.net,1387,Name family,Gallegos-Turner Cinemas,4,92.48,2026-06-30,CANCELLED
195,3465,kevin40@example.net,879,Quality yard,"Martin, Cervantes and Stokes Cinemas",3,63.15,2026-07-23,CONFIRMED
196,2963,martinezrobert@example.net,316,Friend,"Diaz, Hill and Becker Cinemas",2,41.62,2026-06-12,CONFIRMED
197,3189,paynedominic@example.net,1456,Without thank land,Villarreal-Jackson Cinemas,5,116.4,2026-07-23,CANCELLED
198,168,natalie54@example.org,1307,Ball great,"Thomas, White and Jensen Cinemas",3,38.25,2026-07-23,CANCELLED
199,4655,washingtonrobert@example.net,1796,Learn environment,Turner Inc Cinemas,4,45.92,2026-07-11,CONFIRMED
200,1397,wwhite@example.com,1259,Suggest job,"Carrillo, Henderson and Matthews Cinemas",6,144.84,2026-07-23,CONFIRMED
201,469,reginasingh@example.org,400,Later human should,Andersen and Sons Cinemas,1,16.47,2026-07-20,CONFIRMED
202,4369,perezjonathan@example.net,1404,Expect production,Davis Inc Cinemas,6,105.54,2026-07-23,CONFIRMED
203,3601,james22@example.org,1962,Situation through growth,Mcdonald-Taylor Cinemas,4,33.76,2026-07-23,CONFIRMED
204,3935,jolson@example.org,1977,Certain two,Herrera-Coleman Cinemas,2,26.32,2026-07-12,CANCELLED
205,3568,barry68@example.com,234,Minute impact,Hill Inc Cinemas,3,24.81,2026-07-23,CONFIRMED
206,3489,kristinaallen@example.org,290,Three low,Hoffman PLC Cinemas,6,61.5,2026-07-23,CONFIRMED
207,1437,matthewcrane@example.org,140,Analysis how,Smith-Wilson Cinemas,2,35.92,2026-07-23,CONFIRMED
208,3263,donald07@example.net,1747,Picture nearly,Chandler-Lynch Cinemas,1,13.82,2026-06-26,CANCELLED
209,3831,bryanjackson@example.org,840,Very simply,Johnson-Powers Cinemas,6,124.32,2026-07-23,CONFIRMED
210,3514,spencer54@example.net,923,Movie as,Walker-Holt Cinemas,4,61.36,2026-07-17,CONFIRMED
211,2998,yhenry@example.com,688,Off,"Castro, Garcia and Daniels Cinemas",3,62.22,2026-07-20,CONFIRMED
212,4785,griffithmatthew@example.com,1821,Person data force,Ruiz-Rivera Cinemas,2,16.36,2026-07-23,CONFIRMED
213,1932,gaineserika@example.org,191,Several could thus me,"Rivera, Gomez and Levine Cinemas",1,12.23,2026-06-29,CONFIRMED
214,4311,mirandanancy@example.org,1636,Recent middle music,"Murphy, Lee and Garcia Cinemas",3,41.19,2026-07-23,CONFIRMED
215,3860,alison89@example.net,848,Suddenly lay,Barron-Brown Cinemas,6,136.44,2026-07-23,CONFIRMED
216,1667,hensleybenjamin@example.com,828,Over charge,White-Reese Cinemas,3,38.04,2026-07-21,CONFIRMED
217,4870,kelleybradley@example.net,1923,Small million,"Nguyen, Ellis and Wright Cinemas",2,19.66,2026-07-04,CONFIRMED
218,3675,pittsmary@example.net,1495,Note,"Meyers, Farrell and Miller Cinemas",1,8.9,2026-06-19,CANCELLED
219,3966,daviswilliam@example.org,1076,Future effort,Santos-Wood Cinemas,2,30.88,2026-07-23,CONFIRMED
220,375,david33@example.net,393,Watch,Barr PLC Cinemas,2,47.0,2026-07-23,CONFIRMED
221,3445,sarahmiles@example.org,1402,Top relationship visit,Bean-Evans Cinemas,5,43.25,2026-07-23,CONFIRMED
222,2934,colesheila@example.net,1797,Win out,Prince Inc Cinemas,2,47.26,2026-06-29,CONFIRMED
223,2167,stephaniecook@example.org,258,Bit red,"Moore, Gilmore and Martin Cinemas",1,19.61,2026-07-22,CONFIRMED
224,4603,owatkins@example.net,1384,Firm court majority,Willis LLC Cinemas,1,18.93,2026-06-24,CONFIRMED
225,2214,fconner@example.net,1415,Act indicate conference,"Arnold, Vargas and Ramirez Cinemas",5,80.3,2026-07-23,CONFIRMED
226,4092,paulhatfield@example.org,651,Coach buy owner,"Perry, May and Liu Cinemas",6,108.24,2026-06-20,CONFIRMED
227,3621,phillipsandrea@example.net,1454,Perhaps across specific,"Medina, Miller and Yates Cinemas",5,42.25,2026-07-23,CONFIRMED
228,2691,elizabethgriffin@example.com,1514,Avoid loss,Harris-Wright Cinemas,3,32.52,2026-07-06,CONFIRMED
229,790,stanleyclark@example.org,367,Bar eight,Williams-Smith Cinemas,3,52.53,2026-06-24,CONFIRMED
230,3894,shawkins@example.com,863,Message statement through,Pham Ltd Cinemas,3,62.94,2026-07-13,CONFIRMED
231,1212,thompsonbrandy@example.com,238,Scene understand,Ortiz Ltd Cinemas,1,13.4,2026-07-23,CONFIRMED
232,4085,karina20@example.net,1274,Service know,Berger Ltd Cinemas,4,69.2,2026-07-23,CONFIRMED
233,3313,jhaley@example.org,921,Market consider,Barnett PLC Cinemas,2,33.14,2026-07-23,CONFIRMED
234,4116,vasquezcrystal@example.org,1555,School go,Hall Ltd Cinemas,2,25.48,2026-07-08,CONFIRMED
235,2265,john03@example.com,1511,Movie build green,"Chapman, Ball and Patterson Cinemas",1,12.62,2026-07-23,CONFIRMED
236,1442,kimberly47@example.org,1243,Meeting enter no,Coleman-Long Cinemas,6,124.26,2026-07-13,CONFIRMED
237,2928,john62@example.org,1531,Cultural last action,"Morris, Chavez and Ayala Cinemas",4,60.16,2026-07-10,CONFIRMED
238,999,michael44@example.com,1628,Identify happy push,Flores Ltd Cinemas,2,31.34,2026-07-16,CONFIRMED
239,1878,jessecohen@example.org,524,Nearly score,"Davis, Johnson and Williams Cinemas",1,22.91,2026-07-23,CONFIRMED
240,4438,fdavenport@example.com,168,Husband energy know,Harris PLC Cinemas,1,19.02,2026-07-23,CONFIRMED
241,985,xmack@example.net,1314,Help expect,Grant-Anderson Cinemas,3,30.03,2026-07-23,CONFIRMED
242,204,ekim@example.com,1854,Market break different,"Marshall, Murray and Miller Cinemas",2,41.96,2026-07-23,CONFIRMED
243,4664,april48@example.net,1717,Offer serious,Weaver-Thompson Cinemas,1,23.75,2026-07-23,CONFIRMED
244,3546,michaelfinley@example.org,831,Page,"Jones, Sanchez and Thomas Cinemas",6,71.82,2026-07-15,CANCELLED
245,2536,xhughes@example.net,1942,Party,"Nguyen, Ellis and Wright Cinemas",6,48.84,2026-06-11,CONFIRMED
246,4353,lewisshane@example.org,248,Federal throw,Hall-Washington Cinemas,1,17.66,2026-07-23,CONFIRMED
247,2747,vanessa22@example.net,1276,Share let,Carroll-Morris Cinemas,3,46.68,2026-06-22,CONFIRMED
248,2110,martin00@example.com,332,Her there,"Mckee, Gardner and Davenport Cinemas",1,10.21,2026-06-25,CANCELLED
249,41,stevensmichael@example.org,686,Decide star,Soto-Lopez Cinemas,5,64.7,2026-06-29,CONFIRMED
250,4637,qsanders@example.org,525,Protect official cause,Oconnell-Smith Cinemas,1,9.42,2026-07-23,CONFIRMED
251,1204,davidfarrell@example.com,1095,Couple other,Rojas Inc Cinemas,6,61.8,2026-07-23,CONFIRMED
252,2175,anne76@example.org,1230,Play resource by,"Lewis, Jordan and Young Cinemas",2,19.14,2026-06-14,CONFIRMED
253,284,cruzscott@example.org,1699,Fall anyone along,Anderson Inc Cinemas,6,93.84,2026-07-23,CANCELLED
254,3311,csmith@example.com,1039,Really kitchen,"Anderson, Velazquez and Stewart Cinemas",2,30.0,2026-07-23,CANCELLED
255,2805,urobles@example.net,157,Doctor you,Rodriguez-Miller Cinemas,6,49.98,2026-07-23,CANCELLED
256,2893,bellcole@example.com,612,Rather next develop,Skinner-Mills Cinemas,2,32.96,2026-07-23,CONFIRMED
257,1362,harrisdebra@example.net,1498,Serious,Miller-Young Cinemas,3,35.73,2026-07-23,CONFIRMED
258,4380,justinbennett@example.com,1915,Each bed good friend,"Smith, Beard and Taylor Cinemas",3,67.71,2026-07-23,CONFIRMED
259,4311,mirandanancy@example.org,1263,Down institution,Vaughn Inc Cinemas,3,42.33,2026-07-23,CONFIRMED
260,1414,xfleming@example.org,146,Perform heavy hit,Miller and Sons Cinemas,6,107.64,2026-07-23,CONFIRMED
261,4042,benitezheather@example.com,1893,Ahead democratic listen,Kirk Inc Cinemas,1,23.86,2026-07-10,CONFIRMED
262,3771,ksimpson@example.com,1670,Artist stop,Bird-Trujillo Cinemas,2,31.28,2026-06-13,CONFIRMED
263,3284,jessica25@example.org,1267,Hit adult example,Whitney-Flores Cinemas,2,24.78,2026-07-23,CONFIRMED
264,2448,stevenbarnett@example.com,673,Treat,Jones-Krause Cinemas,2,26.36,2026-07-23,CONFIRMED
265,1664,aliciabenjamin@example.com,641,Happy country ever,"Davis, Wood and Paul Cinemas",1,12.22,2026-07-23,CONFIRMED
266,4263,njohnson@example.com,1018,Also girl,Miranda and Sons Cinemas,2,17.6,2026-07-07,CONFIRMED
267,1530,dana02@example.net,29,Dream experience chair,Garcia LLC Cinemas,1,8.46,2026-06-25,CONFIRMED
268,2264,curtisjohnson@example.net,571,Simply back human,Hoffman and Sons Cinemas,6,139.02,2026-06-15,CONFIRMED
269,1305,taylorjeffrey@example.org,1552,Series thus,Smith Ltd Cinemas,1,22.83,2026-07-22,CONFIRMED
270,4971,margaretwilson@example.org,1627,Mouth himself,"Evans, David and Hendrix Cinemas",5,56.15,2026-07-15,CONFIRMED
271,4833,hughesalexis@example.com,438,Paper fight,Bush-Ayala Cinemas,1,15.88,2026-06-16,CONFIRMED
272,907,cheryl26@example.net,762,Product organization,Johnson Inc Cinemas,4,61.96,2026-07-05,CANCELLED
273,1742,jessica95@example.net,119,Generation main,Acosta and Sons Cinemas,1,10.67,2026-07-23,CONFIRMED
274,3532,jason63@example.org,717,Both hotel,"Wilson, Stewart and Hobbs Cinemas",6,82.32,2026-07-23,CONFIRMED
275,3384,qtaylor@example.org,872,Responsibility,Joseph Inc Cinemas,6,124.74,2026-07-15,CONFIRMED
276,1787,tammy58@example.org,1995,Appear degree far,Smith LLC Cinemas,2,33.94,2026-07-23,CONFIRMED
277,2319,floydjoann@example.com,1887,Entire right,"Scott, Robertson and Mendez Cinemas",3,60.36,2026-07-22,CONFIRMED
278,2820,derrickwalker@example.com,268,Stage similar power,Shaw-Barnes Cinemas,2,23.2,2026-07-23,CONFIRMED
279,2960,warddavid@example.org,1866,Source game,Lyons PLC Cinemas,2,16.68,2026-06-28,CONFIRMED
280,3511,john52@example.net,886,Conference,Mitchell and Sons Cinemas,5,105.55,2026-06-19,CANCELLED
281,2100,kgarcia@example.com,178,Law degree police,"Gibson, Zimmerman and Warren Cinemas",2,16.34,2026-07-23,CONFIRMED
282,1057,rnelson@example.net,659,Risk hospital process,Miller and Sons Cinemas,6,121.08,2026-07-23,CONFIRMED
283,1166,cainroger@example.net,1056,Environmental couple,Buchanan LLC Cinemas,6,102.18,2026-07-08,CONFIRMED
284,2556,francisco65@example.com,1208,Anyone enjoy,"Trevino, Henderson and Gonzalez Cinemas",1,8.48,2026-06-24,CONFIRMED
285,2043,caitlin30@example.com,1814,Various commercial,"Mckee, Gardner and Davenport Cinemas",5,93.1,2026-07-23,CONFIRMED
286,4236,ydavenport@example.net,714,Like moment,Scott-Miller Cinemas,1,23.72,2026-07-10,CONFIRMED
287,4890,ipadilla@example.com,420,Picture popular,"Taylor, Morales and Fuller Cinemas",1,17.66,2026-07-23,CONFIRMED
288,951,mooredavid@example.org,1610,Some add,"Garza, Williams and Walker Cinemas",2,45.38,2026-07-23,CONFIRMED
289,2290,kristinawilliams@example.net,1273,Mouth enough,Knight Group Cinemas,3,73.53,2026-07-08,CONFIRMED
290,4497,matthew26@example.org,1262,Production open,Johnson Inc Cinemas,6,57.24,2026-06-23,CONFIRMED
291,575,garciaanne@example.org,1285,Laugh not since,"Nguyen, Marsh and Beck Cinemas",1,8.84,2026-07-11,CONFIRMED
292,2928,john62@example.org,1749,Career talk,Bradley-Novak Cinemas,1,22.98,2026-07-23,CONFIRMED
293,669,daviladaniel@example.org,1167,Follow perhaps social himself,"Greene, Rogers and Haley Cinemas",6,140.34,2026-07-23,CONFIRMED
294,994,michelle11@example.org,1536,North trade,"Calhoun, Wilson and Oneal Cinemas",1,23.95,2026-07-23,CONFIRMED
295,507,omahoney@example.org,1470,Help analysis view,Orr-Miranda Cinemas,2,40.16,2026-07-19,CONFIRMED
296,3039,valerieyoder@example.net,319,What no,"Porter, Patel and Jackson Cinemas",3,68.67,2026-07-23,CANCELLED
297,4498,ksalazar@example.org,1753,Do leader very,Jordan-Campbell Cinemas,6,104.52,2026-07-23,CONFIRMED
298,221,juanfranklin@example.net,759,Continue serve,Wood-Williams Cinemas,1,18.49,2026-07-23,CONFIRMED
299,684,billyjohnson@example.net,1760,Congress article,Garcia LLC Cinemas,6,107.76,2026-07-23,CANCELLED
300,3324,barrykevin@example.com,1313,Maintain care,White LLC Cinemas,5,109.0,2026-07-23,CONFIRMED
301,1493,reginacarlson@example.net,1336,Air parent,"Russell, Mercer and Patterson Cinemas",1,9.38,2026-07-23,CONFIRMED
302,3184,esmith@example.org,209,Tree allow,Peterson-Mullins Cinemas,3,65.34,2026-06-19,CONFIRMED
303,3126,welchsteven@example.org,1966,Conference,"Marshall, Murray and Miller Cinemas",2,16.2,2026-07-23,CONFIRMED
304,3351,zgibson@example.net,749,Computer maybe,Hall-Mckinney Cinemas,6,130.74,2026-07-08,CONFIRMED
305,1383,garciarichard@example.com,84,Save national can,Wilson-Pierce Cinemas,3,47.76,2026-07-04,CONFIRMED
306,2394,jsmith@example.org,1409,Where,"Nichols, Glover and Knox Cinemas",3,63.33,2026-07-11,CANCELLED
307,1180,danielletucker@example.com,56,Yet discuss relate,"Ho, Little and Leon Cinemas",6,114.24,2026-07-23,CONFIRMED
308,2796,lroberson@example.net,25,Spend animal,"Evans, David and Hendrix Cinemas",6,77.1,2026-07-23,CONFIRMED
309,508,nicolemason@example.com,1722,Candidate door,Elliott Group Cinemas,5,72.65,2026-07-23,CONFIRMED
310,1740,ronald46@example.com,359,Total without,Johnson and Sons Cinemas,4,84.2,2026-07-23,CONFIRMED
311,690,robert07@example.com,1391,Safe once,"Case, Adams and Olson Cinemas",5,90.75,2026-06-25,CONFIRMED
312,2176,saraharper@example.net,919,Admit impact beat each,Roberts Group Cinemas,1,19.56,2026-06-13,CONFIRMED
313,960,kmartinez@example.net,1885,Religious be,Martinez Inc Cinemas,2,49.02,2026-06-22,CANCELLED
314,1796,egarcia@example.com,1654,Foreign,"Nguyen, Marsh and Beck Cinemas",5,48.6,2026-07-23,CONFIRMED
315,3282,benjamin76@example.net,442,Public party trip,"Perez, Hoffman and Tucker Cinemas",4,57.0,2026-07-18,CONFIRMED
316,565,kyle14@example.com,515,Fear everything bad receive,Wright and Sons Cinemas,3,45.54,2026-06-23,CONFIRMED
317,3334,baileyjulia@example.org,1505,Treatment entire purpose,Ayala-Collins Cinemas,6,114.72,2026-06-18,CONFIRMED
318,420,cory21@example.org,1014,Music reason sense list,"Martinez, Roman and Murphy Cinemas",4,80.12,2026-06-25,CONFIRMED
319,4792,cruztodd@example.org,1095,Couple other,Rojas Inc Cinemas,6,61.8,2026-07-23,CONFIRMED
320,1643,dvillarreal@example.net,776,Several could thus me,"Cooper, Watts and Farrell Cinemas",4,43.96,2026-07-23,CONFIRMED
321,2389,gary00@example.org,1141,Lead least,Jones-Taylor Cinemas,3,69.57,2026-07-23,CONFIRMED
322,599,awoodward@example.net,1863,Show give,Ramirez Inc Cinemas,1,13.6,2026-06-28,CONFIRMED
323,776,patricialopez@example.net,141,Offer and,"Hall, Jackson and Johnson Cinemas",1,20.93,2026-07-04,CONFIRMED
324,633,james60@example.org,1034,Real establish,"Hammond, Douglas and Johnson Cinemas",2,23.56,2026-07-04,CONFIRMED
325,2877,jlevy@example.com,1865,On public answer measure,Martin and Sons Cinemas,3,36.15,2026-06-25,CONFIRMED
326,3579,rebecca70@example.net,1096,Democratic beautiful,Johnson-Powers Cinemas,3,64.92,2026-07-23,CANCELLED
327,3764,samuel58@example.org,944,Summer begin,"Levy, Franco and Hoffman Cinemas",5,102.05,2026-07-18,CONFIRMED
328,3448,lucasmerritt@example.org,1195,Media worry grow,Whitehead-Hernandez Cinemas,5,62.6,2026-07-22,CONFIRMED
329,496,isaactorres@example.org,1855,Member help financial,Nunez LLC Cinemas,1,12.88,2026-07-15,CONFIRMED
330,806,davidhaynes@example.com,146,Perform heavy hit,Miller and Sons Cinemas,6,107.64,2026-07-23,CONFIRMED
331,3546,michaelfinley@example.org,18,Thank behind,"Smith, Swanson and Glass Cinemas",5,64.6,2026-07-19,CONFIRMED
332,1179,jill69@example.net,634,Line mother chance,Harris-Jensen Cinemas,3,38.13,2026-07-12,CONFIRMED
333,1526,annettefleming@example.com,1044,Manager sell,"White, Smith and Warner Cinemas",1,15.55,2026-07-19,CONFIRMED
334,206,steinphillip@example.com,1870,Memory,Robinson Group Cinemas,1,20.88,2026-07-19,CONFIRMED
335,1203,andrewbird@example.com,470,Remember identify,Peterson-Mullins Cinemas,5,109.25,2026-07-23,CONFIRMED
336,2049,walterkatherine@example.com,810,Career miss,Shields LLC Cinemas,6,49.08,2026-07-23,CONFIRMED
337,905,robertmorris@example.org,1399,Agreement every,"Martin, Jordan and Edwards Cinemas",2,31.06,2026-06-17,CONFIRMED
338,959,zfranklin@example.org,874,Involve window,"Brown, James and Arroyo Cinemas",6,84.3,2026-07-23,CONFIRMED
339,3094,frazierwendy@example.com,1749,Career talk,Bradley-Novak Cinemas,5,114.9,2026-07-23,CONFIRMED
340,1320,fostervalerie@example.com,974,Chance company,"Wallace, Perkins and Johnson Cinemas",1,21.58,2026-07-07,CONFIRMED
341,3517,vdavila@example.net,1687,Million travel,"Evans, David and Hendrix Cinemas",5,53.65,2026-07-03,CANCELLED
342,1028,kyle94@example.org,275,Other community data,Miller and Sons Cinemas,2,27.68,2026-07-23,CONFIRMED
343,3407,gabriel94@example.org,1647,Despite suddenly draw already,Mclaughlin Inc Cinemas,1,19.67,2026-07-01,CONFIRMED
344,1164,heathercochran@example.com,745,Visit always,"English, Holloway and Jones Cinemas",1,20.16,2026-06-29,CONFIRMED
345,4526,tholt@example.net,790,Speak,"Miller, Hansen and Salas Cinemas",5,70.0,2026-07-23,CONFIRMED
346,1679,jthompson@example.org,1293,Drop,Moran PLC Cinemas,3,35.85,2026-07-23,CANCELLED
347,2361,dustinallen@example.org,1804,Blood information,Williams-Mckenzie Cinemas,1,12.4,2026-07-23,CONFIRMED
348,156,kellyrichmond@example.com,1282,Institution anyone significant,Gallegos-Turner Cinemas,4,64.96,2026-06-23,CONFIRMED
349,2603,richardsjeffrey@example.net,400,Later human should,Andersen and Sons Cinemas,2,32.94,2026-07-18,CONFIRMED
350,4647,curtismiddleton@example.com,226,There,"Frye, Hoffman and Santiago Cinemas",3,51.03,2026-07-23,CONFIRMED
351,3091,derrick85@example.org,809,Summer six deal,"Bennett, Cantu and Kane Cinemas",3,29.76,2026-07-23,CONFIRMED
352,3575,lindsay58@example.net,1943,Community individual box,"Hernandez, Cuevas and Webb Cinemas",5,46.65,2026-07-02,CONFIRMED
353,679,martinezdavid@example.org,36,Weight lead whom,Sanchez-Douglas Cinemas,5,56.25,2026-07-23,CONFIRMED
354,2234,qturner@example.org,1199,Everybody coach,Wyatt Ltd Cinemas,3,30.63,2026-07-23,CONFIRMED
355,1000,boyererika@example.net,1470,Help analysis view,Orr-Miranda Cinemas,5,100.4,2026-07-23,CANCELLED
356,4660,daniel65@example.com,1735,Special keep very strategy,Long Inc Cinemas,6,119.52,2026-07-02,CONFIRMED
357,827,cruzcaitlin@example.com,1438,Whom suffer economy,Riley PLC Cinemas,1,8.39,2026-07-23,CONFIRMED
358,2269,angelafreeman@example.org,1406,Capital consumer own,Hunter Group Cinemas,5,86.55,2026-07-23,CANCELLED
359,1211,zevans@example.com,708,Fall structure woman,"Aguilar, Buckley and Ramirez Cinemas",2,44.36,2026-07-23,CONFIRMED
360,2980,donaldchen@example.com,1143,Most bad,Bradley-Davis Cinemas,6,114.42,2026-07-23,CONFIRMED
361,3277,knoxmark@example.org,38,Officer skin quality,Landry-Hill Cinemas,5,46.55,2026-07-03,CONFIRMED
362,229,wesleycalhoun@example.net,378,Section image school,"Warner, Carr and Archer Cinemas",4,88.68,2026-07-09,CANCELLED
363,4296,tonyaramos@example.com,715,Chair what measure,"Fowler, Jones and Moore Cinemas",4,84.12,2026-06-25,CONFIRMED
364,2049,walterkatherine@example.com,929,Policy include,"Compton, Owens and Decker Cinemas",2,48.28,2026-07-21,CONFIRMED
365,117,mary66@example.net,639,Boy worry medical,Oconnell-Smith Cinemas,1,11.98,2026-07-23,CONFIRMED
366,1991,ewatts@example.org,223,More cultural whatever risk,Benson Inc Cinemas,4,32.56,2026-07-23,CONFIRMED
367,1116,mahoneysarah@example.org,719,Drop avoid before,Wagner-Hernandez Cinemas,5,78.4,2026-06-28,CONFIRMED
368,4532,lisachurch@example.net,972,Less admit involve,"Howard, Brennan and Moore Cinemas",5,114.25,2026-07-23,CONFIRMED
369,1272,ryan56@example.org,1114,Stay help,"Silva, Snyder and Reeves Cinemas",4,70.44,2026-06-25,CONFIRMED
370,2888,ashley99@example.net,369,Enter under,"Black, Collins and Powell Cinemas",3,56.46,2026-07-13,CONFIRMED
371,4709,raymondamanda@example.com,794,Executive situation pattern,Bell-Jordan Cinemas,6,79.92,2026-06-21,CONFIRMED
372,4034,craig57@example.org,784,Baby final,"Bell, Peterson and Price Cinemas",3,72.18,2026-07-04,CONFIRMED
373,477,ernesthoward@example.org,861,Paper somebody,"Sims, Weber and Villa Cinemas",2,48.92,2026-06-19,CONFIRMED
374,4441,joshuarodriguez@example.org,67,Lose animal,Turner Inc Cinemas,6,129.84,2026-07-23,CONFIRMED
375,4936,ywoods@example.com,1099,Dream including resource,"Salazar, Carlson and Hall Cinemas",6,137.94,2026-07-23,CONFIRMED
376,751,wfleming@example.org,332,Her there,"Mckee, Gardner and Davenport Cinemas",1,10.21,2026-06-25,CONFIRMED
377,1802,deanmedina@example.com,1320,Service hope value,Solis-Edwards Cinemas,5,90.8,2026-07-23,CONFIRMED
378,1371,yjohnson@example.net,974,Chance company,"Wallace, Perkins and Johnson Cinemas",3,64.74,2026-07-05,CONFIRMED
379,4716,michael58@example.com,1213,Difference far whether,Woods-Mccarthy Cinemas,2,18.54,2026-06-21,CONFIRMED
380,3452,simmonslaura@example.net,227,People tax amount author,Ortega Group Cinemas,2,29.4,2026-07-23,CONFIRMED
381,4844,kevinsmith@example.net,1316,Late medical moment,Moran PLC Cinemas,1,14.8,2026-07-03,CONFIRMED
382,1408,gduke@example.net,1285,Laugh not since,"Nguyen, Marsh and Beck Cinemas",2,17.68,2026-07-16,CONFIRMED
383,1913,barbara37@example.net,1001,Maintain soldier,Smith and Sons Cinemas,6,139.14,2026-07-23,CONFIRMED
384,1694,oconnorvictoria@example.net,1299,Go face very language,Castro and Sons Cinemas,2,30.32,2026-07-23,CONFIRMED
385,2919,despinoza@example.com,684,Mrs call,Griffin Ltd Cinemas,5,56.6,2026-07-23,CONFIRMED
386,392,ashleywalton@example.com,1177,Right now mean,"Carrillo, Henderson and Matthews Cinemas",3,49.89,2026-07-23,CANCELLED
387,2685,megan48@example.com,1124,Time area source,"Hayes, Sharp and Wilson Cinemas",2,37.98,2026-06-28,CONFIRMED
388,4390,lopezjulia@example.com,1850,Again democratic,Wright Group Cinemas,4,60.72,2026-07-23,CONFIRMED
389,2677,jeanne38@example.com,1224,Else coach,Ochoa-Adams Cinemas,2,23.84,2026-06-17,CONFIRMED
390,407,thomasjohnson@example.net,751,Item issue change,Trevino Group Cinemas,5,93.3,2026-07-23,CONFIRMED
391,3889,nathanpena@example.net,1855,Member help financial,Nunez LLC Cinemas,6,77.28,2026-07-21,CONFIRMED
392,4476,torrestravis@example.org,1654,Foreign,"Nguyen, Marsh and Beck Cinemas",1,9.72,2026-07-23,CONFIRMED
393,4846,rickgarcia@example.org,1670,Artist stop,Bird-Trujillo Cinemas,1,15.64,2026-06-19,CONFIRMED
394,3062,davidhart@example.org,225,Unit soon at,"Sanders, Leblanc and Maldonado Cinemas",3,66.57,2026-07-23,CONFIRMED
395,2996,amandamorrison@example.org,805,Natural trip compare,Carroll-Snyder Cinemas,1,20.29,2026-07-23,CONFIRMED
396,954,david38@example.net,139,Name also,Shaffer-Yates Cinemas,2,16.36,2026-07-23,CANCELLED
397,2902,natalie11@example.org,553,Interest language,Berger Ltd Cinemas,6,131.16,2026-06-15,CONFIRMED
398,2006,april04@example.org,465,Staff because,Wright-Davis Cinemas,3,48.54,2026-07-03,CONFIRMED
399,2611,tina73@example.net,1529,Stock,Carroll-Snyder Cinemas,5,94.4,2026-07-21,CONFIRMED
400,3407,gabriel94@example.org,601,Series contain,"Hendricks, Zuniga and Miller Cinemas",2,45.82,2026-06-11,CONFIRMED
401,524,matthewwalker@example.com,790,Speak,"Miller, Hansen and Salas Cinemas",4,56.0,2026-07-23,CANCELLED
402,4472,marissa67@example.net,1684,Level speak,"Underwood, Bartlett and Russell Cinemas",1,12.69,2026-07-23,CONFIRMED
403,1040,john26@example.com,56,Yet discuss relate,"Ho, Little and Leon Cinemas",2,38.08,2026-07-23,CONFIRMED
404,1621,patrickoliver@example.org,1311,A,"Alvarez, Pierce and Baker Cinemas",2,36.84,2026-07-06,CONFIRMED
405,786,edwardserin@example.net,438,Paper fight,Bush-Ayala Cinemas,4,63.52,2026-06-23,CONFIRMED
406,72,hammondlaura@example.net,670,Per produce lay,Shaffer-Yates Cinemas,5,94.05,2026-06-17,CONFIRMED
407,4982,bennettjenna@example.org,1076,Future effort,Santos-Wood Cinemas,5,77.2,2026-07-23,CONFIRMED
408,1534,williamspamela@example.net,1623,Firm week start,White-Jackson Cinemas,5,107.05,2026-07-13,CONFIRMED
409,4370,william46@example.net,1616,Identify all agreement stop,Haynes-Jackson Cinemas,5,40.95,2026-06-24,CONFIRMED
410,1909,bowenariana@example.com,1645,Shoulder paper,Russell Inc Cinemas,6,97.2,2026-07-23,CANCELLED
411,3535,barry75@example.com,512,Sometimes black movie,Gonzalez Group Cinemas,5,64.1,2026-07-23,CONFIRMED
412,3317,ktate@example.com,1476,Six writer great able,"Stevens, Norris and Smith Cinemas",1,23.64,2026-07-23,CANCELLED
413,4728,reevesnicholas@example.net,983,Entire,Parks Ltd Cinemas,3,25.8,2026-07-23,CONFIRMED
414,1877,russelltammy@example.net,1599,Seven notice,"Herrera, Jensen and Ramirez Cinemas",6,59.82,2026-07-23,CONFIRMED
415,3246,pbrooks@example.net,1001,Maintain soldier,Smith and Sons Cinemas,5,115.95,2026-07-23,CONFIRMED
416,4448,gsmith@example.com,990,Hour this dinner,Davis LLC Cinemas,1,8.73,2026-07-23,CONFIRMED
417,4187,ibrown@example.net,510,Believe,"Smith, Jackson and Porter Cinemas",6,138.9,2026-07-17,CONFIRMED
418,4944,courtney22@example.net,194,Of him draw,"Herrera, Jensen and Ramirez Cinemas",6,88.98,2026-07-23,CONFIRMED
419,935,bobby53@example.net,674,Necessary push,"Elliott, Villarreal and Sosa Cinemas",5,76.8,2026-07-23,CONFIRMED
420,163,ksparks@example.net,1102,Almost home dream,Villarreal-Jackson Cinemas,5,119.75,2026-07-01,CANCELLED
421,3336,tina93@example.com,948,Particular movie,Williams-Mckenzie Cinemas,3,30.24,2026-07-23,CONFIRMED
422,1248,friedmanmichelle@example.com,1388,Evidence protect,"Freeman, Hall and Allison Cinemas",5,56.95,2026-07-21,CONFIRMED
423,283,pdixon@example.org,1423,Or fall forward institution,"Dorsey, Reyes and Dunn Cinemas",1,11.34,2026-07-23,CONFIRMED
424,2370,reginaldgoodman@example.com,287,Front light four,White-Morales Cinemas,1,20.44,2026-07-10,CONFIRMED
425,1641,tbaxter@example.net,1689,Provide right section,"Weiss, Cole and Preston Cinemas",4,48.2,2026-07-23,CONFIRMED
426,2461,kphillips@example.net,1767,Position and scene,Avila LLC Cinemas,3,26.67,2026-07-23,CONFIRMED
427,658,jasonmatthews@example.org,597,Start,Harrell-Hebert Cinemas,2,47.48,2026-07-11,CONFIRMED
428,3457,randall36@example.org,535,Act television,Garcia LLC Cinemas,3,69.03,2026-07-11,CANCELLED
429,4455,staceyparsons@example.org,1622,Different account might,Herrera-Coleman Cinemas,5,61.95,2026-07-23,CONFIRMED
430,3045,carpenterkristen@example.org,628,Front its,Miller-Booker Cinemas,4,93.48,2026-07-15,CONFIRMED
431,3986,broman@example.com,1580,Energy professor,Gibbs Group Cinemas,3,34.14,2026-07-16,CONFIRMED
432,4850,zacharywest@example.com,1861,Summer out,"Marquez, Martinez and Bailey Cinemas",5,112.85,2026-07-06,CONFIRMED
433,4880,cooksean@example.net,76,Structure whom,"James, Howard and Johnson Cinemas",6,84.9,2026-07-20,CONFIRMED
434,3732,kjenkins@example.com,1581,Next coach front expect,Wood-Williams Cinemas,2,38.0,2026-07-23,CANCELLED
435,2804,michelle13@example.com,208,Past degree,Munoz-Stokes Cinemas,5,120.5,2026-06-16,CONFIRMED
436,2836,mikemaddox@example.com,1459,Way former affect network,"Kennedy, Cohen and Pennington Cinemas",3,26.4,2026-07-23,CONFIRMED
437,4215,jparker@example.org,1156,Sound itself,Bell PLC Cinemas,2,22.58,2026-07-05,CANCELLED
438,3502,jbaker@example.org,998,Truth explain,"Cook, Jones and Jones Cinemas",2,47.2,2026-07-23,CONFIRMED
439,1511,ericagarcia@example.org,1057,Movie money contain,"Lawson, Lopez and Myers Cinemas",5,92.05,2026-07-23,CONFIRMED
440,4686,lynchkelsey@example.net,1336,Air parent,"Russell, Mercer and Patterson Cinemas",3,28.14,2026-07-23,CONFIRMED
441,1508,sandraharper@example.org,1202,Pattern reach,"Herring, Wilson and Mendoza Cinemas",1,9.68,2026-07-23,CONFIRMED
442,4125,christophertorres@example.net,1202,Pattern reach,"Herring, Wilson and Mendoza Cinemas",4,38.72,2026-07-23,CONFIRMED
443,3003,stephanie86@example.net,1149,Himself many,"Chen, Faulkner and Casey Cinemas",6,64.74,2026-07-23,CONFIRMED
444,2131,jpadilla@example.net,1875,Dark lot sister,Garcia-Yu Cinemas,3,24.87,2026-07-23,CONFIRMED
445,810,angelatorres@example.org,1153,Hit green long,Avila LLC Cinemas,1,9.85,2026-07-06,CONFIRMED
446,4431,richardhall@example.net,532,Responsibility memory dog,Moyer-Ramirez Cinemas,5,110.85,2026-07-23,CONFIRMED
447,4023,alyssaevans@example.org,130,Idea able,Smith-James Cinemas,5,122.65,2026-06-26,CONFIRMED
448,1500,yatesmadison@example.net,731,Water born,Anderson-Kirk Cinemas,6,123.96,2026-07-23,CONFIRMED
449,1020,edward79@example.com,305,Majority deep,"Marquez, Martinez and Bailey Cinemas",2,16.48,2026-07-23,CANCELLED
450,4766,robert65@example.com,875,Them model city,"Taylor, Morales and Fuller Cinemas",6,93.78,2026-07-23,CONFIRMED
451,4817,james10@example.net,1738,Series rest government,"Black, Collins and Powell Cinemas",5,85.5,2026-07-23,CANCELLED
452,2559,jamestodd@example.com,951,How rest,"Larson, Daniels and James Cinemas",6,119.7,2026-07-09,CONFIRMED
453,1401,umartinez@example.org,1357,Feeling campaign land huge,Anderson Group Cinemas,3,52.35,2026-07-23,CANCELLED
454,1488,vgriffin@example.com,457,Resource kitchen year,Coleman-Long Cinemas,4,79.32,2026-07-23,CONFIRMED
455,908,teresamiller@example.org,1645,Shoulder paper,Russell Inc Cinemas,6,97.2,2026-07-23,CONFIRMED
456,3548,kimvicki@example.com,1181,Standard strategy,"Myers, Gamble and Sanford Cinemas",1,13.76,2026-07-07,CONFIRMED
457,4367,curtis26@example.com,457,Resource kitchen year,Coleman-Long Cinemas,2,39.66,2026-07-23,CONFIRMED
458,3638,josephmatthew@example.com,1545,Without think,Smith-Wilson Cinemas,6,131.52,2026-07-13,CONFIRMED
459,964,katherinepearson@example.net,739,Environmental reflect,Flores Ltd Cinemas,2,45.86,2026-07-23,CONFIRMED
460,3353,melissamoore@example.org,462,Everyone research,Thomas-Stevens Cinemas,6,136.68,2026-06-24,CANCELLED
461,4681,griffinmary@example.net,1710,Employee,Ortega Group Cinemas,1,13.08,2026-07-23,CONFIRMED
462,1465,simsdawn@example.org,676,Suffer politics,"Thompson, Harper and Welch Cinemas",5,91.2,2026-07-05,CONFIRMED
463,507,omahoney@example.org,1962,Situation through growth,Mcdonald-Taylor Cinemas,4,33.76,2026-07-23,CONFIRMED
464,1939,john90@example.org,1995,Appear degree far,Smith LLC Cinemas,2,33.94,2026-07-23,CONFIRMED
465,566,kathyfowler@example.com,1801,Answer reveal way few,Garner LLC Cinemas,5,89.05,2026-07-23,CONFIRMED
466,4147,davidgrant@example.net,25,Spend animal,"Evans, David and Hendrix Cinemas",1,12.85,2026-07-23,CONFIRMED
467,4362,craig32@example.org,1254,Try think,Smith-Jones Cinemas,6,146.58,2026-07-23,CONFIRMED
468,2498,freynicole@example.org,1352,Hard budget,"Chen, Faulkner and Casey Cinemas",4,35.32,2026-06-25,CONFIRMED
469,4629,dianesingh@example.org,1822,Can newspaper water,"Gonzalez, Santos and Gardner Cinemas",4,68.28,2026-07-13,CANCELLED
470,4996,glarson@example.net,1878,Central challenge trouble,Newton PLC Cinemas,3,53.4,2026-07-18,CONFIRMED
471,4182,melissa27@example.net,195,Perform home million,Huynh PLC Cinemas,2,36.5,2026-07-23,CONFIRMED
472,3204,marcrobbins@example.org,890,Run all support,"Henderson, Alexander and Galvan Cinemas",6,142.86,2026-07-23,CONFIRMED
473,120,bethany36@example.com,1967,Generation box report,Curry-Allen Cinemas,2,16.68,2026-06-25,CANCELLED
474,2601,zthompson@example.com,460,Door give hair,"James, Howard and Johnson Cinemas",6,141.24,2026-07-23,CONFIRMED
475,446,jchase@example.com,604,Back accept professor,"Payne, Escobar and Barrett Cinemas",5,86.55,2026-06-10,CONFIRMED
476,3898,joyceobrien@example.net,75,Sometimes charge,"Thomas, White and Jensen Cinemas",1,10.33,2026-07-23,CONFIRMED
477,3901,jodihunt@example.net,91,Walk effort,"Williams, Newman and Jones Cinemas",4,66.4,2026-07-06,CONFIRMED
478,4223,michael41@example.net,1113,Key fire set,"Phillips, Walters and Evans Cinemas",6,96.24,2026-07-20,CANCELLED
479,4279,johnsonraven@example.net,390,Style stop really lead,"Short, Brooks and Lang Cinemas",5,73.5,2026-06-15,CANCELLED
480,18,rachelcastillo@example.com,1704,Contain mission career,"Miller, Hansen and Salas Cinemas",6,127.44,2026-07-23,CONFIRMED
481,3898,joyceobrien@example.net,1795,Front trouble adult,"Robinson, Jones and Welch Cinemas",2,25.88,2026-07-05,CONFIRMED
482,2123,wilsonadam@example.org,1756,Green baby,"Brown, James and Arroyo Cinemas",1,12.15,2026-07-23,CANCELLED
483,4627,zlove@example.org,1422,Policy,"Boyd, Ellis and Maynard Cinemas",4,72.52,2026-07-23,CONFIRMED
484,2604,harold72@example.org,190,Choose power customer,Burns-Nguyen Cinemas,4,76.92,2026-07-23,CONFIRMED
485,409,derrick63@example.com,1585,Think national,Cook PLC Cinemas,1,20.62,2026-07-23,CONFIRMED
486,594,fflowers@example.com,1053,Old strategy,"Moore, Gilmore and Martin Cinemas",5,45.65,2026-07-23,CONFIRMED
487,1112,hollycruz@example.org,497,Moment,Jordan-Campbell Cinemas,3,42.24,2026-07-23,CANCELLED
488,48,brianobrien@example.net,1685,Indicate however,Moore Group Cinemas,6,87.6,2026-06-30,CONFIRMED
489,1591,cliffordprice@example.org,788,Theory sure,Castro and Sons Cinemas,6,137.58,2026-07-23,CONFIRMED
490,3862,francisco41@example.org,606,International live whole,"Blevins, Delgado and Bennett Cinemas",6,80.88,2026-07-23,CONFIRMED
491,717,vincent74@example.org,1540,Measure bill whatever,"Taylor, Williams and Hall Cinemas",5,53.25,2026-07-23,CONFIRMED
492,246,sullivanjoshua@example.net,73,Why citizen,Obrien and Sons Cinemas,2,43.98,2026-07-23,CONFIRMED
493,896,erica06@example.com,892,Hundred hair,"Fisher, Payne and Thompson Cinemas",1,12.67,2026-07-19,CONFIRMED
494,1240,whiterobert@example.com,382,Certain cell,Walker-Holt Cinemas,3,69.48,2026-07-21,CONFIRMED
495,4184,matthewleonard@example.net,1547,Trial too,Robertson-Hays Cinemas,4,92.6,2026-07-23,CONFIRMED
496,4667,maldonadojuan@example.com,1247,Ago man ground consider,Brown Inc Cinemas,2,49.46,2026-06-14,CONFIRMED
497,4607,nedwards@example.org,1235,Industry clearly trade,"Walker, Turner and Brown Cinemas",3,38.16,2026-06-15,CONFIRMED
498,1770,lawsoncalvin@example.com,556,Pretty least,Morris-Armstrong Cinemas,3,74.64,2026-07-01,CONFIRMED
499,4638,bellchristopher@example.net,518,Like pull,"Garcia, Perez and Oliver Cinemas",1,16.28,2026-07-23,CONFIRMED
500,1511,ericagarcia@example.org,828,Over charge,White-Reese Cinemas,3,38.04,2026-07-21,CONFIRMED
501,2919,despinoza@example.com,1708,Nothing wonder career,Davis PLC Cinemas,4,87.4,2026-06-18,CONFIRMED
502,3729,cynthia88@example.org,1227,Owner institution team,Ibarra Ltd Cinemas,1,13.69,2026-07-23,CONFIRMED
503,4427,steven20@example.com,541,Always way,Norris Inc Cinemas,1,10.18,2026-06-19,CONFIRMED
504,3308,hayleylopez@example.org,1,Series career agree,"Munoz, Krueger and Solomon Cinemas",4,96.92,2026-07-06,CONFIRMED
505,15,brownjoanna@example.org,1512,Inside government general,"Gonzalez, Santos and Gardner Cinemas",4,69.36,2026-07-23,CONFIRMED
506,53,stanleymcdowell@example.com,1845,Better government well,Allen-Peterson Cinemas,5,93.6,2026-07-02,CONFIRMED
507,2272,millsanthony@example.net,1088,Its thousand not,"Boyd, Ellis and Maynard Cinemas",2,20.52,2026-07-23,CANCELLED
508,602,pparker@example.com,1238,Campaign wall,"Ho, Little and Leon Cinemas",1,16.5,2026-06-30,CONFIRMED
509,3881,mscott@example.org,1879,Word draw card,Reyes Inc Cinemas,3,44.34,2026-07-13,CONFIRMED
510,239,holly32@example.net,1891,Voice themselves most,Harper-Johnson Cinemas,1,18.87,2026-07-23,CONFIRMED
511,175,hurstmichael@example.org,1138,Cultural detail talk,"Stevens, Howell and Mitchell Cinemas",6,83.82,2026-07-19,CONFIRMED
512,2347,nheath@example.org,1608,Painting foot card,Lynch LLC Cinemas,4,55.44,2026-07-03,CANCELLED
513,697,wendy00@example.com,6,Heavy board,Davenport-Reynolds Cinemas,3,29.76,2026-06-26,CONFIRMED
514,2284,russellelizabeth@example.org,279,Amount attorney room,Rodriguez-Hernandez Cinemas,3,33.48,2026-07-23,CONFIRMED
515,3370,ernest98@example.org,1649,Year occur,"Henson, Jones and Sanders Cinemas",4,70.08,2026-07-23,CONFIRMED
516,2014,sherrymonroe@example.org,18,Thank behind,"Smith, Swanson and Glass Cinemas",4,51.68,2026-07-16,CONFIRMED
517,3423,lbates@example.com,910,Show follow floor,Ibarra Ltd Cinemas,2,44.42,2026-06-19,CONFIRMED
518,4653,nathansandoval@example.net,399,Ever yet,Walker PLC Cinemas,1,20.1,2026-07-23,CONFIRMED
519,420,cory21@example.org,1760,Congress article,Garcia LLC Cinemas,4,71.84,2026-07-23,CONFIRMED
520,3427,tonyamorris@example.net,1792,Can western,Jones-Barnes Cinemas,6,110.16,2026-06-15,CONFIRMED
521,1435,cameronramos@example.org,1084,Nation return smile,"Caldwell, Cross and Russell Cinemas",4,77.4,2026-07-08,CONFIRMED
522,1116,mahoneysarah@example.org,1734,Have pressure service,"Harrington, Johnson and Jones Cinemas",6,99.06,2026-07-09,CONFIRMED
523,405,nicole16@example.org,1711,Provide PM agent,Bauer PLC Cinemas,1,9.1,2026-07-21,CONFIRMED
524,2875,colematthew@example.com,1618,Maintain while,"Howard, Gomez and Owens Cinemas",4,87.84,2026-07-23,CONFIRMED
525,3531,nancy37@example.net,1041,Star clearly,Joseph Inc Cinemas,3,66.72,2026-07-19,CONFIRMED
526,1562,richardperez@example.org,588,For true we,Wright and Sons Cinemas,3,31.95,2026-07-23,CONFIRMED
527,1316,slong@example.net,470,Remember identify,Peterson-Mullins Cinemas,5,109.25,2026-07-23,CONFIRMED
528,3116,nmoore@example.net,820,Parent,Fowler Group Cinemas,6,142.56,2026-07-23,CONFIRMED
529,3435,johnhanson@example.com,1001,Maintain soldier,Smith and Sons Cinemas,5,115.95,2026-07-23,CONFIRMED
530,2468,georgeblair@example.com,1658,Laugh across,Anderson-Silva Cinemas,5,118.5,2026-07-02,CONFIRMED
531,4997,guzmancarl@example.com,1564,High trial if,"Good, Brewer and Fisher Cinemas",5,74.6,2026-07-20,CONFIRMED
532,2587,davidrasmussen@example.net,468,Bit they pick,Hale-Durham Cinemas,3,45.84,2026-06-22,CONFIRMED
533,83,brenda83@example.org,1870,Memory,Robinson Group Cinemas,2,41.76,2026-07-15,CONFIRMED
534,451,davisjennifer@example.org,747,Family woman,"Moore, Alexander and Reed Cinemas",3,40.59,2026-07-23,CANCELLED
535,769,kelsey67@example.com,1035,Staff agency,"Turner, Ponce and Barrett Cinemas",3,56.43,2026-07-20,CONFIRMED
536,1071,kfigueroa@example.org,1188,More explain offer,Thompson-Reyes Cinemas,4,82.6,2026-07-23,CANCELLED
537,1018,wbailey@example.net,1848,Year newspaper,Stafford Ltd Cinemas,2,16.18,2026-06-29,CANCELLED
538,1124,troy08@example.net,451,Rise organization,"Taylor, Williams and Hall Cinemas",4,86.36,2026-07-04,CANCELLED
539,3542,stephaniewashington@example.org,1616,Identify all agreement stop,Haynes-Jackson Cinemas,4,32.76,2026-06-25,CONFIRMED
540,638,nathan38@example.net,1689,Provide right section,"Weiss, Cole and Preston Cinemas",3,36.15,2026-07-23,CONFIRMED
541,110,carolhenderson@example.net,1319,Option provide fly,Newman-Brown Cinemas,4,66.08,2026-07-23,CONFIRMED
542,2020,jortiz@example.net,1686,Course matter network,Costa-Johnston Cinemas,2,35.22,2026-07-23,CANCELLED
543,4953,ryanshannon@example.org,1088,Its thousand not,"Boyd, Ellis and Maynard Cinemas",1,10.26,2026-07-23,CONFIRMED
544,3745,danielgood@example.net,924,Through,Moore-Harrington Cinemas,6,100.38,2026-07-23,CONFIRMED
545,2810,diamond43@example.net,1937,Whole evening large,Gallagher-Diaz Cinemas,2,34.54,2026-07-23,CONFIRMED
546,3304,kathy76@example.com,36,Weight lead whom,Sanchez-Douglas Cinemas,3,33.75,2026-07-23,CONFIRMED
547,487,herringgerald@example.org,780,She foot,"Davis, Johnson and Williams Cinemas",2,21.26,2026-07-23,CONFIRMED
548,3953,stephanie78@example.org,1103,Long chance,"Chan, Hart and Schmidt Cinemas",2,40.92,2026-07-23,CONFIRMED
549,3154,frazierannette@example.com,1174,Theory discover,Davis Group Cinemas,5,103.25,2026-07-23,CONFIRMED
550,1833,moralesmarcus@example.net,480,Give yeah,"Chen, Faulkner and Casey Cinemas",4,36.08,2026-07-23,CONFIRMED
551,1133,bridgetthomas@example.net,1749,Career talk,Bradley-Novak Cinemas,2,45.96,2026-07-23,CONFIRMED
552,3705,aaron37@example.com,711,Smile recognize section,Thomas Group Cinemas,4,77.32,2026-07-23,CONFIRMED
553,3793,amandamcmillan@example.net,1729,Whether manager,"Patel, Palmer and Jones Cinemas",3,35.49,2026-06-27,CONFIRMED
554,190,lpage@example.com,880,Head effect friend,Moore Group Cinemas,2,24.44,2026-07-23,CONFIRMED
555,455,sarawilliams@example.com,597,Start,Harrell-Hebert Cinemas,4,94.96,2026-07-12,CONFIRMED
556,1088,afitzpatrick@example.org,1764,Car education,"Webb, Thompson and Moore Cinemas",3,37.8,2026-07-23,CONFIRMED
557,1675,yangjennifer@example.com,1024,Value process,Orr-Miranda Cinemas,5,115.55,2026-07-23,CANCELLED
558,1609,mary19@example.org,1847,Material everything interest,"Friedman, Wood and Cox Cinemas",5,122.1,2026-07-23,CONFIRMED
559,2858,robertmoore@example.org,846,Science order share son,Miller Group Cinemas,2,40.66,2026-07-23,CONFIRMED
560,3025,benjaminmcguire@example.org,916,Trip blue,"Compton, Owens and Decker Cinemas",5,85.2,2026-07-23,CONFIRMED
561,2202,qmercado@example.com,1879,Word draw card,Reyes Inc Cinemas,2,29.56,2026-07-14,CONFIRMED
562,324,kristiwade@example.net,25,Spend animal,"Evans, David and Hendrix Cinemas",3,38.55,2026-07-23,CONFIRMED
563,1748,ukelly@example.org,1275,Movement car as responsibility,Bradley-Novak Cinemas,2,24.46,2026-07-14,CONFIRMED
564,3627,barrettadriana@example.com,684,Mrs call,Griffin Ltd Cinemas,5,56.6,2026-07-23,CONFIRMED
565,3239,james42@example.org,936,Traditional one,Mcclain Inc Cinemas,1,12.58,2026-07-23,CONFIRMED
566,4695,kennedyevan@example.com,1833,Within himself,Norris Inc Cinemas,6,120.72,2026-06-29,CONFIRMED
567,2904,johntravis@example.org,623,Fire door risk home,Mills and Sons Cinemas,2,41.2,2026-07-23,CONFIRMED
568,3968,richardsonmark@example.org,1461,Music oil among population,Lynch LLC Cinemas,5,89.6,2026-07-03,CONFIRMED
569,4113,alexander51@example.org,1912,Program girl section,Johnson and Sons Cinemas,1,12.37,2026-06-25,CONFIRMED
570,3955,rebecca55@example.com,1296,Treatment senior,Valdez-Jacobs Cinemas,1,16.86,2026-07-23,CONFIRMED
571,3506,timothy75@example.org,536,Study respond,"Davis, Johnson and Williams Cinemas",1,14.16,2026-07-15,CONFIRMED
572,80,sean69@example.com,581,Program out these,"Medina, Lee and Freeman Cinemas",1,10.78,2026-07-17,CONFIRMED
573,2515,contrerasdavid@example.net,446,Medical scientist,Andrews-Aguirre Cinemas,3,70.83,2026-06-28,CONFIRMED
574,2338,montgomerypamela@example.com,1140,Bad opportunity week,Buchanan LLC Cinemas,3,30.51,2026-06-29,CONFIRMED
575,4670,vnguyen@example.com,404,Rule small TV,Villa Group Cinemas,3,36.84,2026-07-23,CONFIRMED
576,2707,turnerlinda@example.net,206,Institution road PM,Brown-Ross Cinemas,2,26.64,2026-07-23,CONFIRMED
577,2189,hardincarlos@example.com,492,Shake month,Bradley-Novak Cinemas,4,49.24,2026-06-29,CONFIRMED
578,2728,christinasmith@example.org,569,President wind,Peterson-Wagner Cinemas,6,103.68,2026-06-23,CONFIRMED
579,3403,spencerjoshua@example.org,1435,But star sense,Kim-George Cinemas,5,89.7,2026-07-19,CANCELLED
580,4168,ashleybrown@example.com,275,Other community data,Miller and Sons Cinemas,4,55.36,2026-07-23,CONFIRMED
581,1630,brennanmichelle@example.com,834,Suggest drug born,"Jones, Abbott and Pope Cinemas",5,97.95,2026-07-01,CONFIRMED
582,1362,harrisdebra@example.net,1041,Star clearly,Joseph Inc Cinemas,2,44.48,2026-07-18,CONFIRMED
583,2947,qsandoval@example.net,347,Minute season political,Ward-Chase Cinemas,1,15.94,2026-07-03,CONFIRMED
584,2993,mirandajoshua@example.org,65,Far these,Sellers LLC Cinemas,2,27.12,2026-07-13,CONFIRMED
585,3071,melissa29@example.com,863,Message statement through,Pham Ltd Cinemas,5,104.9,2026-07-20,CONFIRMED
586,4257,james42@example.net,230,They street month current,Elliott Group Cinemas,4,93.48,2026-07-04,CONFIRMED
587,1123,dcurry@example.net,1925,Recent fire,"Walker, Turner and Brown Cinemas",6,114.18,2026-07-23,CONFIRMED
588,473,rcannon@example.com,1766,Deep story,"Li, Jensen and Vazquez Cinemas",6,70.14,2026-07-23,CONFIRMED
589,2973,justin49@example.com,1879,Word draw card,Reyes Inc Cinemas,3,44.34,2026-07-01,CANCELLED
590,379,jason06@example.org,1493,Move fill another,"Li, Jensen and Vazquez Cinemas",6,79.68,2026-07-18,CONFIRMED
591,258,samantha54@example.net,1034,Real establish,"Hammond, Douglas and Johnson Cinemas",6,70.68,2026-07-08,CONFIRMED
592,3348,rsanchez@example.net,89,Former east,"Mckee, Gardner and Davenport Cinemas",3,74.55,2026-06-25,CONFIRMED
593,2942,eduardo62@example.com,876,Environment use second,Ryan-West Cinemas,2,39.38,2026-07-23,CONFIRMED
594,2488,williambrown@example.net,1971,Benefit sister,"Freeman, Hall and Allison Cinemas",5,47.7,2026-07-23,CONFIRMED
595,2529,donald41@example.com,645,Effort exactly,"Mcdonald, Lee and Rodriguez Cinemas",1,20.2,2026-07-04,CONFIRMED
596,4013,mallory90@example.org,1464,Himself or great,"Bennett, Williams and Klein Cinemas",6,137.76,2026-07-23,CONFIRMED
597,1328,mitchellkimberly@example.net,1256,Body whom,"Mcdonald, Lee and Rodriguez Cinemas",5,78.75,2026-07-23,CONFIRMED
598,729,ericksonbrent@example.net,1223,Compare well,Hill-Guerra Cinemas,5,109.15,2026-06-24,CONFIRMED
599,2277,bradleymiller@example.org,1873,Agency in,Hernandez Inc Cinemas,1,21.29,2026-07-23,CONFIRMED
600,853,sfoster@example.com,852,Mind discuss too,"White, Burch and Reynolds Cinemas",6,53.82,2026-07-23,CONFIRMED
601,1477,jrios@example.net,1078,Themselves both,Marshall and Sons Cinemas,4,87.84,2026-07-23,CANCELLED
602,3389,eward@example.org,426,Actually look total,Romero PLC Cinemas,5,102.0,2026-07-23,CONFIRMED
603,1018,wbailey@example.net,1037,Total sort,"Andrade, Gordon and Cruz Cinemas",4,70.24,2026-07-04,CONFIRMED
604,2037,kbuchanan@example.com,57,Difficult worry often image,Wilson-Pierce Cinemas,2,44.32,2026-07-23,CONFIRMED
605,701,bakerricky@example.org,342,Policy throughout,Mcmahon PLC Cinemas,5,99.5,2026-06-24,CONFIRMED
606,1147,jessebeltran@example.net,1125,Similar million have,Diaz and Sons Cinemas,5,79.9,2026-07-07,CONFIRMED
607,1855,qmarshall@example.com,1797,Win out,Prince Inc Cinemas,3,70.89,2026-06-24,CONFIRMED
608,1541,lcurry@example.net,1507,Attorney face,Smith Ltd Cinemas,1,13.76,2026-06-26,CONFIRMED
609,857,johnhines@example.net,496,Maybe truth,"Cooper, Watts and Farrell Cinemas",3,41.1,2026-06-26,CONFIRMED
610,3181,melissa83@example.com,1079,Participant foreign major you,Anderson Group Cinemas,1,8.81,2026-06-25,CANCELLED
611,263,kimbradley@example.com,537,Yeah now fish,Herrera LLC Cinemas,2,26.96,2026-07-17,CONFIRMED
612,838,ericdavis@example.net,993,Read girl,Valdez-Jacobs Cinemas,6,127.92,2026-07-23,CONFIRMED
613,3196,ryanhall@example.org,154,Remain method,"White, Burch and Reynolds Cinemas",5,99.9,2026-06-15,CONFIRMED
614,4287,maryramirez@example.org,521,Similar collection kind,Richards Group Cinemas,3,74.94,2026-07-23,CONFIRMED
615,3805,umoore@example.com,649,Thank meeting war,"Duarte, Lee and Matthews Cinemas",3,26.25,2026-06-27,CONFIRMED
616,463,gibsonbrandon@example.com,1319,Option provide fly,Newman-Brown Cinemas,1,16.52,2026-07-23,CONFIRMED
617,2819,kellyrichardson@example.com,423,Create,Ruiz-Rivera Cinemas,1,10.74,2026-07-23,CONFIRMED
618,3959,hughestimothy@example.net,1465,Born dream,"Compton, Owens and Decker Cinemas",4,76.44,2026-06-19,CONFIRMED
619,3917,malikgarcia@example.net,754,Later,Johnson-Alvarez Cinemas,1,11.7,2026-07-21,CONFIRMED
620,2627,baileymeagan@example.net,1308,Staff,"Boyd, Ellis and Maynard Cinemas",4,91.52,2026-07-23,CONFIRMED
621,128,moraleskimberly@example.net,798,Lay same,Owens-Lang Cinemas,5,46.5,2026-07-23,CANCELLED
622,3098,jbarker@example.org,1062,Too responsibility,"Anderson, Velazquez and Stewart Cinemas",2,46.54,2026-07-23,CANCELLED
623,1093,anthonyfranklin@example.com,797,Idea gun during,Harrison-Leach Cinemas,1,17.9,2026-07-23,CANCELLED
624,363,barbarawelch@example.com,477,Point vote want,Nguyen-Castro Cinemas,3,45.06,2026-07-23,CONFIRMED
625,1514,richarddiaz@example.net,1768,Hour trial speech,Anderson-Silva Cinemas,4,82.84,2026-07-23,CONFIRMED
626,1128,dannywelch@example.net,1597,Goal hard north,Jackson Ltd Cinemas,4,51.28,2026-07-23,CONFIRMED
627,3693,leah96@example.com,656,Others son,"Carpenter, Morrow and Smith Cinemas",4,73.36,2026-07-23,CANCELLED
628,1111,hcarter@example.org,1230,Play resource by,"Lewis, Jordan and Young Cinemas",2,19.14,2026-06-23,CONFIRMED
629,4828,gwendolyndennis@example.com,1166,Believe dark,"Garza, Williams and Walker Cinemas",4,73.52,2026-06-24,CONFIRMED
630,1105,amanda75@example.net,1424,Natural here short,Jones-Taylor Cinemas,5,122.05,2026-06-18,CONFIRMED
631,14,martinezcatherine@example.net,321,Reality guess sister,"Brown, Armstrong and Johnson Cinemas",2,31.94,2026-07-23,CONFIRMED
632,68,jensenrebecca@example.com,670,Per produce lay,Shaffer-Yates Cinemas,1,18.81,2026-06-26,CONFIRMED
633,240,michellejenkins@example.org,1214,Until store,"Flowers, Morgan and Barnes Cinemas",3,44.82,2026-07-14,CANCELLED
634,2989,snydermorgan@example.net,1395,Section half,"Cruz, Fowler and Haynes Cinemas",1,24.25,2026-06-25,CONFIRMED
635,3913,jeremy09@example.com,1172,Under especially,"Wells, Anderson and Rodriguez Cinemas",4,37.24,2026-07-19,CONFIRMED
636,2143,darrenharris@example.com,1001,Maintain soldier,Smith and Sons Cinemas,4,92.76,2026-07-23,CONFIRMED
637,1453,hudsongwendolyn@example.com,823,Middle rule account,"Dickson, Barnett and Meyer Cinemas",3,25.29,2026-07-12,CANCELLED
638,4714,jasonwaters@example.com,1768,Hour trial speech,Anderson-Silva Cinemas,1,20.71,2026-07-23,CANCELLED
639,3499,rose86@example.com,1458,Sure voice on,Gibson-Thomas Cinemas,2,35.7,2026-07-23,CONFIRMED
640,2317,steven08@example.net,1447,Describe apply up,Fleming Ltd Cinemas,6,58.08,2026-07-20,CONFIRMED
641,945,wthompson@example.com,737,Card source probably glass,Stewart-Lee Cinemas,1,11.22,2026-07-23,CONFIRMED
642,3,poncelisa@example.com,975,Animal manager accept eight,Rodriguez Group Cinemas,5,100.8,2026-07-23,CONFIRMED
643,4828,gwendolyndennis@example.com,1023,Pattern challenge soldier send,Garrett-Stout Cinemas,3,43.77,2026-07-12,CONFIRMED
644,3184,esmith@example.org,564,South information,"Chen, Faulkner and Casey Cinemas",1,18.9,2026-07-22,CONFIRMED
645,4853,rlarsen@example.net,889,Their parent alone,Barnett PLC Cinemas,6,123.12,2026-07-23,CONFIRMED
646,2337,pmiller@example.org,1949,Degree moment recently,Brown and Sons Cinemas,4,75.32,2026-06-21,CONFIRMED
647,542,xgarcia@example.net,938,Sing successful thus sometimes,Hall Ltd Cinemas,1,9.82,2026-07-23,CONFIRMED
648,4611,yballard@example.net,511,Wait,Wagner-Hernandez Cinemas,6,73.8,2026-07-23,CONFIRMED
649,1456,taylormatthew@example.com,1884,Method station study,"Salazar, Miller and Arnold Cinemas",6,138.54,2026-07-05,CONFIRMED
650,2930,johnathan63@example.net,203,According event change,Stafford Ltd Cinemas,2,18.84,2026-07-23,CONFIRMED
651,1385,mooresteven@example.net,1951,New including product,"Yang, Willis and Walker Cinemas",4,73.08,2026-07-23,CONFIRMED
652,152,johncasey@example.com,1996,Important hear power,Gonzalez-Wilson Cinemas,4,69.8,2026-06-22,CONFIRMED
653,1241,olivershannon@example.net,1076,Future effort,Santos-Wood Cinemas,6,92.64,2026-07-23,CONFIRMED
654,3295,jamesmcclure@example.org,1903,Staff,Carroll-Snyder Cinemas,3,63.42,2026-06-23,CONFIRMED
655,69,yrichardson@example.com,995,Him somebody professional,Miller LLC Cinemas,2,35.8,2026-06-20,CONFIRMED
656,1752,marymiller@example.net,1672,Career just,"Ray, Cunningham and Levine Cinemas",2,36.98,2026-07-10,CONFIRMED
657,487,herringgerald@example.org,1281,Throw discover recognize,Medina LLC Cinemas,6,101.52,2026-07-06,CONFIRMED
658,3382,christopher70@example.com,1781,Economy material,Moore-Bright Cinemas,5,87.85,2026-06-21,CANCELLED
659,2324,laurenrios@example.org,277,Artist,"Cooke, Meadows and Robles Cinemas",4,40.36,2026-07-21,CONFIRMED
660,4846,rickgarcia@example.org,773,Toward others,"Henry, Edwards and Bartlett Cinemas",6,82.02,2026-07-18,CONFIRMED
661,4091,wliu@example.net,652,Candidate my amount,"Compton, Owens and Decker Cinemas",5,114.95,2026-07-09,CANCELLED
662,999,michael44@example.com,996,Conference paper nearly,Myers Ltd Cinemas,5,81.9,2026-07-23,CONFIRMED
663,4516,breanna94@example.net,645,Effort exactly,"Mcdonald, Lee and Rodriguez Cinemas",2,40.4,2026-07-02,CONFIRMED
664,4779,kleinjesus@example.org,1509,Join create unit,Bradley-Novak Cinemas,1,12.48,2026-06-21,CONFIRMED
665,4786,burnssarah@example.org,451,Rise organization,"Taylor, Williams and Hall Cinemas",1,21.59,2026-06-25,CANCELLED
666,2442,feliciachen@example.net,1680,Common half,Ward-Blake Cinemas,4,56.92,2026-07-23,CANCELLED
667,3904,jasonsosa@example.org,1324,Join threat most,"Bray, Nicholson and Walker Cinemas",6,130.56,2026-06-26,CONFIRMED
668,3555,wendy47@example.org,323,Will media figure,Jones-Barnes Cinemas,1,16.86,2026-07-05,CONFIRMED
669,4560,nrodriguez@example.net,896,Go exactly seem,Johnson-Nelson Cinemas,2,32.8,2026-06-24,CONFIRMED
670,13,jasminemorton@example.org,390,Style stop really lead,"Short, Brooks and Lang Cinemas",5,73.5,2026-06-22,CONFIRMED
671,2350,jefferymurray@example.org,724,Reason rock bit,"Foster, Smith and Grimes Cinemas",1,18.91,2026-06-26,CONFIRMED
672,453,gblair@example.com,809,Summer six deal,"Bennett, Cantu and Kane Cinemas",6,59.52,2026-07-23,CONFIRMED
673,4049,clarkpatrick@example.com,698,Run general bill,"Scott, Bartlett and Sloan Cinemas",1,19.1,2026-06-17,CONFIRMED
674,4731,thomas93@example.net,116,Parent strategy not,Hernandez Inc Cinemas,2,26.82,2026-07-14,CONFIRMED
675,3102,medwards@example.net,1287,Rock around,"Arnold, Carroll and Gutierrez Cinemas",6,55.44,2026-07-17,CONFIRMED
676,1835,obrewer@example.com,553,Interest language,Berger Ltd Cinemas,5,109.3,2026-06-19,CONFIRMED
677,946,briannamclaughlin@example.net,1249,Coach news,"Kennedy, Cohen and Pennington Cinemas",4,68.56,2026-07-21,CONFIRMED
678,810,angelatorres@example.org,940,School address wear value,Black-Mccoy Cinemas,3,54.84,2026-07-23,CONFIRMED
679,4830,beasleychristopher@example.org,562,Reach avoid,Bean-Evans Cinemas,2,19.8,2026-07-19,CONFIRMED
680,3043,stephen89@example.com,917,Never doctor peace,"Howard, Brennan and Moore Cinemas",1,8.73,2026-07-23,CONFIRMED
681,2939,caseykenneth@example.org,507,House north,Wilson Inc Cinemas,5,71.85,2026-07-17,CANCELLED
682,2686,alexis48@example.net,1210,Staff year,Anderson Inc Cinemas,5,92.05,2026-07-23,CONFIRMED
683,4401,jwilson@example.net,1129,Treat only partner,"Johns, Figueroa and Graham Cinemas",5,60.5,2026-06-21,CONFIRMED
684,4519,johnny28@example.com,406,Particular customer to,"Snyder, Walker and Harris Cinemas",4,49.56,2026-06-27,CONFIRMED
685,2285,lisa57@example.org,1468,Year free long,Sherman-Munoz Cinemas,6,71.16,2026-07-14,CANCELLED
686,203,adamroth@example.com,1624,Production weight Mrs especially,Kim-Romero Cinemas,3,73.83,2026-07-06,CONFIRMED
687,365,nperez@example.org,129,Choose mother health,"Patterson, Mosley and Michael Cinemas",6,70.08,2026-07-12,CONFIRMED
688,668,larry40@example.net,1363,At trip,Reed Group Cinemas,2,21.58,2026-07-21,CONFIRMED
689,3995,terrymichael@example.com,773,Toward others,"Henry, Edwards and Bartlett Cinemas",2,27.34,2026-07-19,CONFIRMED
690,2969,nancy28@example.net,1682,Against discuss give,"Richardson, Stephens and Barnes Cinemas",1,12.84,2026-06-20,CONFIRMED
691,4156,scottmartinez@example.net,700,Just although key,Morris-Merritt Cinemas,3,36.3,2026-07-08,CANCELLED
692,641,isaacbrooks@example.com,462,Everyone research,Thomas-Stevens Cinemas,5,113.9,2026-06-16,CONFIRMED
693,2117,bwalker@example.com,1277,Interesting tax,Price-Lee Cinemas,4,90.76,2026-07-23,CANCELLED
694,4732,jenniferbutler@example.com,824,Couple,Morrison-Simmons Cinemas,3,33.36,2026-07-06,CONFIRMED
695,3615,kguerrero@example.com,339,Couple news,Williams-Mckenzie Cinemas,4,34.08,2026-07-06,CONFIRMED
696,2549,jessicamcguire@example.com,12,Tend,Williams-Harmon Cinemas,5,48.3,2026-06-24,CONFIRMED
697,1543,deleontammy@example.org,354,North knowledge our,"Thomas, Becker and Mills Cinemas",3,36.39,2026-06-17,CONFIRMED
698,475,qsimmons@example.org,800,All total,"Green, Cooper and Heath Cinemas",5,56.85,2026-06-26,CONFIRMED
699,4594,jason08@example.com,1353,Through,"Medina, Miller and Yates Cinemas",5,88.9,2026-07-23,CANCELLED
700,4995,autumn99@example.org,21,Instead,Wood-Watson Cinemas,6,69.48,2026-07-23,CONFIRMED
701,1736,hbriggs@example.net,319,What no,"Porter, Patel and Jackson Cinemas",3,68.67,2026-07-23,CONFIRMED
702,4223,michael41@example.net,36,Weight lead whom,Sanchez-Douglas Cinemas,5,56.25,2026-07-23,CONFIRMED
703,2951,garciasarah@example.org,143,Central sit protect,Martinez-Dunlap Cinemas,5,51.8,2026-07-23,CONFIRMED
704,3977,shelly47@example.net,1203,To dark college try,Li-Hernandez Cinemas,4,38.16,2026-07-07,CONFIRMED
705,4176,robertcastillo@example.net,1143,Most bad,Bradley-Davis Cinemas,6,114.42,2026-07-23,CONFIRMED
706,959,zfranklin@example.org,1674,Can land few case,Dominguez Ltd Cinemas,1,11.59,2026-06-26,CONFIRMED
707,3160,lunajoseph@example.org,469,Authority glass,"Vang, Wilkinson and Wilson Cinemas",3,68.16,2026-07-23,CONFIRMED
708,280,dorisarmstrong@example.org,217,Cultural money something,Mendoza Group Cinemas,6,142.92,2026-07-21,CONFIRMED
709,4692,caleb79@example.com,512,Sometimes black movie,Gonzalez Group Cinemas,1,12.82,2026-07-22,CONFIRMED
710,333,mitchell76@example.net,381,Free issue,Vaughn Inc Cinemas,1,8.95,2026-07-23,CONFIRMED
711,4984,sean35@example.org,986,Measure bit my,Chang Ltd Cinemas,6,84.6,2026-07-23,CONFIRMED
712,682,nsingh@example.org,404,Rule small TV,Villa Group Cinemas,5,61.4,2026-07-23,CONFIRMED
713,4662,emily73@example.net,726,Seem summer final production,White-Reese Cinemas,2,18.34,2026-07-23,CONFIRMED
714,3856,tammydiaz@example.com,621,Of nature,"Yang, Willis and Walker Cinemas",2,29.8,2026-06-25,CONFIRMED
715,2344,mjohnson@example.net,606,International live whole,"Blevins, Delgado and Bennett Cinemas",1,13.48,2026-07-18,CONFIRMED
716,4438,fdavenport@example.com,81,Personal word,"Strickland, Mccormick and Santos Cinemas",5,116.1,2026-07-15,CONFIRMED
717,3700,seanshepherd@example.net,629,Be activity,"Gonzales, Short and Weaver Cinemas",1,24.11,2026-07-23,CANCELLED
718,34,devon88@example.org,591,Deal opportunity opportunity,"Gaines, Smith and Evans Cinemas",4,45.16,2026-07-23,CANCELLED
719,210,russellkelley@example.com,413,Decide two seven,Arellano and Sons Cinemas,2,28.74,2026-07-23,CONFIRMED
720,4175,richard74@example.net,427,Foot participant receive,Villarreal and Sons Cinemas,3,42.63,2026-07-23,CONFIRMED
721,2058,michael17@example.org,966,Eight book owner,"Phelps, Kramer and Shannon Cinemas",5,84.0,2026-07-14,CONFIRMED
722,3292,chad39@example.com,788,Theory sure,Castro and Sons Cinemas,1,22.93,2026-07-23,CONFIRMED
723,4892,campbellkristen@example.com,1242,Nearly section,"Carrillo, Henderson and Matthews Cinemas",6,141.72,2026-07-23,CONFIRMED
724,371,zmartinez@example.org,567,Create worry him talk,"Bauer, Frazier and Sellers Cinemas",4,53.16,2026-07-23,CANCELLED
725,2148,stevenschultz@example.com,544,Us consider baby,Davis-Montgomery Cinemas,6,50.76,2026-07-02,CONFIRMED
726,1632,laura71@example.com,694,Partner billion day operation,Medina Group Cinemas,4,94.44,2026-07-18,CONFIRMED
727,3852,robert73@example.net,1508,Wonder peace ability,Villa Group Cinemas,3,69.12,2026-07-15,CANCELLED
728,4785,griffithmatthew@example.com,1220,Clear open machine voice,"Bennett, Williams and Klein Cinemas",4,70.32,2026-06-27,CONFIRMED
729,298,carloswerner@example.net,883,Prevent follow I,Barron-Brown Cinemas,5,47.7,2026-06-15,CONFIRMED
730,2747,vanessa22@example.net,567,Create worry him talk,"Bauer, Frazier and Sellers Cinemas",4,53.16,2026-07-19,CONFIRMED
731,1212,thompsonbrandy@example.com,1952,Force sing,Meyers-Owens Cinemas,4,92.16,2026-07-23,CONFIRMED
732,2217,richardsonbenjamin@example.com,1071,Apply simply why,Moody-Williams Cinemas,4,41.48,2026-07-23,CONFIRMED
733,3173,johngarcia@example.org,1909,Writer degree book,Clark Ltd Cinemas,1,19.81,2026-07-23,CONFIRMED
734,41,stevensmichael@example.org,1348,Baby dog food,"Stevens, Norris and Smith Cinemas",5,114.0,2026-07-23,CONFIRMED
735,4565,sarah07@example.net,1154,Unit matter,Barron-Brown Cinemas,2,19.92,2026-06-23,CONFIRMED
736,4387,josebrown@example.net,1114,Stay help,"Silva, Snyder and Reeves Cinemas",3,52.83,2026-06-24,CONFIRMED
737,2254,ilawrence@example.net,472,Budget part machine stay,"Patel, Palmer and Jones Cinemas",6,143.58,2026-07-23,CONFIRMED
738,3979,teresa94@example.org,706,Only practice write,"Medina, Lee and Freeman Cinemas",4,37.76,2026-07-23,CONFIRMED
739,2870,sharonponce@example.com,298,Sea professor might,"Young, Henry and Wright Cinemas",1,16.53,2026-07-15,CANCELLED
740,3857,bethany57@example.org,1107,A,Morgan and Sons Cinemas,2,49.92,2026-06-26,CONFIRMED
741,15,brownjoanna@example.org,1728,Develop plant whole,Bennett Ltd Cinemas,5,46.65,2026-07-23,CONFIRMED
742,1299,gardnerjoshua@example.net,396,By what,"Bell, Peterson and Price Cinemas",4,96.44,2026-07-23,CONFIRMED
743,2778,holly37@example.net,412,I prevent,Smith-Clayton Cinemas,2,21.18,2026-07-23,CONFIRMED
744,1235,raymond39@example.com,1260,Might short player,Casey-Romero Cinemas,4,37.56,2026-07-19,CONFIRMED
745,2701,james14@example.com,199,Yes month,Hoover-Parrish Cinemas,3,39.84,2026-07-23,CONFIRMED
746,589,droach@example.org,965,Above girl very,Byrd-Foster Cinemas,4,56.32,2026-07-23,CONFIRMED
747,536,larsenharold@example.net,1335,Compare,Mullins-Johnston Cinemas,4,87.64,2026-07-23,CANCELLED
748,899,melanie49@example.org,51,Start visit,"Chen, Faulkner and Casey Cinemas",6,145.32,2026-07-23,CONFIRMED
749,481,phall@example.com,1393,Practice,Nichols-Lam Cinemas,2,23.34,2026-07-23,CONFIRMED
750,2215,angela87@example.org,528,South set also,"Diaz, Hill and Becker Cinemas",6,146.34,2026-07-06,CONFIRMED
751,2067,ljones@example.com,491,Southern student,Andersen and Sons Cinemas,5,71.4,2026-07-23,CONFIRMED
752,3895,gary05@example.net,717,Both hotel,"Wilson, Stewart and Hobbs Cinemas",6,82.32,2026-07-23,CONFIRMED
753,2850,joseph33@example.net,594,Arm interest,"Jones, Sanchez and Thomas Cinemas",2,44.98,2026-07-23,CONFIRMED
754,1874,othomas@example.com,34,Staff political theory,Miller-Smith Cinemas,3,71.34,2026-07-23,CANCELLED
755,3618,vmassey@example.com,1088,Its thousand not,"Boyd, Ellis and Maynard Cinemas",4,41.04,2026-07-23,CANCELLED
756,1531,pwilliams@example.org,1465,Born dream,"Compton, Owens and Decker Cinemas",5,95.55,2026-06-19,CONFIRMED
757,1191,wayne01@example.net,1688,Notice throughout need,Fernandez Inc Cinemas,4,90.8,2026-06-30,CONFIRMED
758,2548,munoznicole@example.net,1586,Others brother visit employee,"Morales, Miller and Harrell Cinemas",4,78.12,2026-06-22,CANCELLED
759,1097,evansrobin@example.com,1774,Bar difference,Garner LLC Cinemas,3,53.64,2026-07-23,CONFIRMED
760,2060,sarahwatson@example.com,592,Who successful,Atkinson-Nelson Cinemas,1,11.55,2026-07-23,CONFIRMED
761,342,johnfrank@example.net,195,Perform home million,Huynh PLC Cinemas,6,109.5,2026-07-23,CONFIRMED
762,309,butlerolivia@example.com,979,Hot lay,Morris-Armstrong Cinemas,4,81.0,2026-06-18,CONFIRMED
763,97,frederick62@example.org,449,Page more,Moore-Bright Cinemas,4,45.32,2026-07-22,CANCELLED
764,475,qsimmons@example.org,106,Blue near serve,"Young, Allen and Hernandez Cinemas",4,99.16,2026-07-18,CONFIRMED
765,4385,roger42@example.com,492,Shake month,Bradley-Novak Cinemas,5,61.55,2026-06-21,CONFIRMED
766,2283,ocole@example.com,219,Newspaper,Hunter-Estrada Cinemas,5,98.45,2026-07-23,CONFIRMED
767,330,elizabeth58@example.org,202,Miss international become,Hoffman PLC Cinemas,3,31.23,2026-07-23,CONFIRMED
768,2939,caseykenneth@example.org,828,Over charge,White-Reese Cinemas,1,12.68,2026-07-08,CONFIRMED
769,681,dharris@example.net,301,Fast public decade smile,Henderson-Parks Cinemas,5,78.55,2026-07-17,CONFIRMED
770,866,pricejoshua@example.com,394,Pattern enter fact,Hoffman PLC Cinemas,4,71.44,2026-07-21,CONFIRMED
771,3104,brandon45@example.org,1113,Key fire set,"Phillips, Walters and Evans Cinemas",3,48.12,2026-07-23,CONFIRMED
772,988,christopher64@example.net,1469,Left song medical,"Phelps, Montoya and Barnett Cinemas",3,46.56,2026-06-22,CONFIRMED
773,1037,nburns@example.org,1833,Within himself,Norris Inc Cinemas,2,40.24,2026-07-02,CONFIRMED
774,3412,ipierce@example.com,1814,Various commercial,"Mckee, Gardner and Davenport Cinemas",1,18.62,2026-07-21,CONFIRMED
775,3002,burnskatherine@example.org,488,Draw maintain,"Campbell, Long and Silva Cinemas",6,116.16,2026-07-04,CONFIRMED
776,2051,bernardchristina@example.net,1652,Article available,Peterson-Mullins Cinemas,6,71.04,2026-07-23,CONFIRMED
777,4406,hornmatthew@example.org,1533,Interesting news,Martinez-Allen Cinemas,3,60.93,2026-07-23,CONFIRMED
778,1879,johnnygray@example.com,1292,Next include manager,"Alexander, Cobb and Garcia Cinemas",3,74.85,2026-07-09,CONFIRMED
779,3147,harveyjames@example.net,1705,Power,"Snyder, Walker and Harris Cinemas",1,9.9,2026-07-23,CONFIRMED
780,3282,benjamin76@example.net,822,Chance minute guy,Soto-Lopez Cinemas,1,20.96,2026-07-23,CANCELLED
781,3681,nguyenjane@example.org,1919,End system hold,Taylor-Gallagher Cinemas,4,94.52,2026-07-15,CONFIRMED
782,1201,keithdavis@example.com,1693,American something,"Freeman, Hall and Allison Cinemas",4,93.24,2026-07-06,CONFIRMED
783,474,jake77@example.com,98,Big once,Johnson and Sons Cinemas,3,39.06,2026-07-23,CANCELLED
784,4005,james50@example.org,907,Only away,Haynes-Moss Cinemas,2,29.08,2026-07-23,CONFIRMED
785,4495,palmerkatherine@example.net,385,Share name attention,"Whitney, Mayo and Clark Cinemas",2,33.38,2026-07-23,CANCELLED
786,4286,ypitts@example.org,1580,Energy professor,Gibbs Group Cinemas,1,11.38,2026-07-16,CONFIRMED
787,1326,holly18@example.net,1155,Machine seven candidate,Jones-Contreras Cinemas,5,49.35,2026-06-26,CANCELLED
788,1859,wcook@example.com,266,Soldier current body,Sutton-Patterson Cinemas,5,64.75,2026-07-23,CONFIRMED
789,2312,priscilla83@example.net,967,Traditional structure,Wright-Davis Cinemas,3,34.14,2026-07-23,CONFIRMED
790,1464,alexandrawest@example.com,281,Discover threat if,Davenport-Reynolds Cinemas,5,51.8,2026-07-23,CONFIRMED
791,2505,karengould@example.net,519,Involve explain,"Henson, Russell and Oliver Cinemas",2,20.66,2026-06-15,CONFIRMED
792,1005,andersontodd@example.net,1051,Consider few population,"Cooper, Watts and Farrell Cinemas",2,49.36,2026-07-01,CONFIRMED
793,2383,allenlisa@example.net,748,Audience new,Mendoza-Jackson Cinemas,3,30.0,2026-07-17,CONFIRMED
794,2685,megan48@example.com,1364,Put free,Wilson-Williams Cinemas,1,24.16,2026-07-23,CONFIRMED
795,3799,quinnjohn@example.com,1996,Important hear power,Gonzalez-Wilson Cinemas,5,87.25,2026-06-13,CANCELLED
796,2143,darrenharris@example.com,269,Relate,Sullivan and Sons Cinemas,2,42.4,2026-07-23,CONFIRMED
797,1574,xzavala@example.com,1222,Performance one change,Knox and Sons Cinemas,4,77.6,2026-07-01,CONFIRMED
798,3742,ortizrobert@example.org,81,Personal word,"Strickland, Mccormick and Santos Cinemas",2,46.44,2026-07-21,CONFIRMED
799,4765,stephen50@example.org,377,Trade market drop mind,Morris-Armstrong Cinemas,3,27.99,2026-07-23,CONFIRMED
800,2399,michele79@example.net,1239,Structure behind somebody,Reid-Miller Cinemas,5,52.2,2026-06-29,CANCELLED
801,809,pchavez@example.com,1918,Question through over,"Burns, Barker and Horton Cinemas",3,64.74,2026-07-23,CONFIRMED
802,232,ijones@example.com,1204,Economy,Johnson Inc Cinemas,1,13.77,2026-06-22,CONFIRMED
803,2261,richard15@example.com,1471,Cell phone card,Wright-Davis Cinemas,6,104.16,2026-07-23,CONFIRMED
804,1998,john30@example.org,30,Either writer tonight,Casey-Romero Cinemas,1,13.59,2026-06-26,CONFIRMED
805,2771,tanya65@example.com,1986,Involve media right,"Case, Adams and Olson Cinemas",2,45.82,2026-07-13,CONFIRMED
806,1560,nmcintosh@example.com,115,Service hope value,"Larsen, Hernandez and Ward Cinemas",4,74.24,2026-07-23,CONFIRMED
807,3448,lucasmerritt@example.org,1698,Good movement how return,Russell Inc Cinemas,5,124.25,2026-07-08,CONFIRMED
808,3265,mitchelljoshua@example.com,1267,Hit adult example,Whitney-Flores Cinemas,4,49.56,2026-07-23,CONFIRMED
809,2937,yangstanley@example.org,334,Agent read himself,Watson-Miles Cinemas,3,66.72,2026-06-15,CONFIRMED
810,2507,jaredtaylor@example.org,827,Population individual,Ross-Blair Cinemas,1,14.97,2026-07-09,CONFIRMED
811,4074,ulogan@example.org,1572,Cup believe society today,Meyers-Owens Cinemas,6,144.0,2026-06-23,CONFIRMED
812,2313,david52@example.org,1858,Action natural southern,"Duarte, Smith and Caldwell Cinemas",5,96.1,2026-07-19,CONFIRMED
813,898,barcher@example.net,1362,Plan low,Whitehead-Hernandez Cinemas,2,35.02,2026-06-09,CONFIRMED
814,4138,kennethporter@example.net,1290,Party,Roth Ltd Cinemas,6,145.32,2026-06-27,CONFIRMED
815,326,fergusontrevor@example.net,391,Toward thousand,Powers Group Cinemas,6,109.02,2026-07-23,CANCELLED
816,3950,qdunn@example.net,1271,Allow tree miss,"Russell, Meyer and Smith Cinemas",1,20.67,2026-06-21,CONFIRMED
817,2459,hallmatthew@example.com,1218,Weight ball hot,Singleton-King Cinemas,3,33.24,2026-07-23,CONFIRMED
818,4225,alisonross@example.org,387,Eight suggest almost,Hale-Durham Cinemas,4,84.88,2026-07-03,CANCELLED
819,3412,ipierce@example.com,1907,Book idea,Quinn-Wilson Cinemas,2,29.42,2026-07-03,CONFIRMED
820,4272,jonesmark@example.com,1125,Similar million have,Diaz and Sons Cinemas,3,47.94,2026-07-07,CONFIRMED
821,1297,sarah36@example.net,1894,Area base,"Cruz, Fowler and Haynes Cinemas",4,55.16,2026-06-28,CONFIRMED
822,2524,holtvictor@example.org,1585,Think national,Cook PLC Cinemas,4,82.48,2026-07-23,CONFIRMED
823,664,floressarah@example.net,1286,Wait positive,Atkinson-Nelson Cinemas,2,49.74,2026-07-23,CONFIRMED
824,4737,lucas74@example.org,1637,Truth explain,"Munoz, Krueger and Solomon Cinemas",5,104.35,2026-06-30,CONFIRMED
825,934,wsmith@example.com,943,Almost no answer,Wheeler PLC Cinemas,2,25.84,2026-07-08,CONFIRMED
826,1191,wayne01@example.net,1927,Thing amount,"Schaefer, Barry and Espinoza Cinemas",5,124.7,2026-07-23,CONFIRMED
827,4496,danielle36@example.org,1153,Hit green long,Avila LLC Cinemas,6,59.1,2026-07-01,CANCELLED
828,2372,noahmullins@example.org,722,Letter beyond sign,"White, Smith and Warner Cinemas",2,20.58,2026-07-23,CONFIRMED
829,3744,timothyblackburn@example.com,1674,Can land few case,Dominguez Ltd Cinemas,4,46.36,2026-06-14,CONFIRMED
830,376,samantharomero@example.net,804,Year report,Chavez PLC Cinemas,1,15.28,2026-07-23,CONFIRMED
831,4214,moorefrank@example.net,1403,All defense,Williams Ltd Cinemas,5,98.85,2026-07-23,CONFIRMED
832,4200,michael78@example.com,248,Federal throw,Hall-Washington Cinemas,6,105.96,2026-07-23,CONFIRMED
833,1300,bmorrison@example.net,319,What no,"Porter, Patel and Jackson Cinemas",3,68.67,2026-07-23,CONFIRMED
834,501,mclaughlinjulie@example.net,1535,Simple throughout,Sanders PLC Cinemas,3,64.05,2026-07-23,CONFIRMED
835,3036,saragreen@example.org,91,Walk effort,"Williams, Newman and Jones Cinemas",5,83.0,2026-07-07,CONFIRMED
836,1299,gardnerjoshua@example.net,418,Not pull ability word,Zuniga Group Cinemas,6,50.76,2026-07-23,CANCELLED
837,2582,joseph07@example.org,1327,Rise kitchen,"Caldwell, Stevenson and Joseph Cinemas",3,53.04,2026-07-23,CONFIRMED
838,1984,ggray@example.net,1378,Probably paper,"Doyle, Nelson and Vaughn Cinemas",4,37.96,2026-07-02,CONFIRMED
839,220,mphillips@example.org,1199,Everybody coach,Wyatt Ltd Cinemas,3,30.63,2026-07-23,CONFIRMED
840,3285,robert90@example.org,1850,Again democratic,Wright Group Cinemas,5,75.9,2026-07-23,CONFIRMED
841,2546,samantha05@example.net,1682,Against discuss give,"Richardson, Stephens and Barnes Cinemas",2,25.68,2026-06-18,CANCELLED
842,163,ksparks@example.net,347,Minute season political,Ward-Chase Cinemas,2,31.88,2026-07-01,CONFIRMED
843,2886,lucasedwards@example.com,1600,Wall ball,"Wilson, Trujillo and Moody Cinemas",4,81.48,2026-07-23,CONFIRMED
844,293,boydrenee@example.net,1817,Either account speech,Benson Inc Cinemas,5,57.05,2026-07-08,CONFIRMED
845,1394,crogers@example.org,747,Family woman,"Moore, Alexander and Reed Cinemas",2,27.06,2026-07-23,CONFIRMED
846,4301,clarkamy@example.com,22,Own pretty field,"Garrison, Ryan and Miller Cinemas",1,9.85,2026-06-19,CONFIRMED
847,3427,tonyamorris@example.net,447,Weight,Gonzalez-Taylor Cinemas,5,69.15,2026-07-08,CONFIRMED
848,3308,hayleylopez@example.org,629,Be activity,"Gonzales, Short and Weaver Cinemas",6,144.66,2026-07-23,CONFIRMED
849,2302,barbarajohnson@example.org,30,Either writer tonight,Casey-Romero Cinemas,1,13.59,2026-06-24,CANCELLED
850,2150,nicole28@example.com,1623,Firm week start,White-Jackson Cinemas,2,42.82,2026-07-22,CONFIRMED
851,3013,sherrymartinez@example.net,44,Throw history method,"Wiley, Tapia and Smith Cinemas",2,21.42,2026-07-13,CANCELLED
852,3714,danielwelch@example.net,681,Anything trial,Gibson and Sons Cinemas,5,72.85,2026-07-23,CONFIRMED
853,3299,bruceochoa@example.com,1373,Food leave,"Gaines, Smith and Evans Cinemas",2,35.72,2026-07-12,CONFIRMED
854,3214,maria79@example.org,491,Southern student,Andersen and Sons Cinemas,4,57.12,2026-07-21,CONFIRMED
855,3131,cynthiataylor@example.net,256,Talk able,Mccarthy-Kelly Cinemas,4,95.36,2026-06-21,CONFIRMED
856,4548,jasonwalters@example.com,521,Similar collection kind,Richards Group Cinemas,6,149.88,2026-07-23,CONFIRMED
857,4559,robert51@example.org,1865,On public answer measure,Martin and Sons Cinemas,3,36.15,2026-07-01,CONFIRMED
858,2195,nicoledixon@example.net,1267,Hit adult example,Whitney-Flores Cinemas,1,12.39,2026-07-23,CONFIRMED
859,701,bakerricky@example.org,742,Management hotel room,"Thomas, Becker and Mills Cinemas",1,9.55,2026-07-23,CONFIRMED
860,4021,eric94@example.org,935,Claim opportunity ability,Ho-Mendez Cinemas,2,38.02,2026-07-13,CANCELLED
861,2117,bwalker@example.com,1470,Help analysis view,Orr-Miranda Cinemas,5,100.4,2026-07-23,CONFIRMED
862,2802,btorres@example.com,1491,To much however create,Howe Inc Cinemas,4,66.6,2026-07-03,CONFIRMED
863,2902,natalie11@example.org,1184,Need door draw,"Henson, Jones and Sanders Cinemas",2,22.0,2026-07-16,CONFIRMED
864,2969,nancy28@example.net,1568,Enough best,"Marshall, Murray and Miller Cinemas",4,92.04,2026-07-23,CONFIRMED
865,1705,matthew06@example.com,1591,Place,"Freeman, Cox and Mitchell Cinemas",5,53.25,2026-07-23,CONFIRMED
866,4166,icooper@example.com,340,Summer wish,"Howard, Brennan and Moore Cinemas",2,32.22,2026-07-23,CONFIRMED
867,2582,joseph07@example.org,381,Free issue,Vaughn Inc Cinemas,3,26.85,2026-07-23,CONFIRMED
868,4568,erin55@example.net,310,Drug,Smith Group Cinemas,6,90.24,2026-07-10,CONFIRMED
869,3906,sherri61@example.com,1062,Too responsibility,"Anderson, Velazquez and Stewart Cinemas",4,93.08,2026-07-23,CONFIRMED
870,166,murraymichael@example.net,187,Almost agency already,Black-Mccoy Cinemas,3,40.8,2026-07-23,CANCELLED
871,598,burtondiane@example.net,1045,Major manager,Harrell Group Cinemas,6,99.18,2026-07-23,CONFIRMED
872,625,uhubbard@example.com,301,Fast public decade smile,Henderson-Parks Cinemas,5,78.55,2026-07-15,CONFIRMED
873,232,ijones@example.com,1659,Road return force,Sharp Ltd Cinemas,4,91.52,2026-07-23,CONFIRMED
874,4128,fergusonchristina@example.net,1545,Without think,Smith-Wilson Cinemas,4,87.68,2026-07-20,CONFIRMED
875,341,pwhite@example.org,118,Year respond,White-Morales Cinemas,2,47.94,2026-07-23,CONFIRMED
876,678,brittneysalazar@example.org,1970,Bank if prevent,Russell Inc Cinemas,3,65.94,2026-07-13,CONFIRMED
877,4067,perezelizabeth@example.net,1501,Else traditional,"Stevens, Norris and Smith Cinemas",2,42.26,2026-07-23,CONFIRMED
878,3901,jodihunt@example.net,190,Choose power customer,Burns-Nguyen Cinemas,2,38.46,2026-07-23,CONFIRMED
879,2610,collinscourtney@example.net,1512,Inside government general,"Gonzalez, Santos and Gardner Cinemas",5,86.7,2026-07-23,CONFIRMED
880,2837,garciamark@example.com,22,Own pretty field,"Garrison, Ryan and Miller Cinemas",2,19.7,2026-06-16,CONFIRMED
881,1956,hilledwin@example.net,1782,Near word whose,Ward-Blake Cinemas,6,60.48,2026-07-23,CANCELLED
882,806,davidhaynes@example.com,1723,Interview not though,"Edwards, Baker and Anderson Cinemas",6,142.92,2026-07-23,CONFIRMED
883,3909,lroy@example.org,229,Human bank,Ferguson and Sons Cinemas,3,38.67,2026-07-23,CONFIRMED
884,403,roberthoffman@example.com,558,Seven,"Marshall, Murray and Miller Cinemas",2,39.04,2026-07-23,CONFIRMED
885,662,jennifer02@example.com,378,Section image school,"Warner, Carr and Archer Cinemas",2,44.34,2026-07-09,CONFIRMED
886,3913,jeremy09@example.com,1794,Better ok building hand,Ochoa-Adams Cinemas,4,32.52,2026-07-23,CONFIRMED
887,3068,scott67@example.net,787,Teach never,Harris-Wright Cinemas,4,90.16,2026-07-02,CONFIRMED
888,2213,dennis53@example.com,465,Staff because,Wright-Davis Cinemas,6,97.08,2026-07-03,CONFIRMED
889,3853,michaelwood@example.com,1036,Success near,"Morales, Miller and Harrell Cinemas",4,92.32,2026-07-06,CANCELLED
890,2960,warddavid@example.org,498,Specific single already accept,"French, Phelps and Berry Cinemas",2,43.02,2026-07-23,CANCELLED
891,871,hufftroy@example.net,1848,Year newspaper,Stafford Ltd Cinemas,4,32.36,2026-06-20,CANCELLED
892,2428,randyfrey@example.org,1499,Relate affect,Carter-Johnson Cinemas,2,23.62,2026-06-30,CONFIRMED
893,4233,pamela87@example.org,864,Word position room,"Jones, Rowland and Oconnor Cinemas",5,67.75,2026-07-23,CONFIRMED
894,1230,longkimberly@example.net,386,Fast public decade smile,Matthews PLC Cinemas,4,75.4,2026-07-23,CONFIRMED
895,422,mendozakevin@example.net,1806,Fine,"Freeman, Cox and Mitchell Cinemas",2,36.06,2026-06-20,CANCELLED
896,495,danielthomas@example.com,1123,Miss stay,Garner LLC Cinemas,4,80.0,2026-07-19,CANCELLED
897,3620,ibrewer@example.org,1599,Seven notice,"Herrera, Jensen and Ramirez Cinemas",1,9.97,2026-07-23,CONFIRMED
898,2674,hollychang@example.net,144,National than,Woods-Mccarthy Cinemas,1,19.26,2026-07-23,CONFIRMED
899,1487,lgonzalez@example.net,832,Game other,Johnson LLC Cinemas,4,57.8,2026-07-12,CONFIRMED
900,1826,taylor70@example.net,1263,Down institution,Vaughn Inc Cinemas,3,42.33,2026-07-23,CONFIRMED
901,26,bowmanjoel@example.net,1958,About I,Sullivan PLC Cinemas,5,90.55,2026-06-20,CANCELLED
902,4502,zlopez@example.com,1737,Blue soon boy,"Jones, Rowland and Oconnor Cinemas",6,71.16,2026-07-23,CONFIRMED
903,1799,lee16@example.net,363,Have town fact,Payne PLC Cinemas,5,93.95,2026-07-19,CONFIRMED
904,3234,johnchan@example.org,905,It week yeah,Singleton-King Cinemas,6,101.28,2026-06-23,CONFIRMED
905,732,danielgriffin@example.net,1391,Safe once,"Case, Adams and Olson Cinemas",3,54.45,2026-06-14,CONFIRMED
906,1887,michaelowen@example.com,292,Seat truth,Watson-Chan Cinemas,2,49.5,2026-07-09,CANCELLED
907,342,johnfrank@example.net,1016,Pm left,Carter-Hendrix Cinemas,2,18.12,2026-07-08,CONFIRMED
908,1693,matthewslarry@example.net,1568,Enough best,"Marshall, Murray and Miller Cinemas",2,46.02,2026-07-23,CONFIRMED
909,3050,zglenn@example.com,553,Interest language,Berger Ltd Cinemas,2,43.72,2026-06-28,CONFIRMED
910,411,stevencraig@example.com,1220,Clear open machine voice,"Bennett, Williams and Klein Cinemas",2,35.16,2026-07-07,CONFIRMED
911,3712,christinabrewer@example.net,1304,By increase few,Castillo Group Cinemas,3,54.9,2026-07-22,CONFIRMED
912,1819,christopher67@example.org,1246,Apply reduce,Diaz-Jimenez Cinemas,2,36.22,2026-06-20,CONFIRMED
913,803,jwerner@example.org,1948,Next like,Page-Jacobs Cinemas,3,60.78,2026-07-23,CONFIRMED
914,1244,ashleynelson@example.net,1417,Than bit traditional,"Wolfe, Chavez and Mcbride Cinemas",4,91.0,2026-07-23,CONFIRMED
915,3502,jbaker@example.org,57,Difficult worry often image,Wilson-Pierce Cinemas,4,88.64,2026-07-23,CONFIRMED
916,3378,vcooper@example.org,653,Front trouble adult,"Foster, Robbins and Roberts Cinemas",3,27.09,2026-07-23,CONFIRMED
917,532,osbornkelly@example.net,192,Discuss create,Duke-Schultz Cinemas,5,95.6,2026-07-23,CONFIRMED
918,2657,wrose@example.net,231,Speak out hour,"Chase, Prince and Wilcox Cinemas",1,13.66,2026-07-23,CONFIRMED
919,3054,patricia43@example.com,1883,Argue almost rise,Kennedy PLC Cinemas,1,10.36,2026-07-23,CONFIRMED
920,4476,torrestravis@example.org,1215,Term four,Hunter Group Cinemas,4,45.96,2026-06-27,CONFIRMED
921,4788,ugonzalez@example.net,165,Place growth staff,"Davis, Rodriguez and Andrews Cinemas",5,123.05,2026-07-23,CONFIRMED
922,118,cjohnson@example.net,88,Radio development,"Olson, Hebert and Jones Cinemas",2,44.24,2026-07-23,CONFIRMED
923,1120,lambertandrea@example.com,1922,Rate wife forget,Mclean Group Cinemas,1,9.92,2026-07-23,CANCELLED
924,1775,wardkevin@example.net,1558,Wrong fear,"Campbell, Long and Silva Cinemas",3,57.57,2026-07-23,CONFIRMED
925,4234,sheriperez@example.net,1032,Quite approach,Russell Inc Cinemas,6,124.14,2026-06-21,CONFIRMED
926,2493,andrea68@example.net,1623,Firm week start,White-Jackson Cinemas,6,128.46,2026-07-17,CONFIRMED
927,4063,richardrojas@example.com,364,One stay,Buchanan LLC Cinemas,4,59.68,2026-07-09,CONFIRMED
928,2573,suttonmichael@example.org,128,Floor force leave,"Medina, Green and Rivera Cinemas",2,40.22,2026-07-18,CONFIRMED
929,2936,dawnmerritt@example.org,1785,Determine thought couple,Vega-Thomas Cinemas,3,51.66,2026-06-17,CONFIRMED
930,1233,jolsen@example.net,700,Just although key,Morris-Merritt Cinemas,4,48.4,2026-06-24,CONFIRMED
931,3218,silvamatthew@example.com,346,Pressure will stay,Delacruz Group Cinemas,3,49.35,2026-07-23,CONFIRMED
932,3840,baxtervincent@example.com,1672,Career just,"Ray, Cunningham and Levine Cinemas",1,18.49,2026-07-14,CONFIRMED
933,1693,matthewslarry@example.net,1086,Final must wait,"Lloyd, Walker and Brock Cinemas",5,43.3,2026-07-23,CANCELLED
934,3311,csmith@example.com,6,Heavy board,Davenport-Reynolds Cinemas,3,29.76,2026-07-01,CONFIRMED
935,2045,christina21@example.com,515,Fear everything bad receive,Wright and Sons Cinemas,1,15.18,2026-06-20,CONFIRMED
936,572,gomezgrant@example.net,24,Else coach,Hoffman PLC Cinemas,4,69.72,2026-07-23,CONFIRMED
937,1877,russelltammy@example.net,1057,Movie money contain,"Lawson, Lopez and Myers Cinemas",4,73.64,2026-07-23,CONFIRMED
938,2066,contreraskara@example.org,1760,Congress article,Garcia LLC Cinemas,6,107.76,2026-07-23,CONFIRMED
939,295,andrea19@example.com,742,Management hotel room,"Thomas, Becker and Mills Cinemas",5,47.75,2026-07-23,CONFIRMED
940,695,crawfordhaley@example.org,966,Eight book owner,"Phelps, Kramer and Shannon Cinemas",4,67.2,2026-07-17,CONFIRMED
941,595,clayandrew@example.net,1405,Their per poor,Smith Ltd Cinemas,6,101.88,2026-07-23,CONFIRMED
942,2507,jaredtaylor@example.org,1493,Move fill another,"Li, Jensen and Vazquez Cinemas",1,13.28,2026-07-18,CONFIRMED
943,3317,ktate@example.com,1426,Practice organization which ready,"Warner, Baker and Campbell Cinemas",6,79.5,2026-07-23,CANCELLED
944,4072,omoore@example.net,391,Toward thousand,Powers Group Cinemas,4,72.68,2026-07-23,CONFIRMED
945,815,nicole39@example.org,1214,Until store,"Flowers, Morgan and Barnes Cinemas",2,29.88,2026-07-15,CONFIRMED
946,3862,francisco41@example.org,1733,Receive here north over,"Campbell, Burgess and Sweeney Cinemas",2,25.58,2026-07-23,CONFIRMED
947,2572,jasonlarson@example.net,1834,North structure,Harrell-Hebert Cinemas,6,105.96,2026-07-10,CONFIRMED
948,3150,james08@example.com,28,Gas service,Williamson Group Cinemas,1,9.54,2026-07-14,CONFIRMED
949,47,delacruzsandra@example.com,1623,Firm week start,White-Jackson Cinemas,4,85.64,2026-07-23,CONFIRMED
950,2240,bartlettapril@example.net,1281,Throw discover recognize,Medina LLC Cinemas,5,84.6,2026-07-09,CONFIRMED
951,661,leslie32@example.com,391,Toward thousand,Powers Group Cinemas,1,18.17,2026-07-22,CONFIRMED
952,2761,robertjenkins@example.com,970,My hour task,"Underwood, Bartlett and Russell Cinemas",1,12.41,2026-06-23,CONFIRMED
953,320,kevin07@example.com,218,Visit PM this,"Anderson, Velazquez and Stewart Cinemas",2,34.34,2026-07-23,CONFIRMED
954,1662,duncanjoshua@example.org,427,Foot participant receive,Villarreal and Sons Cinemas,3,42.63,2026-07-23,CANCELLED
955,253,fernandezmathew@example.com,150,Agree type,Martinez Ltd Cinemas,5,42.35,2026-07-23,CONFIRMED
956,4891,hartvictor@example.com,1195,Media worry grow,Whitehead-Hernandez Cinemas,1,12.52,2026-07-18,CONFIRMED
957,3654,ffrazier@example.com,1335,Compare,Mullins-Johnston Cinemas,3,65.73,2026-07-23,CONFIRMED
958,4546,acampbell@example.org,133,Skin these society,Robertson-Hays Cinemas,5,62.2,2026-06-25,CONFIRMED
959,2422,isharp@example.com,816,Really too small,Gallagher-Diaz Cinemas,3,35.82,2026-06-24,CONFIRMED
960,34,devon88@example.org,1656,Conference act capital,Ford-Olsen Cinemas,4,55.2,2026-07-23,CONFIRMED
961,2399,michele79@example.net,1884,Method station study,"Salazar, Miller and Arnold Cinemas",4,92.36,2026-07-09,CONFIRMED
962,4088,dhiggins@example.org,1165,Account large lot,"Miller, Hansen and Salas Cinemas",2,22.72,2026-07-23,CONFIRMED
963,2751,doyletravis@example.org,1064,Own,Harrington Group Cinemas,5,62.5,2026-07-23,CONFIRMED
964,447,john02@example.com,677,In executive may represent,Kennedy PLC Cinemas,5,80.35,2026-07-23,CANCELLED
965,470,theresaphillips@example.com,1945,Grow fear our sort,Knox and Sons Cinemas,4,85.08,2026-07-23,CONFIRMED
966,673,gordondavid@example.net,1381,Themselves sing visit enter,Wilson Inc Cinemas,6,116.82,2026-07-23,CONFIRMED
967,2928,john62@example.org,44,Throw history method,"Wiley, Tapia and Smith Cinemas",2,21.42,2026-07-15,CANCELLED
968,4707,xwilliams@example.com,384,Boy issue,Todd Group Cinemas,6,103.2,2026-07-23,CONFIRMED
969,689,linda01@example.com,258,Bit red,"Moore, Gilmore and Martin Cinemas",3,58.83,2026-07-15,CANCELLED
970,560,bsimpson@example.com,764,Industry before,"Mckee, Gardner and Davenport Cinemas",6,117.12,2026-07-23,CONFIRMED
971,2370,reginaldgoodman@example.com,403,Item but TV,Marshall Inc Cinemas,1,9.79,2026-07-23,CONFIRMED
972,3798,schwartzjack@example.net,126,Clear bag,Norris Inc Cinemas,3,31.86,2026-06-17,CONFIRMED
973,746,whitejustin@example.org,283,International thousand,"Cox, Ford and Huffman Cinemas",6,97.02,2026-06-26,CONFIRMED
974,4909,kshaw@example.net,4,Member turn improve,"Davis, Rodriguez and Andrews Cinemas",1,23.05,2026-06-20,CONFIRMED
975,1444,emilyharmon@example.org,1020,Once series rise,Garcia LLC Cinemas,2,33.96,2026-06-27,CONFIRMED
976,2889,stephen86@example.net,3,Gas around along,Zuniga Group Cinemas,4,84.28,2026-07-23,CONFIRMED
977,2100,kgarcia@example.com,190,Choose power customer,Burns-Nguyen Cinemas,5,96.15,2026-07-23,CANCELLED
978,4493,monicapayne@example.net,5,Learn get,"Hendricks, Zuniga and Miller Cinemas",2,17.52,2026-07-01,CONFIRMED
979,3158,marknavarro@example.org,212,Themselves little game,Moore Group Cinemas,5,42.45,2026-06-24,CONFIRMED
980,1903,marciahall@example.net,1509,Join create unit,Bradley-Novak Cinemas,1,12.48,2026-06-20,CONFIRMED
981,2614,kathleenellis@example.com,1199,Everybody coach,Wyatt Ltd Cinemas,6,61.26,2026-07-23,CONFIRMED
982,4132,tylergreen@example.org,881,Direction blood,Chase-Washington Cinemas,4,91.04,2026-07-23,CANCELLED
983,3586,leejustin@example.org,1203,To dark college try,Li-Hernandez Cinemas,3,28.62,2026-07-05,CONFIRMED
984,1363,kimlee@example.net,445,Country news,Bailey-Montoya Cinemas,3,49.23,2026-07-23,CONFIRMED
985,348,millerjessica@example.com,510,Believe,"Smith, Jackson and Porter Cinemas",4,92.6,2026-07-10,CONFIRMED
986,1892,xknight@example.com,1389,Think find,"Gonzalez, Santos and Gardner Cinemas",1,23.56,2026-07-23,CONFIRMED
987,3000,jennifermeyer@example.org,1756,Green baby,"Brown, James and Arroyo Cinemas",1,12.15,2026-07-23,CONFIRMED
988,4941,qwood@example.com,817,Chance minute guy,Reese Group Cinemas,3,32.67,2026-07-23,CONFIRMED
989,611,wcarroll@example.com,1470,Help analysis view,Orr-Miranda Cinemas,2,40.16,2026-07-22,CONFIRMED
990,2774,jocelyn90@example.org,1045,Major manager,Harrell Group Cinemas,5,82.65,2026-07-23,CANCELLED
991,3100,benjamin24@example.org,137,Protect red recent,Holden LLC Cinemas,6,67.2,2026-07-17,CONFIRMED
992,1606,vsandoval@example.com,733,Music base,"Duarte, Smith and Caldwell Cinemas",5,60.85,2026-07-14,CONFIRMED
993,2443,michael12@example.com,816,Really too small,Gallagher-Diaz Cinemas,3,35.82,2026-06-26,CONFIRMED
994,4249,robert19@example.com,1084,Nation return smile,"Caldwell, Cross and Russell Cinemas",4,77.4,2026-07-04,CONFIRMED
995,2502,david19@example.org,836,Open,"Chase, Prince and Wilcox Cinemas",5,96.6,2026-07-23,CONFIRMED
996,3452,simmonslaura@example.net,675,Pattern far break,Scott-Perez Cinemas,4,98.0,2026-07-04,CONFIRMED
997,4188,linlisa@example.org,1852,Page over,"Greene, Rogers and Haley Cinemas",1,12.39,2026-07-23,CONFIRMED
998,31,patriciamunoz@example.net,375,Adult hour,"Velez, Howell and Stevenson Cinemas",5,103.1,2026-07-23,CONFIRMED
999,3700,seanshepherd@example.net,318,Fire hand,Prince Inc Cinemas,4,36.04,2026-07-03,CONFIRMED
1000,2085,gabriela43@example.net,501,Have,"Medina, Miller and Yates Cinemas",5,82.65,2026-07-23,CONFIRMED
1001,2300,susan64@example.org,227,People tax amount author,Ortega Group Cinemas,2,29.4,2026-07-23,CONFIRMED
1002,4174,alopez@example.com,1548,Huge school trip,"Jordan, Swanson and Franklin Cinemas",1,8.61,2026-06-23,CONFIRMED
1003,2629,msimpson@example.net,1779,Reason,"Braun, Mays and Martinez Cinemas",2,43.82,2026-07-20,CONFIRMED
1004,1332,santiagoterri@example.com,1790,Trip blue,Gibbs Group Cinemas,1,11.59,2026-07-23,CONFIRMED
1005,4875,hdavis@example.net,850,Fight we,"Braun, Mays and Martinez Cinemas",5,43.8,2026-07-23,CANCELLED
1006,2783,colemary@example.net,846,Science order share son,Miller Group Cinemas,6,121.98,2026-07-23,CONFIRMED
1007,3108,joemurphy@example.net,520,Least nothing best huge,Reid-Miller Cinemas,6,80.58,2026-07-09,CONFIRMED
1008,3924,nbenjamin@example.com,23,Reach would,Peterson-Mullins Cinemas,4,74.72,2026-07-14,CONFIRMED
1009,1505,kathleenscott@example.org,1526,Some price how,Wang-Jackson Cinemas,5,74.8,2026-06-30,CONFIRMED
1010,436,johnsonlacey@example.net,1590,Opportunity,Greene-Shelton Cinemas,1,11.61,2026-06-17,CONFIRMED
1011,4509,haguilar@example.org,1892,Future,"Patterson, Camacho and White Cinemas",2,21.96,2026-07-23,CONFIRMED
1012,3796,dixonjoshua@example.net,1825,Owner office,"Miranda, Wheeler and Avila Cinemas",6,56.22,2026-06-22,CONFIRMED
1013,3767,warrenjeffrey@example.com,1228,Friend west anyone,Jones Inc Cinemas,1,16.81,2026-07-23,CONFIRMED
1014,1247,campbellmargaret@example.net,657,Least outside,Hall Ltd Cinemas,3,55.68,2026-07-23,CANCELLED
1015,182,jose60@example.net,1080,Record subject month,Martinez-Allen Cinemas,2,21.0,2026-06-25,CONFIRMED
1016,4299,christophermills@example.org,1911,Station risk professor,Smith Group Cinemas,3,35.67,2026-07-23,CONFIRMED
1017,2589,kathryn26@example.com,728,Financial laugh,Ho-Mendez Cinemas,4,34.28,2026-07-23,CANCELLED
1018,464,carmengomez@example.net,590,Will close crime,"Baker, May and Hughes Cinemas",3,58.86,2026-06-28,CONFIRMED
1019,4952,turnerroger@example.net,1722,Candidate door,Elliott Group Cinemas,2,29.06,2026-07-23,CONFIRMED
1020,2939,caseykenneth@example.org,787,Teach never,Harris-Wright Cinemas,2,45.08,2026-07-03,CONFIRMED
1021,510,waretabitha@example.com,129,Choose mother health,"Patterson, Mosley and Michael Cinemas",6,70.08,2026-07-13,CONFIRMED
1022,4210,justinellison@example.com,149,City now,Williams Ltd Cinemas,1,8.14,2026-07-23,CONFIRMED
1023,3475,michaelnewton@example.org,1166,Believe dark,"Garza, Williams and Walker Cinemas",4,73.52,2026-07-02,CONFIRMED
1024,487,herringgerald@example.org,1618,Maintain while,"Howard, Gomez and Owens Cinemas",1,21.96,2026-07-23,CONFIRMED
1025,3497,webbkeith@example.com,1919,End system hold,Taylor-Gallagher Cinemas,4,94.52,2026-07-20,CANCELLED
1026,4800,simonlindsay@example.net,596,Voice newspaper,"Hunter, Taylor and York Cinemas",5,46.6,2026-06-19,CANCELLED
1027,1034,brookstaylor@example.org,375,Adult hour,"Velez, Howell and Stevenson Cinemas",1,20.62,2026-07-23,CONFIRMED
1028,4180,qkelly@example.net,168,Husband energy know,Harris PLC Cinemas,6,114.12,2026-07-23,CONFIRMED
1029,548,kevin42@example.net,461,Popular design good,Hudson-Sparks Cinemas,6,85.2,2026-07-23,CANCELLED
1030,399,sotopatrick@example.com,421,Executive,"Harrington, Johnson and Jones Cinemas",5,123.7,2026-06-27,CONFIRMED
1031,3051,bsolis@example.org,1555,School go,Hall Ltd Cinemas,5,63.7,2026-07-07,CONFIRMED
1032,69,yrichardson@example.com,1584,Rock,Marshall and Sons Cinemas,2,40.22,2026-06-28,CONFIRMED
1033,4871,belltheresa@example.com,237,Other century office,George-Myers Cinemas,5,93.65,2026-06-24,CANCELLED
1034,477,ernesthoward@example.org,1854,Market break different,"Marshall, Murray and Miller Cinemas",1,20.98,2026-07-23,CONFIRMED
1035,867,ewhite@example.net,1759,Lose education,Price-Schmitt Cinemas,1,14.64,2026-07-23,CANCELLED
1036,2642,brooke09@example.com,162,Art,"Hull, Haynes and Garcia Cinemas",6,54.72,2026-07-23,CONFIRMED
1037,1346,khanmatthew@example.org,1017,List civil just education,Price-Lee Cinemas,3,25.11,2026-07-16,CONFIRMED
1038,4624,carterolivia@example.com,191,Several could thus me,"Rivera, Gomez and Levine Cinemas",5,61.15,2026-06-19,CONFIRMED
1039,420,cory21@example.org,614,Maintain great gas,Lowery LLC Cinemas,2,45.02,2026-06-21,CONFIRMED
1040,1950,villajesse@example.com,323,Will media figure,Jones-Barnes Cinemas,3,50.58,2026-07-14,CONFIRMED
1041,4697,roberttran@example.net,1548,Huge school trip,"Jordan, Swanson and Franklin Cinemas",6,51.66,2026-06-19,CONFIRMED
1042,3029,tanya78@example.net,678,Treatment writer,Thomas-Reilly Cinemas,1,10.43,2026-07-23,CONFIRMED
1043,2321,johnstonchristopher@example.net,1040,Laugh discuss,"Levy, Franco and Hoffman Cinemas",2,28.24,2026-07-23,CONFIRMED
1044,4300,thomas94@example.org,774,Off home,"Ray, Cunningham and Levine Cinemas",1,18.89,2026-07-23,CONFIRMED
1045,2849,whiteheadmatthew@example.com,469,Authority glass,"Vang, Wilkinson and Wilson Cinemas",3,68.16,2026-07-23,CONFIRMED
1046,4001,allisonmann@example.org,130,Idea able,Smith-James Cinemas,2,49.06,2026-06-26,CONFIRMED
1047,963,hortiz@example.com,867,Develop,Griffin Group Cinemas,4,66.24,2026-07-23,CANCELLED
1048,3652,vmoore@example.org,1449,Box thing,Martinez and Sons Cinemas,1,10.16,2026-07-23,CONFIRMED
1049,1161,chasebeck@example.com,315,Car police,Bush-Ayala Cinemas,1,24.01,2026-06-17,CONFIRMED
1050,163,ksparks@example.net,1164,Inside relationship everything,Gibson-Thomas Cinemas,2,46.58,2026-07-21,CANCELLED
1051,2159,murraycatherine@example.net,263,Easy win leg,"Howard, Brennan and Moore Cinemas",1,21.27,2026-07-23,CANCELLED
1052,2346,kaylee70@example.org,1585,Think national,Cook PLC Cinemas,5,103.1,2026-07-23,CONFIRMED
1053,959,zfranklin@example.org,960,Beat sign,Carlson-Cruz Cinemas,6,77.1,2026-06-16,CONFIRMED
1054,1651,jameswood@example.net,396,By what,"Bell, Peterson and Price Cinemas",6,144.66,2026-07-23,CONFIRMED
1055,3493,lori48@example.com,1170,Do seven,Smith-Patel Cinemas,6,55.56,2026-07-23,CANCELLED
1056,717,vincent74@example.org,311,Family third animal hotel,"Mckee, Gardner and Davenport Cinemas",4,96.8,2026-07-23,CONFIRMED
1057,1244,ashleynelson@example.net,898,Prevent trade cut,Coleman-Green Cinemas,6,129.84,2026-07-23,CONFIRMED
1058,4582,klee@example.org,764,Industry before,"Mckee, Gardner and Davenport Cinemas",5,97.6,2026-07-23,CONFIRMED
1059,4595,colehenry@example.org,1850,Again democratic,Wright Group Cinemas,3,45.54,2026-07-23,CONFIRMED
1060,3766,kevinnguyen@example.net,529,Themselves himself gas,Shah PLC Cinemas,3,49.35,2026-07-23,CONFIRMED
1061,2570,trujillochristopher@example.com,1323,Early,Watson-Chan Cinemas,3,41.52,2026-07-23,CANCELLED
1062,1626,adamgill@example.net,239,Site,"Brown, Armstrong and Johnson Cinemas",6,58.08,2026-07-23,CONFIRMED
1063,190,lpage@example.com,1743,Choice standard,Martinez LLC Cinemas,4,57.0,2026-06-24,CONFIRMED
1064,1113,watsontina@example.net,1872,Concern finish important project,"Bennett, Williams and Klein Cinemas",5,103.1,2026-07-23,CANCELLED
1065,4028,emma83@example.net,224,More current,Patterson-Lawrence Cinemas,5,123.95,2026-06-22,CONFIRMED
1066,34,devon88@example.org,1300,Challenge easy,Brown LLC Cinemas,6,81.3,2026-07-23,CONFIRMED
1067,4495,palmerkatherine@example.net,214,Worry wish ask,Valdez-Jacobs Cinemas,2,47.46,2026-07-23,CONFIRMED
1068,3184,esmith@example.org,1586,Others brother visit employee,"Morales, Miller and Harrell Cinemas",5,97.65,2026-06-24,CONFIRMED
1069,3997,rgreen@example.net,980,Market there us design,Martinez PLC Cinemas,5,100.65,2026-07-23,CONFIRMED
1070,678,brittneysalazar@example.org,935,Claim opportunity ability,Ho-Mendez Cinemas,6,114.06,2026-07-13,CONFIRMED
1071,1667,hensleybenjamin@example.com,467,Fight wall why,Wright-Davis Cinemas,1,18.5,2026-07-23,CONFIRMED
1072,4290,jacqueline24@example.org,1074,Its bit foreign,"Wilson, Jacobson and Griffith Cinemas",4,75.24,2026-07-23,CONFIRMED
1073,4115,underwoodcurtis@example.org,978,Break film tax,Brown LLC Cinemas,1,23.92,2026-07-23,CONFIRMED
1074,3800,ericortiz@example.com,839,Left year school,"Hammond, Douglas and Johnson Cinemas",6,106.5,2026-07-15,CONFIRMED
1075,4777,davidfox@example.net,62,Factor remember,Herrera-Coleman Cinemas,1,10.03,2026-07-20,CONFIRMED
1076,4221,scottmiddleton@example.com,185,Local school people present,"Davis, Richardson and Gonzalez Cinemas",1,11.12,2026-07-23,CONFIRMED
1077,4947,marybrown@example.org,629,Be activity,"Gonzales, Short and Weaver Cinemas",5,120.55,2026-07-23,CONFIRMED
1078,1762,brandoncook@example.org,1573,Pattern structure,Robinson Inc Cinemas,1,14.48,2026-07-16,CONFIRMED
1079,4638,bellchristopher@example.net,1286,Wait positive,Atkinson-Nelson Cinemas,1,24.87,2026-07-23,CONFIRMED
1080,1882,imorris@example.net,319,What no,"Porter, Patel and Jackson Cinemas",2,45.78,2026-07-23,CONFIRMED
1081,116,owhite@example.org,1049,Prepare much,"Barnes, Paul and Price Cinemas",3,49.53,2026-07-23,CONFIRMED
1082,4816,dominguezrebecca@example.org,999,Individual price,Miller LLC Cinemas,1,9.89,2026-07-05,CONFIRMED
1083,4850,zacharywest@example.com,720,Such small speech,Jackson-Cooper Cinemas,1,22.94,2026-07-23,CONFIRMED
1084,2855,daycurtis@example.com,799,Set all rule,Hudson-Sparks Cinemas,4,33.44,2026-07-23,CANCELLED
1085,4044,thorntonisabel@example.com,182,Week color,Rowe-Jones Cinemas,1,13.3,2026-07-01,CONFIRMED
1086,1075,qbrown@example.net,1601,Life once same,"Hamilton, Green and Edwards Cinemas",3,65.85,2026-07-23,CONFIRMED
1087,1800,beth38@example.net,1934,Story threat visit worry,Walker PLC Cinemas,1,16.72,2026-07-13,CANCELLED
1088,3333,chungerin@example.com,746,Have grow rate,Price-Schmitt Cinemas,4,64.36,2026-07-08,CANCELLED
1089,2444,adamsjeffery@example.org,710,Gas prove line,"Sanders, Leblanc and Maldonado Cinemas",5,84.05,2026-07-16,CONFIRMED
1090,3217,sporter@example.com,1381,Themselves sing visit enter,Wilson Inc Cinemas,5,97.35,2026-07-23,CONFIRMED
1091,723,amymiller@example.org,24,Else coach,Hoffman PLC Cinemas,5,87.15,2026-07-23,CONFIRMED
1092,2868,acostadylan@example.net,1248,What no,Hill and Sons Cinemas,5,51.0,2026-07-23,CANCELLED
1093,3258,bellalbert@example.org,1897,Hair ahead,"Gonzales, Smith and Davis Cinemas",4,45.8,2026-07-23,CONFIRMED
1094,4548,jasonwalters@example.com,1141,Lead least,Jones-Taylor Cinemas,2,46.38,2026-07-23,CONFIRMED
1095,101,mikemiles@example.net,1642,Read shoulder,"Henson, Jones and Sanders Cinemas",3,25.08,2026-07-23,CONFIRMED
1096,393,ppatel@example.com,1640,Treatment forward name,Lee-Fox Cinemas,1,15.01,2026-07-23,CONFIRMED
1097,114,gregorymitchell@example.net,1196,Article among,"Arias, Thompson and Jackson Cinemas",6,146.4,2026-07-23,CONFIRMED
1098,2102,antoniogould@example.net,1950,Test word attack,"Porter, Patel and Jackson Cinemas",4,70.92,2026-07-21,CONFIRMED
1099,2048,castilloerin@example.org,30,Either writer tonight,Casey-Romero Cinemas,4,54.36,2026-07-06,CONFIRMED
1100,1456,taylormatthew@example.com,1360,Major speech where idea,Mccoy-Alvarado Cinemas,3,68.49,2026-07-23,CANCELLED
1101,4474,gentrykatherine@example.net,1085,Group hotel sense,"Fisher, Payne and Thompson Cinemas",1,11.64,2026-07-23,CANCELLED
1102,3161,jonking@example.com,390,Style stop really lead,"Short, Brooks and Lang Cinemas",5,73.5,2026-06-24,CONFIRMED
1103,3,poncelisa@example.com,297,Job personal bank grow,Nolan Group Cinemas,2,24.7,2026-07-04,CONFIRMED
1104,4551,jonescarolyn@example.net,23,Reach would,Peterson-Mullins Cinemas,1,18.68,2026-07-15,CONFIRMED
1105,4035,andrewsmith@example.org,1187,Debate clear,"Hull, Haynes and Garcia Cinemas",2,24.74,2026-07-23,CONFIRMED
1106,1916,teresamckee@example.com,151,Walk room adult,"Jackson, Andersen and Bowen Cinemas",1,16.99,2026-07-23,CANCELLED
1107,2396,blakenelson@example.net,455,Several concern,"Davis, Rodriguez and Andrews Cinemas",1,13.49,2026-06-29,CONFIRMED
1108,207,padillapatricia@example.org,1824,Business relate class,"Larson, Daniels and James Cinemas",1,9.24,2026-07-16,CANCELLED
1109,930,lisa24@example.org,376,Hard debate type,Reyes Inc Cinemas,1,8.19,2026-07-22,CANCELLED
1110,3652,vmoore@example.org,253,Whose third,"Bautista, Allen and Harrell Cinemas",4,58.24,2026-07-16,CONFIRMED
1111,3274,iharmon@example.net,1625,Father expect cup,Payne-Walton Cinemas,6,77.1,2026-06-26,CONFIRMED
1112,4242,john94@example.org,581,Program out these,"Medina, Lee and Freeman Cinemas",4,43.12,2026-07-18,CONFIRMED
1113,1506,alicia87@example.com,1371,Across should,"Young, Shaw and Jenkins Cinemas",5,40.8,2026-06-17,CANCELLED
1114,2774,jocelyn90@example.org,1710,Employee,Ortega Group Cinemas,1,13.08,2026-07-23,CANCELLED
1115,1010,mcneilbrian@example.net,1415,Act indicate conference,"Arnold, Vargas and Ramirez Cinemas",2,32.12,2026-07-23,CONFIRMED
1116,1964,tinaortiz@example.org,1602,Time enjoy drug,Stafford Ltd Cinemas,1,8.44,2026-07-23,CONFIRMED
1117,2033,erichmond@example.org,427,Foot participant receive,Villarreal and Sons Cinemas,3,42.63,2026-07-23,CONFIRMED
1118,51,mrandolph@example.net,529,Themselves himself gas,Shah PLC Cinemas,2,32.9,2026-07-23,CONFIRMED
1119,2410,chenmatthew@example.org,843,Special admit,"Phelps, Montoya and Barnett Cinemas",1,24.3,2026-07-23,CONFIRMED
1120,2505,karengould@example.net,152,Company medical house,Jackson-Campbell Cinemas,5,75.45,2026-07-23,CONFIRMED
1121,2787,schroedercatherine@example.net,1142,Hear deep likely,Miller Group Cinemas,6,106.26,2026-07-14,CONFIRMED
1122,1912,johnbush@example.net,1599,Seven notice,"Herrera, Jensen and Ramirez Cinemas",5,49.85,2026-07-23,CANCELLED
1123,221,juanfranklin@example.net,564,South information,"Chen, Faulkner and Casey Cinemas",3,56.7,2026-07-23,CONFIRMED
1124,4672,hburch@example.org,1878,Central challenge trouble,Newton PLC Cinemas,1,17.8,2026-07-23,CONFIRMED
1125,4898,nleach@example.net,911,Memory machine,Wilson-Williams Cinemas,4,63.88,2026-07-23,CONFIRMED
1126,1216,haley66@example.com,1481,Culture Democrat,"Larson, Daniels and James Cinemas",1,21.77,2026-07-16,CONFIRMED
1127,1449,imendoza@example.net,1257,Human into,Gonzalez-Mccarthy Cinemas,5,49.15,2026-07-03,CONFIRMED
1128,3643,lisabauer@example.org,16,Smile wrong,"Ramirez, Horne and Johnson Cinemas",2,28.08,2026-06-24,CANCELLED
1129,2317,steven08@example.net,1035,Staff agency,"Turner, Ponce and Barrett Cinemas",6,112.86,2026-07-11,CONFIRMED
1130,1205,mistymatthews@example.org,1055,Mother hotel development list,"Guerrero, Watson and Perry Cinemas",1,8.26,2026-06-27,CANCELLED
1131,3619,beasleyrobert@example.com,991,Including drive,Page-Jacobs Cinemas,6,125.28,2026-06-28,CONFIRMED
1132,498,davismichelle@example.com,1429,Computer generation although matter,Long Inc Cinemas,1,18.2,2026-07-23,CONFIRMED
1133,2939,caseykenneth@example.org,424,Management nearly understand,Hardy PLC Cinemas,2,29.14,2026-07-23,CONFIRMED
1134,2160,shannon37@example.com,946,Time traditional,"Taylor, Morales and Fuller Cinemas",3,69.78,2026-07-23,CONFIRMED
1135,571,ronaldjohnson@example.com,1957,Care debate would,Warren Ltd Cinemas,4,56.6,2026-07-23,CONFIRMED
1136,3763,mcintoshpatrick@example.net,744,While senior,"Flowers, Morgan and Barnes Cinemas",5,56.15,2026-07-23,CONFIRMED
1137,4910,iward@example.net,1390,Mind point game,Gibson Ltd Cinemas,4,32.28,2026-07-23,CONFIRMED
1138,4139,ataylor@example.net,1321,Report do question,White Inc Cinemas,5,71.95,2026-06-27,CONFIRMED
1139,3013,sherrymartinez@example.net,1191,Law stay fall,Lutz and Sons Cinemas,6,83.46,2026-06-26,CANCELLED
1140,1783,heather72@example.org,334,Agent read himself,Watson-Miles Cinemas,5,111.2,2026-06-19,CONFIRMED
1141,939,joshua66@example.org,201,Science experience successful,"Cain, Contreras and Jackson Cinemas",4,39.88,2026-07-18,CONFIRMED
1142,3751,kelly05@example.net,1002,Go yourself over,"Brown, Hammond and Campbell Cinemas",2,41.3,2026-06-14,CONFIRMED
1143,1381,james14@example.net,343,Young deep husband,Ramirez Inc Cinemas,1,17.57,2026-07-23,CANCELLED
1144,4454,john53@example.com,1894,Area base,"Cruz, Fowler and Haynes Cinemas",3,41.37,2026-06-28,CONFIRMED
1145,1998,john30@example.org,677,In executive may represent,Kennedy PLC Cinemas,4,64.28,2026-07-23,CONFIRMED
1146,932,stephenwright@example.org,1794,Better ok building hand,Ochoa-Adams Cinemas,3,24.39,2026-07-23,CONFIRMED
1147,3969,gonzalesmary@example.org,217,Cultural money something,Mendoza Group Cinemas,3,71.46,2026-07-11,CONFIRMED
1148,1136,yatkins@example.net,618,Room movement,Johnson and Sons Cinemas,2,27.68,2026-07-02,CONFIRMED
1149,1263,johnsondana@example.com,1301,Hear chance,"Perry, May and Liu Cinemas",1,23.0,2026-06-29,CONFIRMED
1150,1645,fburke@example.net,742,Management hotel room,"Thomas, Becker and Mills Cinemas",6,57.3,2026-07-23,CONFIRMED
1151,3456,melissastephens@example.org,51,Start visit,"Chen, Faulkner and Casey Cinemas",6,145.32,2026-07-23,CONFIRMED
1152,3628,alicia60@example.org,1799,Generation catch environmental,"Ray, Cunningham and Levine Cinemas",5,58.5,2026-06-22,CANCELLED
1153,3605,melissa39@example.org,1521,Student notice,Marshall Group Cinemas,1,9.32,2026-06-26,CONFIRMED
1154,4357,brandon98@example.org,452,Crime mother,Elliott-Holland Cinemas,6,129.54,2026-07-23,CONFIRMED
1155,3438,colonjames@example.org,309,Contain audience on,Shah PLC Cinemas,1,11.99,2026-07-23,CONFIRMED
1156,702,stephenjohnson@example.net,158,Keep manager,Jackson Ltd Cinemas,1,19.44,2026-07-14,CONFIRMED
1157,790,stanleyclark@example.org,393,Watch,Barr PLC Cinemas,1,23.5,2026-07-23,CONFIRMED
1158,3073,lmoreno@example.net,1496,Information war letter,"Carroll, Choi and Collier Cinemas",5,61.5,2026-07-23,CONFIRMED
1159,4294,brittany58@example.org,225,Unit soon at,"Sanders, Leblanc and Maldonado Cinemas",5,110.95,2026-07-23,CONFIRMED
1160,1259,acaldwell@example.org,312,Writer probably,Simon and Sons Cinemas,2,24.44,2026-07-23,CONFIRMED
1161,2838,dwood@example.net,1301,Hear chance,"Perry, May and Liu Cinemas",4,92.0,2026-06-27,CONFIRMED
1162,3891,eric53@example.org,226,There,"Frye, Hoffman and Santiago Cinemas",5,85.05,2026-07-23,CONFIRMED
1163,3571,bwright@example.org,1867,Trip within production,Adams PLC Cinemas,6,85.32,2026-06-28,CANCELLED
1164,771,wardlinda@example.net,664,Poor cause,Sanchez-Douglas Cinemas,5,43.0,2026-07-23,CONFIRMED
1165,4050,daughertyjoseph@example.com,393,Watch,Barr PLC Cinemas,1,23.5,2026-07-23,CONFIRMED
1166,3168,mistystephens@example.net,319,What no,"Porter, Patel and Jackson Cinemas",1,22.89,2026-07-23,CONFIRMED
1167,1290,renee53@example.com,1991,Employee forward,Harper-Johnson Cinemas,3,28.86,2026-07-23,CANCELLED
1168,4277,efowler@example.net,607,Yard,"Kramer, Edwards and Harrison Cinemas",5,100.15,2026-06-29,CONFIRMED
1169,1441,emilypatterson@example.org,826,Far view,"Williams, Newman and Jones Cinemas",4,63.16,2026-07-19,CONFIRMED
1170,3147,harveyjames@example.net,856,Though process,"Warner, Baker and Campbell Cinemas",6,114.54,2026-07-04,CONFIRMED
1171,2186,kwu@example.org,33,Project,"Olson, Hebert and Jones Cinemas",6,124.74,2026-07-03,CONFIRMED
1172,4839,christina41@example.org,739,Environmental reflect,Flores Ltd Cinemas,3,68.79,2026-07-23,CONFIRMED
1173,3925,colemanstacey@example.net,160,On,"Medina, Green and Rivera Cinemas",2,49.14,2026-07-23,CONFIRMED
1174,2642,brooke09@example.com,303,Beyond interesting,Moreno Ltd Cinemas,3,28.89,2026-07-23,CONFIRMED
1175,1113,watsontina@example.net,1172,Under especially,"Wells, Anderson and Rodriguez Cinemas",5,46.55,2026-07-09,CANCELLED
1176,61,iparker@example.org,1462,Toward right,Duke-Schultz Cinemas,3,26.64,2026-07-23,CONFIRMED
1177,2184,bakermadison@example.org,694,Partner billion day operation,Medina Group Cinemas,5,118.05,2026-07-12,CONFIRMED
1178,1809,ann26@example.org,1030,Off region measure,"Campbell, Long and Silva Cinemas",5,62.1,2026-07-01,CONFIRMED
1179,171,imitchell@example.net,554,Discussion east wrong,"Martinez, Roman and Murphy Cinemas",5,47.6,2026-06-22,CONFIRMED
1180,2872,christinedennis@example.net,1869,Conference,Rodriguez Group Cinemas,5,63.55,2026-07-23,CONFIRMED
1181,2840,regina46@example.org,1356,Can this scientist,"Foster, Smith and Grimes Cinemas",5,118.4,2026-07-20,CONFIRMED
1182,3212,wnelson@example.com,1622,Different account might,Herrera-Coleman Cinemas,2,24.78,2026-07-23,CONFIRMED
1183,2315,christophercollier@example.com,1788,Never program,White-Morales Cinemas,6,131.4,2026-06-27,CONFIRMED
1184,3244,donna42@example.net,1939,True care,"Murphy, Lee and Garcia Cinemas",4,37.76,2026-07-02,CONFIRMED
1185,4309,alvarezerika@example.org,828,Over charge,White-Reese Cinemas,6,76.08,2026-07-09,CONFIRMED
1186,861,wellsryan@example.org,1707,Piece individual foot manage,"Baker, Williams and Jones Cinemas",6,134.82,2026-07-03,CONFIRMED
1187,3512,boydamanda@example.com,119,Generation main,Acosta and Sons Cinemas,6,64.02,2026-07-23,CONFIRMED
1188,2959,burnsjohn@example.com,835,Social which,"Payne, Escobar and Barrett Cinemas",4,52.56,2026-07-23,CONFIRMED
1189,4641,clinton67@example.com,1317,Drop,Green-Ewing Cinemas,5,69.8,2026-07-23,CONFIRMED
1190,3190,xcruz@example.org,458,South director,"Burns, Barker and Horton Cinemas",2,42.2,2026-07-17,CONFIRMED
1191,1557,brookskenneth@example.org,1516,Hotel,Smith Ltd Cinemas,5,92.35,2026-07-23,CONFIRMED
1192,3775,andreadiaz@example.org,1598,Six admit enough,Hunter-Estrada Cinemas,2,17.66,2026-07-23,CONFIRMED
1193,2797,olsencarlos@example.com,1805,Identify effort,"Taylor, Williams and Hall Cinemas",6,108.48,2026-06-24,CONFIRMED
1194,1457,terri76@example.com,721,Though hard trip,Mendoza Group Cinemas,5,71.2,2026-06-25,CONFIRMED
1195,1452,jackreynolds@example.com,1102,Almost home dream,Villarreal-Jackson Cinemas,3,71.85,2026-06-28,CONFIRMED
1196,1678,melissa54@example.com,1130,Either choose to,Jones-Contreras Cinemas,2,21.86,2026-07-23,CANCELLED
1197,4415,ucoleman@example.net,655,Less among change,English-Dominguez Cinemas,5,51.85,2026-07-23,CONFIRMED
1198,1789,jpowell@example.net,916,Trip blue,"Compton, Owens and Decker Cinemas",1,17.04,2026-07-23,CONFIRMED
1199,4172,lindaflowers@example.net,1006,Case include,Payne PLC Cinemas,2,39.56,2026-06-21,CONFIRMED
1200,140,brianmcdaniel@example.com,224,More current,Patterson-Lawrence Cinemas,6,148.74,2026-06-22,CONFIRMED
1201,4245,shannon36@example.net,1259,Suggest job,"Carrillo, Henderson and Matthews Cinemas",1,24.14,2026-07-23,CONFIRMED
1202,2183,jessetaylor@example.com,159,Build pay,Barrera Group Cinemas,4,95.56,2026-06-19,CONFIRMED
1203,15,brownjoanna@example.org,983,Entire,Parks Ltd Cinemas,2,17.2,2026-07-23,CONFIRMED
1204,871,hufftroy@example.net,65,Far these,Sellers LLC Cinemas,2,27.12,2026-07-13,CONFIRMED
1205,3989,danielgraham@example.net,455,Several concern,"Davis, Rodriguez and Andrews Cinemas",2,26.98,2026-06-26,CONFIRMED
1206,1972,carolwashington@example.net,408,Plant similar out,Harris-Wright Cinemas,5,123.6,2026-07-23,CONFIRMED
1207,1260,robertsdavid@example.net,116,Parent strategy not,Hernandez Inc Cinemas,1,13.41,2026-07-22,CANCELLED
1208,3541,william78@example.net,1737,Blue soon boy,"Jones, Rowland and Oconnor Cinemas",4,47.44,2026-07-23,CANCELLED
1209,3983,qbarnes@example.net,1859,Receive attack,"Bray, Nicholson and Walker Cinemas",1,16.36,2026-07-23,CONFIRMED
1210,3952,zryan@example.net,590,Will close crime,"Baker, May and Hughes Cinemas",5,98.1,2026-06-28,CONFIRMED
1211,3738,james87@example.org,1184,Need door draw,"Henson, Jones and Sanders Cinemas",3,33.0,2026-07-14,CONFIRMED
1212,46,jwilliams@example.net,282,Start accept civil,Marshall Group Cinemas,5,58.6,2026-07-23,CONFIRMED
1213,4804,tmorrison@example.net,1184,Need door draw,"Henson, Jones and Sanders Cinemas",4,44.0,2026-07-05,CONFIRMED
1214,245,samuel83@example.com,1193,Body history cup scene,"Blanchard, Taylor and Porter Cinemas",5,47.85,2026-07-23,CONFIRMED
1215,3021,rnguyen@example.net,727,Raise church,Carter-Johnson Cinemas,2,16.36,2026-07-19,CONFIRMED
1216,4634,gloria33@example.net,797,Idea gun during,Harrison-Leach Cinemas,2,35.8,2026-07-23,CONFIRMED
1217,2726,patrick93@example.net,266,Soldier current body,Sutton-Patterson Cinemas,4,51.8,2026-07-23,CONFIRMED
1218,2916,iduncan@example.org,1243,Meeting enter no,Coleman-Long Cinemas,1,20.71,2026-07-07,CONFIRMED
1219,2541,earl23@example.com,605,Price writer spring question,Mckinney-Butler Cinemas,3,57.21,2026-07-23,CONFIRMED
1220,2341,hjones@example.com,499,North billion well,"Baker, Mason and White Cinemas",6,119.94,2026-07-23,CONFIRMED
1221,1439,cynthiabutler@example.org,744,While senior,"Flowers, Morgan and Barnes Cinemas",6,67.38,2026-07-23,CONFIRMED
1222,2137,anna75@example.com,1310,Significant free,"Marshall, Murray and Miller Cinemas",3,69.63,2026-07-23,CONFIRMED
1223,118,cjohnson@example.net,1465,Born dream,"Compton, Owens and Decker Cinemas",4,76.44,2026-06-28,CANCELLED
1224,3881,mscott@example.org,569,President wind,Peterson-Wagner Cinemas,6,103.68,2026-06-16,CONFIRMED
1225,2926,wrightcynthia@example.org,362,Shoulder plant,Turner Inc Cinemas,6,140.46,2026-07-23,CONFIRMED
1226,356,johnsonsharon@example.com,37,Now whom smile,Lee-Weeks Cinemas,2,39.82,2026-07-07,CONFIRMED
1227,4213,melody90@example.net,1676,May military most,Hernandez Ltd Cinemas,4,91.28,2026-07-23,CONFIRMED
1228,4086,heathamber@example.org,559,Rise soldier own,"Rivera, Gomez and Levine Cinemas",2,20.6,2026-07-03,CONFIRMED
1229,3561,nguyenjill@example.org,852,Mind discuss too,"White, Burch and Reynolds Cinemas",2,17.94,2026-07-23,CONFIRMED
1230,4334,hfarmer@example.org,1068,Hospital bill,Wheeler PLC Cinemas,4,86.08,2026-07-01,CONFIRMED
1231,3709,michael97@example.com,1238,Campaign wall,"Ho, Little and Leon Cinemas",4,66.0,2026-06-27,CONFIRMED
1232,4708,amanda74@example.com,1214,Until store,"Flowers, Morgan and Barnes Cinemas",2,29.88,2026-07-03,CONFIRMED
1233,3492,jo03@example.org,790,Speak,"Miller, Hansen and Salas Cinemas",1,14.0,2026-07-23,CONFIRMED
1234,960,kmartinez@example.net,641,Happy country ever,"Davis, Wood and Paul Cinemas",6,73.32,2026-07-23,CONFIRMED
1235,2492,bradley39@example.net,1593,Offer his discover,"Warner, Baker and Campbell Cinemas",4,47.64,2026-07-23,CONFIRMED
1236,4124,molly64@example.org,18,Thank behind,"Smith, Swanson and Glass Cinemas",6,77.52,2026-07-20,CONFIRMED
1237,2389,gary00@example.org,1801,Answer reveal way few,Garner LLC Cinemas,3,53.43,2026-07-23,CONFIRMED
1238,4812,stephanie59@example.com,1063,Bit sing,"Miranda, Wheeler and Avila Cinemas",6,140.52,2026-07-16,CONFIRMED
1239,344,johnmerritt@example.com,1132,Culture woman stage bank,"Calhoun, Wilson and Oneal Cinemas",3,69.24,2026-07-23,CONFIRMED
1240,4472,marissa67@example.net,935,Claim opportunity ability,Ho-Mendez Cinemas,2,38.02,2026-07-13,CONFIRMED
1241,754,paulsmith@example.org,1351,Discussion enjoy,Bell-Jordan Cinemas,2,40.32,2026-07-23,CONFIRMED
1242,4027,michael26@example.com,1668,Perhaps crime,Gibbs Group Cinemas,1,15.18,2026-07-23,CONFIRMED
1243,4320,vowen@example.com,271,If now television,"Castro, Irwin and Rodriguez Cinemas",2,37.44,2026-07-22,CANCELLED
1244,2511,vaughnpaula@example.org,1096,Democratic beautiful,Johnson-Powers Cinemas,2,43.28,2026-07-23,CONFIRMED
1245,2236,lewislori@example.com,972,Less admit involve,"Howard, Brennan and Moore Cinemas",6,137.1,2026-07-23,CONFIRMED
1246,3310,yjohnson@example.com,588,For true we,Wright and Sons Cinemas,3,31.95,2026-07-23,CONFIRMED
1247,806,davidhaynes@example.com,515,Fear everything bad receive,Wright and Sons Cinemas,3,45.54,2026-06-13,CANCELLED
1248,2796,lroberson@example.net,1799,Generation catch environmental,"Ray, Cunningham and Levine Cinemas",5,58.5,2026-06-09,CONFIRMED
1249,887,hernandezthomas@example.net,1037,Total sort,"Andrade, Gordon and Cruz Cinemas",6,105.36,2026-06-29,CONFIRMED
1250,765,taylorkaylee@example.com,326,Surface west,Lee-Weeks Cinemas,6,132.42,2026-07-01,CONFIRMED
1251,209,kelsey70@example.net,116,Parent strategy not,Hernandez Inc Cinemas,4,53.64,2026-07-17,CONFIRMED
1252,847,dominiquemaxwell@example.com,1101,Stock for political,"Freeman, Hall and Allison Cinemas",6,79.08,2026-06-22,CONFIRMED
1253,3634,lance16@example.net,1838,Mrs threat,"Skinner, Howe and Davis Cinemas",1,15.83,2026-07-19,CONFIRMED
1254,533,alejandro92@example.net,785,Attorney pull,Carroll-Snyder Cinemas,1,21.58,2026-06-28,CONFIRMED
1255,130,debra34@example.com,1621,Item already,Rodriguez-Hernandez Cinemas,6,50.04,2026-07-23,CONFIRMED
1256,3597,tyler16@example.com,1244,Push price should,Anderson-Silva Cinemas,6,50.76,2026-07-11,CONFIRMED
1257,1064,igoodman@example.net,1185,Determine hundred,Johnson and Sons Cinemas,6,59.88,2026-06-19,CONFIRMED
1258,532,osbornkelly@example.net,34,Staff political theory,Miller-Smith Cinemas,5,118.9,2026-07-23,CONFIRMED
1259,102,hlester@example.org,410,Particularly,Russell Inc Cinemas,5,86.15,2026-07-23,CONFIRMED
1260,2576,tdiaz@example.net,1040,Laugh discuss,"Levy, Franco and Hoffman Cinemas",6,84.72,2026-07-23,CONFIRMED
1261,4975,xhayes@example.net,1513,Every impact,"King, Taylor and Middleton Cinemas",6,60.78,2026-07-04,CONFIRMED
1262,1501,maria53@example.net,1132,Culture woman stage bank,"Calhoun, Wilson and Oneal Cinemas",1,23.08,2026-07-23,CONFIRMED
1263,1050,emilylopez@example.com,1565,Site yeah,"Baker, May and Hughes Cinemas",6,121.8,2026-07-18,CONFIRMED
1264,1850,fgarcia@example.org,819,Maybe finish,Peterson-Dunn Cinemas,5,87.5,2026-07-23,CANCELLED
1265,815,nicole39@example.org,1501,Else traditional,"Stevens, Norris and Smith Cinemas",1,21.13,2026-07-23,CONFIRMED
1266,4920,carriebrewer@example.com,1821,Person data force,Ruiz-Rivera Cinemas,3,24.54,2026-07-23,CONFIRMED
1267,4504,hbailey@example.org,250,Local,"Nichols, Glover and Knox Cinemas",4,98.72,2026-07-23,CONFIRMED
1268,4097,cynthiaroberts@example.org,1434,But issue everything,Moyer-Ramirez Cinemas,3,41.76,2026-06-25,CONFIRMED
1269,2926,wrightcynthia@example.org,639,Boy worry medical,Oconnell-Smith Cinemas,4,47.92,2026-07-23,CONFIRMED
1270,2830,drakeamanda@example.com,203,According event change,Stafford Ltd Cinemas,3,28.26,2026-07-23,CONFIRMED
1271,2430,awalker@example.net,1620,Example evening campaign,"Carpenter, Morrow and Smith Cinemas",6,60.72,2026-07-22,CANCELLED
1272,3854,josephallen@example.org,824,Couple,Morrison-Simmons Cinemas,3,33.36,2026-06-28,CANCELLED
1273,2092,gutierrezolivia@example.com,238,Scene understand,Ortiz Ltd Cinemas,4,53.6,2026-07-23,CONFIRMED
1274,3021,rnguyen@example.net,397,Southern student,Greene-Shelton Cinemas,5,97.05,2026-07-16,CONFIRMED
1275,633,james60@example.org,846,Science order share son,Miller Group Cinemas,2,40.66,2026-07-23,CONFIRMED
1276,533,alejandro92@example.net,1446,When,Colon LLC Cinemas,5,64.6,2026-07-15,CONFIRMED
1277,3034,jay70@example.org,955,House participant want,Reid-Miller Cinemas,1,17.74,2026-07-23,CONFIRMED
1278,605,kevinespinoza@example.org,940,School address wear value,Black-Mccoy Cinemas,1,18.28,2026-07-23,CANCELLED
1279,826,castillokyle@example.com,1415,Act indicate conference,"Arnold, Vargas and Ramirez Cinemas",5,80.3,2026-07-23,CONFIRMED
1280,2275,tlawrence@example.net,18,Thank behind,"Smith, Swanson and Glass Cinemas",4,51.68,2026-07-10,CONFIRMED
1281,2891,andrea54@example.net,1141,Lead least,Jones-Taylor Cinemas,5,115.95,2026-07-23,CANCELLED
1282,835,jason21@example.net,895,Choose city,Vargas-Snyder Cinemas,6,104.52,2026-07-23,CONFIRMED
1283,565,kyle14@example.com,484,Particularly piece participant,"Marquez, Martinez and Bailey Cinemas",4,39.52,2026-07-23,CONFIRMED
1284,2729,bradfordsheila@example.com,461,Popular design good,Hudson-Sparks Cinemas,2,28.4,2026-07-23,CONFIRMED
1285,3311,csmith@example.com,1298,Might then increase dark,"Smith, Beard and Taylor Cinemas",5,60.8,2026-06-29,CANCELLED
1286,2911,isaiahbrown@example.net,1851,Note support enough,"Carpenter, Morrow and Smith Cinemas",5,99.0,2026-07-21,CONFIRMED
1287,3645,mcontreras@example.org,477,Point vote want,Nguyen-Castro Cinemas,4,60.08,2026-07-23,CANCELLED
1288,97,frederick62@example.org,1239,Structure behind somebody,Reid-Miller Cinemas,4,41.76,2026-06-27,CANCELLED
1289,4902,nicholasschneider@example.org,1355,Table mission forward,"Howard, Townsend and Hayes Cinemas",1,19.46,2026-07-23,CONFIRMED
1290,87,amydavid@example.org,642,They school hit,"Flowers, Berry and Ramirez Cinemas",1,13.22,2026-07-03,CONFIRMED
1291,4824,tayloryvonne@example.com,1453,Carry available,"Davis, Mays and Douglas Cinemas",5,76.15,2026-07-23,CANCELLED
1292,4294,brittany58@example.org,1579,Into after,Nguyen-Jenkins Cinemas,1,12.7,2026-07-23,CONFIRMED
1293,3605,melissa39@example.org,905,It week yeah,Singleton-King Cinemas,6,101.28,2026-06-28,CONFIRMED
1294,260,monica00@example.org,1077,Help blood of,"Martinez, Rose and Jackson Cinemas",6,56.82,2026-07-23,CONFIRMED
1295,2029,bswanson@example.org,556,Pretty least,Morris-Armstrong Cinemas,4,99.52,2026-06-25,CONFIRMED
1296,711,bradydavid@example.com,566,Blue soon boy,Price-Lee Cinemas,3,41.76,2026-06-13,CONFIRMED
1297,1992,srodriguez@example.net,1414,Discover relate,"Martin, Cervantes and Stokes Cinemas",2,28.9,2026-07-08,CONFIRMED
1298,4560,nrodriguez@example.net,417,Consumer character account,"Ramirez, Miller and Mccormick Cinemas",2,41.74,2026-07-08,CONFIRMED
1299,4006,bpham@example.com,1748,Ever,Solis-Edwards Cinemas,1,10.71,2026-07-17,CONFIRMED
1300,3125,qchapman@example.org,1252,Then single,"Castro, Garcia and Daniels Cinemas",3,40.65,2026-07-14,CONFIRMED
1301,1461,michelle51@example.net,1887,Entire right,"Scott, Robertson and Mendez Cinemas",3,60.36,2026-07-17,CONFIRMED
1302,3148,catherinemartin@example.net,361,Day think,Mclaughlin Inc Cinemas,5,59.3,2026-07-23,CONFIRMED
1303,2445,karen17@example.com,969,Loss dark act,"Vasquez, Sanchez and Green Cinemas",5,93.85,2026-07-12,CANCELLED
1304,1178,wsanchez@example.org,1622,Different account might,Herrera-Coleman Cinemas,6,74.34,2026-07-23,CONFIRMED
1305,3218,silvamatthew@example.com,1808,Gun size cup,"James, Howard and Johnson Cinemas",6,50.04,2026-07-23,CONFIRMED
1306,248,sarah83@example.net,821,Realize throw whose,Morris-Armstrong Cinemas,1,14.41,2026-07-23,CONFIRMED
1307,432,brandon34@example.org,1682,Against discuss give,"Richardson, Stephens and Barnes Cinemas",3,38.52,2026-06-18,CONFIRMED
1308,370,duranlindsay@example.org,140,Analysis how,Smith-Wilson Cinemas,6,107.76,2026-07-23,CONFIRMED
1309,3677,cassandradiaz@example.org,247,Development me need,Martinez Ltd Cinemas,5,56.55,2026-07-19,CONFIRMED
1310,1579,lauradominguez@example.org,1260,Might short player,Casey-Romero Cinemas,2,18.78,2026-07-21,CANCELLED
1311,188,timothy27@example.org,1069,Finish person,Morris-Armstrong Cinemas,4,33.08,2026-07-23,CANCELLED
1312,1704,david82@example.net,1929,There magazine politics,Myers and Sons Cinemas,3,28.71,2026-07-23,CONFIRMED
1313,2158,john98@example.org,1005,Other drive,Miller LLC Cinemas,4,81.56,2026-07-23,CANCELLED
1314,4593,zphillips@example.net,1894,Area base,"Cruz, Fowler and Haynes Cinemas",2,27.58,2026-07-10,CONFIRMED
1315,4625,vdunn@example.org,1401,Oil,Lynch LLC Cinemas,5,92.85,2026-07-23,CONFIRMED
1316,3634,lance16@example.net,1211,Alone eight,Griffin-Hernandez Cinemas,3,48.72,2026-07-07,CONFIRMED
1317,2797,olsencarlos@example.com,1506,Manage age foreign,Herman-Martin Cinemas,6,149.28,2026-06-18,CONFIRMED
1318,2417,wsmith@example.net,1178,Conference wait military,Smith LLC Cinemas,4,64.28,2026-07-23,CANCELLED
1319,999,michael44@example.com,675,Pattern far break,Scott-Perez Cinemas,3,73.5,2026-06-29,CONFIRMED
1320,621,erica71@example.net,1340,Blue require lot,Clark Inc Cinemas,2,17.5,2026-07-23,CONFIRMED
1321,2089,wiserenee@example.net,228,Today,"Trevino, Henderson and Gonzalez Cinemas",2,23.94,2026-07-23,CONFIRMED
1322,3132,vfrederick@example.com,1550,Skin office oil,Smith Group Cinemas,1,23.16,2026-07-23,CANCELLED
1323,2473,npalmer@example.com,1995,Appear degree far,Smith LLC Cinemas,4,67.88,2026-07-23,CANCELLED
1324,3342,jriley@example.com,482,Make include,"Navarro, Marsh and Hurst Cinemas",3,65.1,2026-07-23,CONFIRMED
1325,1984,ggray@example.net,1343,Through itself,Sims-Padilla Cinemas,4,91.68,2026-06-30,CANCELLED
1326,2935,gmcdonald@example.net,14,Nearly author,Smith-Carrillo Cinemas,1,17.54,2026-07-17,CANCELLED
1327,1466,simonedward@example.net,706,Only practice write,"Medina, Lee and Freeman Cinemas",1,9.44,2026-07-23,CONFIRMED
1328,2896,bendermatthew@example.org,559,Rise soldier own,"Rivera, Gomez and Levine Cinemas",1,10.3,2026-07-13,CONFIRMED
1329,1664,aliciabenjamin@example.com,293,Save job shoulder,Clark Group Cinemas,6,62.82,2026-07-23,CANCELLED
1330,4589,ian56@example.com,147,Particular include really,Ward-Blake Cinemas,5,108.0,2026-07-14,CONFIRMED
1331,133,paynestephanie@example.net,97,Building truth success cause,Robertson-Hays Cinemas,4,47.76,2026-07-23,CONFIRMED
1332,670,christopherturner@example.org,65,Far these,Sellers LLC Cinemas,1,13.56,2026-07-12,CONFIRMED
1333,1243,jacksonkristen@example.net,1189,Claim final,Wilson-Jones Cinemas,6,86.34,2026-06-20,CONFIRMED
1334,4922,duane50@example.com,946,Time traditional,"Taylor, Morales and Fuller Cinemas",4,93.04,2026-07-23,CONFIRMED
1335,1313,jeffreythomas@example.com,562,Reach avoid,Bean-Evans Cinemas,4,39.6,2026-07-23,CONFIRMED
1336,4831,gina31@example.org,730,He authority third,Baxter PLC Cinemas,3,67.2,2026-07-23,CONFIRMED
1337,4952,turnerroger@example.net,1349,Serve successful behavior develop,Fitzgerald-Scott Cinemas,5,96.25,2026-07-23,CONFIRMED
1338,3921,jeremyjackson@example.org,1487,Actually meet,"Hatfield, Edwards and Brown Cinemas",6,86.94,2026-07-23,CONFIRMED
1339,544,qirwin@example.com,1773,Family part conference,Anderson-Kirk Cinemas,6,113.7,2026-07-02,CANCELLED
1340,3433,jonathonmorris@example.org,42,Create attack life,Jackson Ltd Cinemas,5,57.3,2026-07-23,CONFIRMED
1341,792,hsimmons@example.com,1879,Word draw card,Reyes Inc Cinemas,6,88.68,2026-07-10,CONFIRMED
1342,1759,wgarcia@example.com,20,Bit positive break,"Baker, Mason and White Cinemas",6,126.78,2026-07-10,CONFIRMED
1343,1240,whiterobert@example.com,1651,Campaign wife,"Herring, Wilson and Mendoza Cinemas",3,54.63,2026-07-07,CONFIRMED
1344,3042,vanessamoore@example.org,614,Maintain great gas,Lowery LLC Cinemas,3,67.53,2026-06-16,CONFIRMED
1345,1002,jessica94@example.com,47,Development thus,"King, Taylor and Middleton Cinemas",5,49.5,2026-07-23,CONFIRMED
1346,3946,ryan47@example.org,780,She foot,"Davis, Johnson and Williams Cinemas",1,10.63,2026-07-23,CONFIRMED
1347,3,poncelisa@example.com,1404,Expect production,Davis Inc Cinemas,5,87.95,2026-07-23,CANCELLED
1348,4320,vowen@example.com,1958,About I,Sullivan PLC Cinemas,2,36.22,2026-06-24,CANCELLED
1349,4099,melissafischer@example.net,1899,Allow tree miss,Welch-Hogan Cinemas,5,79.7,2026-07-23,CONFIRMED
1350,2715,jasmineshepard@example.com,1530,Space wear,"Chen, Faulkner and Casey Cinemas",6,111.42,2026-07-01,CANCELLED
1351,4132,tylergreen@example.org,1781,Economy material,Moore-Bright Cinemas,2,35.14,2026-06-22,CONFIRMED
1352,4467,robert18@example.com,1680,Common half,Ward-Blake Cinemas,1,14.23,2026-07-23,CONFIRMED
1353,3130,benjaminwilliams@example.org,1532,During drive,Barron-Brown Cinemas,2,23.48,2026-07-09,CONFIRMED
1354,473,rcannon@example.com,208,Past degree,Munoz-Stokes Cinemas,2,48.2,2026-06-22,CONFIRMED
1355,698,andrearivera@example.net,1647,Despite suddenly draw already,Mclaughlin Inc Cinemas,4,78.68,2026-07-03,CONFIRMED
1356,4288,hawkinsanthony@example.net,156,Worker himself,Hernandez Group Cinemas,3,49.26,2026-07-23,CONFIRMED
1357,3174,lisafoster@example.net,565,Student another,"Meyers, Farrell and Miller Cinemas",3,35.16,2026-06-21,CONFIRMED
1358,541,smithbrandon@example.com,502,Ground general today,"Miranda, Reese and Johnson Cinemas",1,9.58,2026-07-23,CANCELLED
1359,3105,joanwright@example.org,1224,Else coach,Ochoa-Adams Cinemas,5,59.6,2026-06-16,CONFIRMED
1360,1196,acombs@example.net,1775,Source south ask,Shields LLC Cinemas,1,16.23,2026-07-04,CONFIRMED
1361,189,jonhall@example.org,1863,Show give,Ramirez Inc Cinemas,2,27.2,2026-07-12,CONFIRMED
1362,1886,nguyenterri@example.com,49,Generation radio,Mccoy-Alvarado Cinemas,5,83.8,2026-06-29,CONFIRMED
1363,4815,donaldrussell@example.org,1807,Worker determine,Edwards Inc Cinemas,5,66.25,2026-07-23,CONFIRMED
1364,2136,susan45@example.net,329,Another standard one on,Greene-Shelton Cinemas,2,37.68,2026-06-23,CONFIRMED
1365,4852,timothypatel@example.net,1120,Senior suggest light four,"Santiago, Smith and Cannon Cinemas",4,59.12,2026-07-05,CONFIRMED
1366,690,robert07@example.com,448,Few risk type,Meyers-Owens Cinemas,3,42.69,2026-07-23,CONFIRMED
1367,246,sullivanjoshua@example.net,134,Sea character none,Gutierrez-Ortiz Cinemas,1,12.82,2026-06-24,CANCELLED
1368,4119,shane87@example.net,1112,Mr Mr all,White-Reese Cinemas,3,30.06,2026-07-23,CONFIRMED
1369,799,wmarshall@example.org,1178,Conference wait military,Smith LLC Cinemas,2,32.14,2026-07-23,CONFIRMED
1370,1100,beasleybreanna@example.net,1169,Bill involve sound future,"Guerrero, Watson and Perry Cinemas",1,21.43,2026-06-24,CONFIRMED
1371,4100,hillbryan@example.net,1131,What professor,"Rodriguez, Massey and Day Cinemas",3,45.84,2026-07-23,CONFIRMED
1372,2596,wellsjasmine@example.com,1181,Standard strategy,"Myers, Gamble and Sanford Cinemas",3,41.28,2026-07-12,CONFIRMED
1373,2429,qalvarado@example.com,1516,Hotel,Smith Ltd Cinemas,1,18.47,2026-07-23,CANCELLED
1374,4363,hancocksarah@example.org,186,Argue sense something,Mccoy-Strickland Cinemas,2,17.74,2026-06-29,CONFIRMED
1375,2661,lopezmichelle@example.net,1202,Pattern reach,"Herring, Wilson and Mendoza Cinemas",6,58.08,2026-07-23,CONFIRMED
1376,2783,colemary@example.net,983,Entire,Parks Ltd Cinemas,3,25.8,2026-07-23,CONFIRMED
1377,3091,derrick85@example.org,953,Whose which,Harris-Hernandez Cinemas,5,71.95,2026-06-24,CONFIRMED
1378,2204,alexanderlisa@example.net,597,Start,Harrell-Hebert Cinemas,3,71.22,2026-07-11,CONFIRMED
1379,4337,jason72@example.org,1200,Last before material,Hamilton LLC Cinemas,4,47.52,2026-07-21,CONFIRMED
1380,829,ojones@example.org,1089,Sell amount executive,Kim-George Cinemas,3,49.2,2026-07-23,CONFIRMED
1381,425,jhickman@example.net,1594,Course vote team,"Nichols, Glover and Knox Cinemas",4,99.2,2026-07-23,CONFIRMED
1382,827,cruzcaitlin@example.com,132,Step different,"White, Smith and Warner Cinemas",6,118.02,2026-07-14,CANCELLED
1383,4759,thomassingleton@example.org,516,Modern side expert,Smith-Clayton Cinemas,1,13.51,2026-07-23,CONFIRMED
1384,321,cassandra33@example.net,92,Mr same between,Wallace-Berry Cinemas,3,57.48,2026-07-23,CONFIRMED
1385,4967,matthew24@example.com,1926,Stop though page,Grant-Diaz Cinemas,5,59.0,2026-07-23,CONFIRMED
1386,1748,ukelly@example.org,1750,Professor laugh,Lyons PLC Cinemas,4,58.76,2026-07-23,CONFIRMED
1387,3143,timothy95@example.net,1473,Hundred stage however,"Harper, Thomas and Turner Cinemas",3,33.99,2026-07-20,CONFIRMED
1388,4918,eacevedo@example.com,1654,Foreign,"Nguyen, Marsh and Beck Cinemas",6,58.32,2026-07-23,CANCELLED
1389,883,fluna@example.net,901,Model place,"Kennedy, Cohen and Pennington Cinemas",6,52.98,2026-07-12,CANCELLED
1390,3096,daviddalton@example.com,1733,Receive here north over,"Campbell, Burgess and Sweeney Cinemas",6,76.74,2026-07-23,CONFIRMED
1391,2526,wilkinsalexander@example.net,960,Beat sign,Carlson-Cruz Cinemas,6,77.1,2026-06-23,CONFIRMED
1392,1176,johngarrison@example.org,646,Cultural sign name herself,Hampton-Tucker Cinemas,3,54.42,2026-07-23,CONFIRMED
1393,3431,csnyder@example.net,1185,Determine hundred,Johnson and Sons Cinemas,5,49.9,2026-07-02,CONFIRMED
1394,3145,dparker@example.org,1691,Remain upon former,"Jacobs, Calhoun and Wyatt Cinemas",6,142.86,2026-07-17,CONFIRMED
1395,1634,racevedo@example.org,1062,Too responsibility,"Anderson, Velazquez and Stewart Cinemas",1,23.27,2026-07-23,CONFIRMED
1396,2471,adkinsjared@example.net,1124,Time area source,"Hayes, Sharp and Wilson Cinemas",1,18.99,2026-06-27,CONFIRMED
1397,2027,kathryn64@example.com,1099,Dream including resource,"Salazar, Carlson and Hall Cinemas",2,45.98,2026-07-23,CONFIRMED
1398,4035,andrewsmith@example.org,250,Local,"Nichols, Glover and Knox Cinemas",3,74.04,2026-07-23,CONFIRMED
1399,143,uclark@example.org,1116,Deep better,"Moore, Alexander and Reed Cinemas",5,117.1,2026-07-16,CONFIRMED
1400,3006,hawkinsjeffrey@example.net,1826,Fact true,Guzman-Montoya Cinemas,4,96.76,2026-07-23,CONFIRMED
1401,629,harrisstacey@example.net,1652,Article available,Peterson-Mullins Cinemas,6,71.04,2026-07-23,CONFIRMED
1402,965,collinslaura@example.com,1177,Right now mean,"Carrillo, Henderson and Matthews Cinemas",6,99.78,2026-07-23,CONFIRMED
1403,3033,pweber@example.net,855,Out civil service,Parks Ltd Cinemas,2,47.32,2026-07-23,CANCELLED
1404,2539,rreese@example.com,994,Cause we,Hall-Washington Cinemas,1,11.23,2026-07-09,CONFIRMED
1405,4274,mparker@example.net,1681,Not practice,Joseph Inc Cinemas,4,74.68,2026-07-07,CONFIRMED
1406,4119,shane87@example.net,1337,Pay across stage,"Wallace, Perkins and Johnson Cinemas",1,20.6,2026-07-23,CONFIRMED
1407,1307,kevin72@example.com,744,While senior,"Flowers, Morgan and Barnes Cinemas",2,22.46,2026-07-23,CONFIRMED
1408,1051,robinvasquez@example.com,912,Nothing letter lot sing,Colon LLC Cinemas,5,123.1,2026-07-02,CONFIRMED
1409,1937,ericryan@example.org,1448,Pm her yes,"Ellis, Ortega and Andrade Cinemas",3,69.96,2026-07-23,CONFIRMED
1410,2649,elizabeth26@example.org,1720,Player,Wagner-Hernandez Cinemas,3,74.58,2026-07-23,CONFIRMED
1411,4694,hillmelissa@example.net,1992,Read difficult,Knight Group Cinemas,6,85.14,2026-07-23,CANCELLED
1412,3754,johnsonamber@example.com,18,Thank behind,"Smith, Swanson and Glass Cinemas",2,25.84,2026-07-20,CANCELLED
1413,2608,greenbrenda@example.org,1363,At trip,Reed Group Cinemas,2,21.58,2026-07-15,CONFIRMED
1414,3499,rose86@example.com,1972,Hospital cut person cultural,"Kennedy, Mueller and Aguirre Cinemas",1,13.27,2026-07-23,CONFIRMED
1415,2267,wbrennan@example.com,1494,Particular we,Johnson-Nelson Cinemas,5,88.6,2026-07-23,CONFIRMED
1416,2685,megan48@example.com,716,Soldier six until,"Miller, Wade and Flores Cinemas",2,40.94,2026-07-14,CONFIRMED
1417,2801,hartronald@example.net,1590,Opportunity,Greene-Shelton Cinemas,4,46.44,2026-06-12,CANCELLED
1418,1317,washingtonstephanie@example.net,1716,Realize arm,"Hamilton, Green and Edwards Cinemas",6,64.68,2026-06-25,CONFIRMED
1419,3753,whitehaley@example.net,118,Year respond,White-Morales Cinemas,4,95.88,2026-07-23,CONFIRMED
1420,3667,lisa64@example.net,394,Pattern enter fact,Hoffman PLC Cinemas,2,35.72,2026-07-21,CONFIRMED
1421,3742,ortizrobert@example.org,710,Gas prove line,"Sanders, Leblanc and Maldonado Cinemas",6,100.86,2026-07-23,CONFIRMED
1422,1267,paulrussell@example.com,457,Resource kitchen year,Coleman-Long Cinemas,2,39.66,2026-07-23,CONFIRMED
1423,3816,asmith@example.org,989,Game example,Tucker-Olson Cinemas,2,47.36,2026-07-18,CONFIRMED
1424,1537,michaelyoung@example.org,390,Style stop really lead,"Short, Brooks and Lang Cinemas",4,58.8,2026-06-18,CONFIRMED
1425,2906,emily00@example.org,195,Perform home million,Huynh PLC Cinemas,2,36.5,2026-07-23,CONFIRMED
1426,546,zhumphrey@example.org,239,Site,"Brown, Armstrong and Johnson Cinemas",3,29.04,2026-07-23,CONFIRMED
1427,1622,vadams@example.org,1228,Friend west anyone,Jones Inc Cinemas,1,16.81,2026-07-23,CONFIRMED
1428,3762,davidwoods@example.com,463,Public marriage,"Henderson, Alexander and Galvan Cinemas",3,49.77,2026-06-13,CONFIRMED
1429,706,larry04@example.net,570,Sometimes concern Democrat consider,Gonzalez-Taylor Cinemas,6,71.46,2026-07-23,CONFIRMED
1430,542,xgarcia@example.net,167,Because answer class company,Lee-Fox Cinemas,5,43.6,2026-07-23,CONFIRMED
1431,3689,hannahmorris@example.com,1482,Tell alone floor,Nolan Group Cinemas,1,9.52,2026-07-23,CONFIRMED
1432,2258,dwhite@example.com,1415,Act indicate conference,"Arnold, Vargas and Ramirez Cinemas",6,96.36,2026-07-23,CANCELLED
1433,25,gkeith@example.net,1280,Drop,Lee PLC Cinemas,3,62.52,2026-06-22,CONFIRMED
1434,1352,allison84@example.net,1206,Itself certain site itself,Davis-Montgomery Cinemas,6,149.7,2026-07-23,CONFIRMED
1435,1335,thomas06@example.net,1589,Difficult west,"Ruiz, Martin and Jones Cinemas",5,97.8,2026-07-23,CONFIRMED
1436,4348,cheryl20@example.com,869,Though meeting,Robinson-Johnson Cinemas,2,37.46,2026-07-16,CONFIRMED
1437,235,jacob10@example.net,1514,Avoid loss,Harris-Wright Cinemas,2,21.68,2026-07-06,CONFIRMED
1438,2146,adrianmcneil@example.com,602,Throw teacher,"Jordan, Swanson and Franklin Cinemas",1,18.4,2026-07-23,CANCELLED
1439,2370,reginaldgoodman@example.com,500,Source deep explain world,"Lopez, Gutierrez and Castro Cinemas",6,121.2,2026-07-23,CONFIRMED
1440,1034,brookstaylor@example.org,1762,Until we eat,Newton PLC Cinemas,5,81.05,2026-07-08,CANCELLED
1441,87,amydavid@example.org,1013,Pattern,"Wilson, Stewart and Hobbs Cinemas",4,95.68,2026-06-28,CONFIRMED
1442,988,christopher64@example.net,1841,Month matter policy,Anderson Inc Cinemas,3,57.12,2026-07-23,CONFIRMED
1443,194,josephangela@example.org,865,Smile among difference,Lynn Group Cinemas,2,46.62,2026-07-23,CONFIRMED
1444,1830,qhoffman@example.com,1531,Cultural last action,"Morris, Chavez and Ayala Cinemas",1,15.04,2026-07-07,CONFIRMED
1445,4637,qsanders@example.org,844,Play suffer,"Miller, Friedman and Weaver Cinemas",4,45.28,2026-06-29,CONFIRMED
1446,1347,garciajoshua@example.org,582,Blue stand shoulder,"Hayes, Sharp and Wilson Cinemas",5,114.5,2026-07-09,CONFIRMED
1447,3087,jennifer86@example.net,269,Relate,Sullivan and Sons Cinemas,3,63.6,2026-07-23,CANCELLED
1448,2909,andrew17@example.org,1395,Section half,"Cruz, Fowler and Haynes Cinemas",5,121.25,2026-06-14,CONFIRMED
1449,4308,jennifer04@example.net,637,Single,Ibarra Ltd Cinemas,4,39.4,2026-07-23,CONFIRMED
1450,4831,gina31@example.org,1301,Hear chance,"Perry, May and Liu Cinemas",2,46.0,2026-06-28,CONFIRMED
1451,4746,tylerbrown@example.org,1744,Bring place,Andrews-Green Cinemas,5,43.15,2026-07-23,CONFIRMED
1452,518,alawson@example.org,849,Product leave,"Howard, Townsend and Hayes Cinemas",3,70.5,2026-07-04,CONFIRMED
1453,1805,ryanrosales@example.org,920,Structure save,"Madden, Figueroa and Stafford Cinemas",4,52.44,2026-06-30,CONFIRMED
1454,4975,xhayes@example.net,1247,Ago man ground consider,Brown Inc Cinemas,6,148.38,2026-06-10,CONFIRMED
1455,2837,garciamark@example.com,853,Help eat same,"Hunter, Ford and Spencer Cinemas",2,46.84,2026-07-23,CONFIRMED
1456,597,lmiddleton@example.org,609,With speak,Gutierrez-Ortiz Cinemas,5,77.8,2026-07-02,CANCELLED
1457,1945,ugeorge@example.net,1024,Value process,Orr-Miranda Cinemas,3,69.33,2026-07-23,CANCELLED
1458,2865,castroanthony@example.org,480,Give yeah,"Chen, Faulkner and Casey Cinemas",1,9.02,2026-07-23,CONFIRMED
1459,768,jessicasmith@example.com,8,General above price,Flores Ltd Cinemas,2,43.4,2026-07-07,CONFIRMED
1460,3387,opatterson@example.com,515,Fear everything bad receive,Wright and Sons Cinemas,3,45.54,2026-06-21,CONFIRMED
1461,2456,xlittle@example.org,317,Music guess,"Larson, Daniels and James Cinemas",2,39.6,2026-07-23,CONFIRMED
1462,2509,timothylowe@example.com,343,Young deep husband,Ramirez Inc Cinemas,1,17.57,2026-07-23,CONFIRMED
1463,4476,torrestravis@example.org,326,Surface west,Lee-Weeks Cinemas,5,110.35,2026-07-12,CONFIRMED
1464,373,stuarttrevor@example.net,539,Pass exactly,"Thompson, Harper and Welch Cinemas",4,79.92,2026-07-23,CONFIRMED
1465,3096,daviddalton@example.com,143,Central sit protect,Martinez-Dunlap Cinemas,1,10.36,2026-07-23,CONFIRMED
1466,2964,joseph26@example.net,853,Help eat same,"Hunter, Ford and Spencer Cinemas",2,46.84,2026-07-23,CONFIRMED
1467,4867,lisalarson@example.com,185,Local school people present,"Davis, Richardson and Gonzalez Cinemas",2,22.24,2026-07-23,CONFIRMED
1468,3218,silvamatthew@example.com,1046,Data tend,Brown-Cohen Cinemas,5,104.75,2026-07-23,CONFIRMED
1469,3047,anthonywinters@example.com,1930,Operation work,Johnson-Powers Cinemas,2,46.58,2026-07-22,CONFIRMED
1470,2293,perrytasha@example.net,1956,Decade there,"Evans, David and Hendrix Cinemas",2,41.98,2026-07-16,CONFIRMED
1471,4376,qholland@example.org,571,Simply back human,Hoffman and Sons Cinemas,6,139.02,2026-06-21,CONFIRMED
1472,2772,jacob18@example.org,1414,Discover relate,"Martin, Cervantes and Stokes Cinemas",5,72.25,2026-07-05,CONFIRMED
1473,3226,jasonhardy@example.net,1361,Mrs student,Williams-Mckenzie Cinemas,4,42.44,2026-06-26,CONFIRMED
1474,1875,yjones@example.org,561,South ahead,"Garcia, Perez and Oliver Cinemas",3,69.42,2026-07-23,CONFIRMED
1475,4696,qnelson@example.org,1468,Year free long,Sherman-Munoz Cinemas,1,11.86,2026-07-11,CONFIRMED
1476,3405,diana25@example.net,1297,Cut group few,Patterson-Lawrence Cinemas,4,73.72,2026-07-23,CONFIRMED
1477,2004,davidjohnson@example.org,33,Project,"Olson, Hebert and Jones Cinemas",1,20.79,2026-06-26,CONFIRMED
1478,3975,johnparker@example.net,1438,Whom suffer economy,Riley PLC Cinemas,1,8.39,2026-07-23,CONFIRMED
1479,2300,susan64@example.org,1679,Visit growth,"Williams, Newman and Jones Cinemas",5,65.85,2026-07-23,CONFIRMED
1480,2434,brownlauren@example.org,1940,Continue offer anyone,"Marshall, Murray and Miller Cinemas",4,84.72,2026-07-08,CONFIRMED
1481,2671,brockfelicia@example.org,64,Morning trial security,"Morales, Miller and Harrell Cinemas",3,71.43,2026-07-15,CONFIRMED
1482,4254,sparkslaurie@example.org,1704,Contain mission career,"Miller, Hansen and Salas Cinemas",5,106.2,2026-07-23,CONFIRMED
1483,1563,juliethomas@example.net,1946,Center cell budget,"Moore, Alexander and Reed Cinemas",2,23.02,2026-06-18,CONFIRMED
1484,3428,mannlisa@example.com,1009,Another,Edwards and Sons Cinemas,6,93.0,2026-06-22,CANCELLED
1485,857,johnhines@example.net,1114,Stay help,"Silva, Snyder and Reeves Cinemas",6,105.66,2026-06-11,CONFIRMED
1486,2519,singletonnicole@example.net,422,Half,Reilly-Gibson Cinemas,2,21.34,2026-07-13,CANCELLED
1487,4583,makayla40@example.net,711,Smile recognize section,Thomas Group Cinemas,2,38.66,2026-07-23,CONFIRMED
1488,476,robert42@example.com,761,Yourself blue,Johnson and Sons Cinemas,2,19.84,2026-07-02,CONFIRMED
1489,3853,michaelwood@example.com,1804,Blood information,Williams-Mckenzie Cinemas,1,12.4,2026-07-23,CANCELLED
1490,384,elizabeth39@example.net,320,People service likely,"Arnold, Ashley and Alexander Cinemas",5,62.2,2026-07-20,CANCELLED
1491,4219,davidcook@example.org,1659,Road return force,Sharp Ltd Cinemas,1,22.88,2026-07-23,CONFIRMED
1492,578,jeffrey62@example.net,1856,Offer evening,"James, Howard and Johnson Cinemas",3,31.92,2026-06-18,CONFIRMED
1493,1132,marksbrandon@example.net,263,Easy win leg,"Howard, Brennan and Moore Cinemas",3,63.81,2026-07-23,CONFIRMED
1494,1966,patricia63@example.com,636,Same behind prove light,"Stevens, Norris and Smith Cinemas",3,48.78,2026-07-23,CONFIRMED
1495,1079,rlee@example.net,1912,Program girl section,Johnson and Sons Cinemas,3,37.11,2026-06-25,CONFIRMED
1496,4010,maxgarcia@example.net,1384,Firm court majority,Willis LLC Cinemas,1,18.93,2026-06-15,CONFIRMED
1497,318,reyesjackie@example.org,1490,Drop tend current,Nelson and Sons Cinemas,6,61.8,2026-07-23,CONFIRMED
1498,2663,umanning@example.net,872,Responsibility,Joseph Inc Cinemas,5,103.95,2026-07-23,CONFIRMED
1499,4055,laura77@example.net,660,Someone find read,Delgado and Sons Cinemas,6,60.9,2026-06-26,CONFIRMED
1500,3403,spencerjoshua@example.org,1979,Always beautiful,Hoffman PLC Cinemas,3,62.22,2026-07-07,CONFIRMED
1501,1383,garciarichard@example.com,682,Set southern,Wilson-Pierce Cinemas,4,71.36,2026-06-22,CONFIRMED
1502,2198,heatherstone@example.net,1968,Entire,Delgado Inc Cinemas,1,24.95,2026-07-23,CONFIRMED
1503,616,gjones@example.net,1191,Law stay fall,Lutz and Sons Cinemas,5,69.55,2026-07-03,CONFIRMED
1504,3467,dixonalison@example.org,1438,Whom suffer economy,Riley PLC Cinemas,5,41.95,2026-07-23,CONFIRMED
1505,1496,richardlopez@example.com,1576,Bed,Mccarthy-Hobbs Cinemas,1,15.47,2026-07-23,CONFIRMED
1506,2691,elizabethgriffin@example.com,683,Citizen include again,Ortega Group Cinemas,2,44.92,2026-06-25,CONFIRMED
1507,2020,jortiz@example.net,1953,Would forward,Hunter-Estrada Cinemas,1,15.46,2026-06-20,CONFIRMED
1508,1242,jefferywalker@example.org,1609,Room factor,Hoffman PLC Cinemas,3,27.0,2026-06-20,CONFIRMED
1509,4431,richardhall@example.net,1286,Wait positive,Atkinson-Nelson Cinemas,1,24.87,2026-07-23,CONFIRMED
1510,3183,hmontgomery@example.com,304,Machine old,"Good, Brewer and Fisher Cinemas",5,83.25,2026-07-23,CONFIRMED
1511,4030,michelle12@example.net,331,Job prepare either suffer,Joseph Inc Cinemas,1,22.22,2026-06-17,CONFIRMED
1512,1575,mgarcia@example.com,1670,Artist stop,Bird-Trujillo Cinemas,1,15.64,2026-06-17,CANCELLED
1513,167,kylemartinez@example.net,1721,Everyone water message,Cook PLC Cinemas,2,34.62,2026-07-23,CONFIRMED
1514,3726,nancyrichardson@example.com,1682,Against discuss give,"Richardson, Stephens and Barnes Cinemas",5,64.2,2026-06-17,CONFIRMED
1515,929,yesenia70@example.org,1837,Political last,Berger Ltd Cinemas,1,9.35,2026-07-22,CONFIRMED
1516,2861,tcox@example.net,1749,Career talk,Bradley-Novak Cinemas,6,137.88,2026-07-23,CONFIRMED
1517,3335,fbyrd@example.com,1018,Also girl,Miranda and Sons Cinemas,5,44.0,2026-07-02,CONFIRMED
1518,390,andrewjackson@example.org,361,Day think,Mclaughlin Inc Cinemas,4,47.44,2026-07-23,CONFIRMED
1519,2070,alyssaturner@example.com,152,Company medical house,Jackson-Campbell Cinemas,4,60.36,2026-07-23,CONFIRMED
1520,1146,cjohns@example.net,1781,Economy material,Moore-Bright Cinemas,4,70.28,2026-07-02,CONFIRMED
1521,1525,scott76@example.com,494,Democrat,Gibson Ltd Cinemas,5,42.4,2026-07-04,CONFIRMED
1522,3220,fredericktimothy@example.com,842,Follow family,"Wagner, Anderson and Robles Cinemas",2,30.92,2026-07-23,CONFIRMED
1523,2031,osmith@example.org,1189,Claim final,Wilson-Jones Cinemas,4,57.56,2026-06-21,CONFIRMED
1524,4934,markrhodes@example.org,1699,Fall anyone along,Anderson Inc Cinemas,4,62.56,2026-07-23,CONFIRMED
1525,581,barbaraschmidt@example.org,129,Choose mother health,"Patterson, Mosley and Michael Cinemas",2,23.36,2026-07-06,CONFIRMED
1526,4743,oconnellherbert@example.com,395,Approach different could,Wallace-Berry Cinemas,1,20.19,2026-07-21,CONFIRMED
1527,4972,larry83@example.org,1540,Measure bill whatever,"Taylor, Williams and Hall Cinemas",2,21.3,2026-07-23,CONFIRMED
1528,1102,solistara@example.com,9,Very guess water spring,Hall Ltd Cinemas,5,51.1,2026-07-23,CONFIRMED
1529,3321,johnsilva@example.org,628,Front its,Miller-Booker Cinemas,4,93.48,2026-07-14,CONFIRMED
1530,1088,afitzpatrick@example.org,1772,Choice decide church,Figueroa-Ward Cinemas,2,48.82,2026-07-23,CONFIRMED
1531,108,omarmiller@example.net,553,Interest language,Berger Ltd Cinemas,4,87.44,2026-06-18,CONFIRMED
1532,735,lawrencesteven@example.net,213,Agent also,Owens-Mayer Cinemas,6,126.84,2026-07-16,CONFIRMED
1533,3983,qbarnes@example.net,188,Citizen then,Sanchez-Douglas Cinemas,4,95.48,2026-07-23,CONFIRMED
1534,3695,curtissmith@example.org,1177,Right now mean,"Carrillo, Henderson and Matthews Cinemas",1,16.63,2026-07-23,CONFIRMED
1535,1031,vgraham@example.com,1025,Trouble fight fast option,"Velez, Howell and Stevenson Cinemas",3,55.89,2026-06-29,CANCELLED
1536,735,lawrencesteven@example.net,567,Create worry him talk,"Bauer, Frazier and Sellers Cinemas",5,66.45,2026-07-22,CONFIRMED
1537,4235,nlee@example.net,106,Blue near serve,"Young, Allen and Hernandez Cinemas",5,123.95,2026-07-15,CONFIRMED
1538,2046,matthew96@example.com,110,Loss be federal right,Andrews-Green Cinemas,1,9.71,2026-06-27,CONFIRMED
1539,2542,aguerra@example.net,896,Go exactly seem,Johnson-Nelson Cinemas,6,98.4,2026-07-05,CONFIRMED
1540,483,bradbennett@example.com,805,Natural trip compare,Carroll-Snyder Cinemas,6,121.74,2026-07-23,CONFIRMED
1541,4120,emilythompson@example.org,411,Color there,Brown Inc Cinemas,3,52.32,2026-07-23,CONFIRMED
1542,3517,vdavila@example.net,525,Protect official cause,Oconnell-Smith Cinemas,1,9.42,2026-07-23,CONFIRMED
1543,4793,samantha01@example.com,591,Deal opportunity opportunity,"Gaines, Smith and Evans Cinemas",4,45.16,2026-07-23,CONFIRMED
1544,4843,marcjohnson@example.net,443,Tough their,"Duarte, Lee and Matthews Cinemas",3,52.92,2026-07-23,CONFIRMED
1545,2676,knightrenee@example.org,181,Interest physical,Gonzalez-Mccarthy Cinemas,2,17.1,2026-07-23,CANCELLED
1546,1561,aaronramirez@example.org,201,Science experience successful,"Cain, Contreras and Jackson Cinemas",4,39.88,2026-07-23,CONFIRMED
1547,2419,tellison@example.com,1412,Character lay where bill,Mcdonald-Taylor Cinemas,3,69.36,2026-07-23,CONFIRMED
1548,4441,joshuarodriguez@example.org,1951,New including product,"Yang, Willis and Walker Cinemas",5,91.35,2026-07-23,CONFIRMED
1549,3180,vbennett@example.org,1261,College economy,Atkinson-Nelson Cinemas,6,114.18,2026-07-10,CONFIRMED
1550,4888,shawmelanie@example.com,438,Paper fight,Bush-Ayala Cinemas,5,79.4,2026-06-25,CONFIRMED
1551,3143,timothy95@example.net,1752,Draw face,"Levy, Franco and Hoffman Cinemas",3,39.84,2026-07-02,CANCELLED
1552,2122,douglas62@example.net,384,Boy issue,Todd Group Cinemas,3,51.6,2026-07-23,CONFIRMED
1553,4481,lbauer@example.com,557,Mean director,"Payne, Escobar and Barrett Cinemas",3,74.49,2026-07-23,CANCELLED
1554,4102,thomashanson@example.org,70,Local choose as,Baldwin-Garcia Cinemas,2,34.32,2026-06-21,CONFIRMED
1555,356,johnsonsharon@example.com,794,Executive situation pattern,Bell-Jordan Cinemas,3,39.96,2026-06-25,CANCELLED
1556,4287,maryramirez@example.org,1615,Live week,Trevino Group Cinemas,6,69.54,2026-07-23,CONFIRMED
1557,4786,burnssarah@example.org,789,Result discuss standard,Grant-Diaz Cinemas,2,29.92,2026-07-01,CONFIRMED
1558,3223,michelle20@example.net,920,Structure save,"Madden, Figueroa and Stafford Cinemas",2,26.22,2026-06-26,CONFIRMED
1559,2144,gbrown@example.org,1030,Off region measure,"Campbell, Long and Silva Cinemas",5,62.1,2026-07-02,CONFIRMED
1560,3981,dawnroberts@example.net,1711,Provide PM agent,Bauer PLC Cinemas,5,45.5,2026-07-13,CONFIRMED
1561,419,ncummings@example.net,1397,Back building,"Thomas, Becker and Mills Cinemas",5,40.5,2026-07-19,CONFIRMED
1562,4484,wcaldwell@example.org,68,Him song already,Smith-Clayton Cinemas,6,118.5,2026-07-23,CONFIRMED
1563,2805,urobles@example.net,1442,Over charge,White-Jackson Cinemas,5,83.8,2026-07-19,CONFIRMED
1564,1196,acombs@example.net,1105,Care student economic,Chase-Washington Cinemas,3,69.09,2026-07-23,CANCELLED
1565,134,collinmiller@example.com,580,Cell true,"Black, Collins and Powell Cinemas",1,12.87,2026-07-13,CONFIRMED
1566,4499,natashaburke@example.net,576,Almost happy,Medina LLC Cinemas,3,44.22,2026-07-23,CONFIRMED
1567,2026,erose@example.org,314,System pressure,Andrews-Aguirre Cinemas,6,85.14,2026-07-23,CONFIRMED
1568,2934,colesheila@example.net,266,Soldier current body,Sutton-Patterson Cinemas,4,51.8,2026-07-23,CONFIRMED
1569,1916,teresamckee@example.com,1127,Major cold,"Wong, Dawson and Martin Cinemas",6,60.72,2026-07-23,CANCELLED
1570,3356,jmiller@example.net,1204,Economy,Johnson Inc Cinemas,4,55.08,2026-06-19,CONFIRMED
1571,138,sbradley@example.org,846,Science order share son,Miller Group Cinemas,4,81.32,2026-07-23,CONFIRMED
1572,526,eadams@example.org,981,Child plan other about,Byrd-Foster Cinemas,4,76.8,2026-07-01,CONFIRMED
1573,377,wendy58@example.net,1206,Itself certain site itself,Davis-Montgomery Cinemas,6,149.7,2026-07-23,CONFIRMED
1574,3822,jonesmichelle@example.net,257,Way nor,Gallegos-Turner Cinemas,1,9.13,2026-07-12,CONFIRMED
1575,4813,rogeradams@example.com,1065,Impact color whatever,"Cooper, Watts and Farrell Cinemas",1,21.71,2026-07-23,CONFIRMED
1576,1769,guerramaria@example.org,155,Worker have still,Thomas and Sons Cinemas,5,103.8,2026-06-28,CONFIRMED
1577,1061,yware@example.com,1274,Service know,Berger Ltd Cinemas,5,86.5,2026-07-23,CONFIRMED
1578,110,carolhenderson@example.net,1166,Believe dark,"Garza, Williams and Walker Cinemas",4,73.52,2026-07-02,CONFIRMED
1579,151,kayla33@example.net,1351,Discussion enjoy,Bell-Jordan Cinemas,3,60.48,2026-07-23,CONFIRMED
1580,319,dcox@example.com,1301,Hear chance,"Perry, May and Liu Cinemas",5,115.0,2026-06-25,CONFIRMED
1581,1482,ediaz@example.org,159,Build pay,Barrera Group Cinemas,6,143.34,2026-06-17,CONFIRMED
1582,4747,andersonjulia@example.org,1121,Central short so,"Gibson, Zimmerman and Warren Cinemas",5,122.8,2026-07-06,CONFIRMED
1583,4980,jennifer98@example.org,1159,Well onto,Johnson-Powers Cinemas,3,65.13,2026-07-23,CONFIRMED
1584,205,qreynolds@example.com,1224,Else coach,Ochoa-Adams Cinemas,5,59.6,2026-06-26,CONFIRMED
1585,889,psmith@example.com,1119,Magazine painting yard single,"Wiley, Tapia and Smith Cinemas",6,115.32,2026-06-25,CONFIRMED
1586,2710,oaguilar@example.com,1024,Value process,Orr-Miranda Cinemas,1,23.11,2026-07-23,CONFIRMED
1587,3852,robert73@example.net,960,Beat sign,Carlson-Cruz Cinemas,6,77.1,2026-06-13,CONFIRMED
1588,1113,watsontina@example.net,1573,Pattern structure,Robinson Inc Cinemas,6,86.88,2026-07-22,CONFIRMED
1589,186,klara@example.net,1295,White coach fine,"Diaz, Hill and Becker Cinemas",1,18.83,2026-07-23,CONFIRMED
1590,4523,amanda77@example.org,98,Big once,Johnson and Sons Cinemas,3,39.06,2026-07-23,CONFIRMED
1591,876,robertbradley@example.com,772,Far base,Sullivan and Sons Cinemas,2,17.92,2026-07-23,CONFIRMED
1592,3768,monica24@example.com,498,Specific single already accept,"French, Phelps and Berry Cinemas",4,86.04,2026-07-22,CONFIRMED
1593,2592,rjohnson@example.net,954,Cultural huge,"Gonzalez, Santos and Gardner Cinemas",1,9.44,2026-07-23,CANCELLED
1594,3155,natashapaul@example.net,753,Hot modern believe,Smith-James Cinemas,4,71.4,2026-07-23,CONFIRMED
1595,3543,jacob92@example.com,1081,Out sense fact,"Gibson, Zimmerman and Warren Cinemas",5,85.3,2026-06-12,CONFIRMED
1596,4349,jamesdavid@example.com,1434,But issue everything,Moyer-Ramirez Cinemas,1,13.92,2026-06-20,CONFIRMED
1597,4371,shawkathryn@example.net,1967,Generation box report,Curry-Allen Cinemas,5,41.7,2026-06-26,CONFIRMED
1598,1760,reedbrenda@example.com,975,Animal manager accept eight,Rodriguez Group Cinemas,4,80.64,2026-07-23,CANCELLED
1599,2087,brandonscott@example.net,1035,Staff agency,"Turner, Ponce and Barrett Cinemas",1,18.81,2026-07-12,CONFIRMED
1600,3614,fisheranne@example.com,901,Model place,"Kennedy, Cohen and Pennington Cinemas",2,17.66,2026-07-20,CANCELLED
1601,840,turneramy@example.com,745,Visit always,"English, Holloway and Jones Cinemas",1,20.16,2026-06-27,CONFIRMED
1602,3145,dparker@example.org,185,Local school people present,"Davis, Richardson and Gonzalez Cinemas",3,33.36,2026-07-23,CONFIRMED
1603,1438,colleenwilliams@example.net,1980,Treat enter like,White-Richards Cinemas,3,62.88,2026-06-17,CONFIRMED
1604,3747,ashleypoole@example.net,480,Give yeah,"Chen, Faulkner and Casey Cinemas",2,18.04,2026-07-23,CONFIRMED
1605,2607,justin36@example.com,1769,Maybe people something,Payne PLC Cinemas,3,45.09,2026-06-19,CONFIRMED
1606,4626,matthewstewart@example.com,990,Hour this dinner,Davis LLC Cinemas,5,43.65,2026-07-23,CONFIRMED
1607,535,zwilliams@example.com,807,Western address,Padilla-Bennett Cinemas,5,100.3,2026-06-23,CANCELLED
1608,1596,barneswilliam@example.org,1009,Another,Edwards and Sons Cinemas,1,15.5,2026-06-15,CONFIRMED
1609,3403,spencerjoshua@example.org,1200,Last before material,Hamilton LLC Cinemas,2,23.76,2026-07-23,CONFIRMED
1610,713,sdonovan@example.com,657,Least outside,Hall Ltd Cinemas,3,55.68,2026-07-23,CONFIRMED
1611,4821,ogonzales@example.net,1911,Station risk professor,Smith Group Cinemas,6,71.34,2026-07-23,CONFIRMED
1612,3244,donna42@example.net,1903,Staff,Carroll-Snyder Cinemas,5,105.7,2026-06-20,CONFIRMED
1613,3012,bhernandez@example.net,790,Speak,"Miller, Hansen and Salas Cinemas",4,56.0,2026-07-23,CONFIRMED
1614,4893,brobbins@example.net,644,Water mother major assume,"Li, Jensen and Vazquez Cinemas",5,108.6,2026-07-23,CONFIRMED
1615,861,wellsryan@example.org,421,Executive,"Harrington, Johnson and Jones Cinemas",2,49.48,2026-06-28,CANCELLED
1616,1244,ashleynelson@example.net,1230,Play resource by,"Lewis, Jordan and Young Cinemas",4,38.28,2026-06-28,CONFIRMED
1617,4802,brian25@example.com,959,Himself interest kind,Fernandez Inc Cinemas,4,50.96,2026-07-23,CONFIRMED
1618,3496,david23@example.com,1158,New attack,James Ltd Cinemas,2,24.26,2026-07-23,CONFIRMED
1619,2664,victoria08@example.net,405,Approach heavy human,Carney Group Cinemas,5,109.15,2026-07-01,CONFIRMED
1620,4453,kristinlucas@example.net,659,Risk hospital process,Miller and Sons Cinemas,4,80.72,2026-07-23,CONFIRMED
1621,730,colonjohn@example.org,171,Force focus,Howe Inc Cinemas,6,90.96,2026-07-12,CONFIRMED
1622,686,stephaniemiller@example.org,162,Art,"Hull, Haynes and Garcia Cinemas",2,18.24,2026-07-23,CONFIRMED
1623,995,ggray@example.com,574,Usually within need than,Rodriguez-Miller Cinemas,4,70.0,2026-07-09,CONFIRMED
1624,170,meganjones@example.org,1719,Difficult page send always,"Meyer, Dawson and Harper Cinemas",6,87.3,2026-06-27,CONFIRMED
1625,3405,diana25@example.net,388,Return trouble conference,Andrews-Aguirre Cinemas,6,129.54,2026-07-23,CONFIRMED
1626,2606,millerchelsea@example.com,1068,Hospital bill,Wheeler PLC Cinemas,5,107.6,2026-06-29,CONFIRMED
1627,2377,rmeadows@example.org,137,Protect red recent,Holden LLC Cinemas,2,22.4,2026-07-16,CONFIRMED
1628,4635,sandratravis@example.net,69,Able quickly,"Patterson, Mosley and Michael Cinemas",5,59.0,2026-07-13,CONFIRMED
1629,3172,cruzcody@example.com,581,Program out these,"Medina, Lee and Freeman Cinemas",1,10.78,2026-07-20,CONFIRMED
1630,1444,emilyharmon@example.org,1396,Leg,"Gonzales, Smith and Davis Cinemas",6,79.2,2026-07-23,CONFIRMED
1631,2957,christopher23@example.org,370,Community piece common cold,Taylor Ltd Cinemas,4,44.12,2026-07-23,CANCELLED
1632,3825,brandon83@example.com,891,Wrong fear,Nguyen PLC Cinemas,4,64.92,2026-07-23,CONFIRMED
1633,117,mary66@example.net,244,Attack sort religious,"Blanchard, Taylor and Porter Cinemas",1,12.15,2026-07-23,CONFIRMED
1634,4987,brianahoover@example.net,873,Current about as,Cordova Group Cinemas,5,72.9,2026-07-23,CONFIRMED
1635,1898,thomaserik@example.net,773,Toward others,"Henry, Edwards and Bartlett Cinemas",2,27.34,2026-07-15,CONFIRMED
1636,1714,dustinwilliams@example.net,533,Film author,Price-Lee Cinemas,2,27.34,2026-06-18,CONFIRMED
1637,4979,samuelhamilton@example.com,1809,Nearly second,"Brown, Ali and Jones Cinemas",4,50.16,2026-07-23,CONFIRMED
1638,3200,warren28@example.com,1808,Gun size cup,"James, Howard and Johnson Cinemas",1,8.34,2026-07-23,CONFIRMED
1639,1704,david82@example.net,1376,Budget interview,"Bauer, Frazier and Sellers Cinemas",5,100.5,2026-06-28,CONFIRMED
1640,4432,jeffrey30@example.org,696,Now our,"Turner, Baxter and Mcdowell Cinemas",3,56.04,2026-07-05,CONFIRMED
1641,1313,jeffreythomas@example.com,1622,Different account might,Herrera-Coleman Cinemas,4,49.56,2026-07-23,CANCELLED
1642,4535,amandastark@example.net,888,Itself consumer,"Meyer, Dawson and Harper Cinemas",2,49.76,2026-06-16,CONFIRMED
1643,3154,frazierannette@example.com,704,Send develop good,"Miller, Hansen and Salas Cinemas",5,97.3,2026-07-15,CONFIRMED
1644,107,qflores@example.org,624,According,Ochoa-Adams Cinemas,1,10.63,2026-07-21,CANCELLED
1645,4193,williamhaynes@example.com,1259,Suggest job,"Carrillo, Henderson and Matthews Cinemas",2,48.28,2026-07-23,CANCELLED
1646,1051,robinvasquez@example.com,733,Music base,"Duarte, Smith and Caldwell Cinemas",3,36.51,2026-07-23,CONFIRMED
1647,4016,rebecca91@example.org,243,Job prepare either suffer,Johnson Ltd Cinemas,1,11.5,2026-07-01,CONFIRMED
1648,3881,mscott@example.org,1764,Car education,"Webb, Thompson and Moore Cinemas",5,63.0,2026-07-23,CONFIRMED
1649,4738,sara95@example.net,1269,Network work,"Cox, Chavez and Davis Cinemas",2,45.88,2026-07-20,CONFIRMED
1650,1438,colleenwilliams@example.net,1515,Pretty performance woman,Smith-Ramirez Cinemas,3,69.21,2026-06-25,CONFIRMED
1651,3446,plopez@example.net,347,Minute season political,Ward-Chase Cinemas,5,79.7,2026-06-22,CONFIRMED
1652,3057,martha66@example.org,1854,Market break different,"Marshall, Murray and Miller Cinemas",2,41.96,2026-07-23,CONFIRMED
1653,4604,cynthia47@example.net,1560,Wife cost language,"Greene, Rogers and Haley Cinemas",6,91.62,2026-07-15,CONFIRMED
1654,1339,charlestaylor@example.net,1184,Need door draw,"Henson, Jones and Sanders Cinemas",6,66.0,2026-07-10,CONFIRMED
1655,1852,charles46@example.org,1586,Others brother visit employee,"Morales, Miller and Harrell Cinemas",6,117.18,2026-06-23,CONFIRMED
1656,1100,beasleybreanna@example.net,796,Vote husband maintain black,Jackson-Cooper Cinemas,6,82.92,2026-07-01,CONFIRMED
1657,3892,urobles@example.org,1759,Lose education,Price-Schmitt Cinemas,1,14.64,2026-07-23,CANCELLED
1658,3774,hallcourtney@example.com,1201,Drive very,"May, Valenzuela and Lee Cinemas",2,36.1,2026-06-30,CONFIRMED
1659,1008,jessicaeaton@example.org,1334,Ever tonight interesting,"Weiss, Cole and Preston Cinemas",4,38.2,2026-07-16,CONFIRMED
1660,2546,samantha05@example.net,47,Development thus,"King, Taylor and Middleton Cinemas",6,59.4,2026-07-23,CONFIRMED
1661,4579,beckaustin@example.com,1063,Bit sing,"Miranda, Wheeler and Avila Cinemas",1,23.42,2026-07-16,CONFIRMED
1662,1308,emma32@example.com,1728,Develop plant whole,Bennett Ltd Cinemas,6,55.98,2026-07-23,CONFIRMED
1663,1684,conradjulie@example.net,1320,Service hope value,Solis-Edwards Cinemas,2,36.32,2026-07-23,CANCELLED
1664,4487,aclayton@example.net,1630,Where itself exactly,Lee PLC Cinemas,5,85.15,2026-06-25,CANCELLED
1665,886,stonelisa@example.net,1231,Machine value television,Burns-Nguyen Cinemas,2,40.54,2026-06-25,CONFIRMED
1666,2128,jody47@example.com,195,Perform home million,Huynh PLC Cinemas,5,91.25,2026-07-23,CONFIRMED
1667,4182,melissa27@example.net,1704,Contain mission career,"Miller, Hansen and Salas Cinemas",3,63.72,2026-07-23,CONFIRMED
1668,4978,markwood@example.org,339,Couple news,Williams-Mckenzie Cinemas,4,34.08,2026-07-11,CONFIRMED
1669,1192,christopherharris@example.org,52,House chance practice,Moran PLC Cinemas,3,49.41,2026-07-23,CONFIRMED
1670,4636,hamiltonamy@example.net,968,Election lawyer successful,Whitehead-Hernandez Cinemas,6,75.3,2026-06-22,CONFIRMED
1671,802,sabrina69@example.org,83,Less agreement window,Huynh PLC Cinemas,2,24.94,2026-07-23,CONFIRMED
1672,3943,perrylisa@example.net,1897,Hair ahead,"Gonzales, Smith and Davis Cinemas",3,34.35,2026-07-23,CONFIRMED
1673,2072,elizabeth81@example.com,1972,Hospital cut person cultural,"Kennedy, Mueller and Aguirre Cinemas",5,66.35,2026-07-23,CONFIRMED
1674,4928,carneykathy@example.org,1063,Bit sing,"Miranda, Wheeler and Avila Cinemas",5,117.1,2026-07-21,CONFIRMED
1675,528,trancaitlin@example.com,821,Realize throw whose,Morris-Armstrong Cinemas,6,86.46,2026-07-23,CONFIRMED
1676,2925,jimenezterri@example.net,452,Crime mother,Elliott-Holland Cinemas,4,86.36,2026-07-23,CONFIRMED
1677,293,boydrenee@example.net,484,Particularly piece participant,"Marquez, Martinez and Bailey Cinemas",3,29.64,2026-07-23,CONFIRMED
1678,4548,jasonwalters@example.com,1666,Deal me each,Mccarthy-Hobbs Cinemas,5,73.0,2026-06-17,CONFIRMED
1679,4553,margaret56@example.org,1929,There magazine politics,Myers and Sons Cinemas,2,19.14,2026-07-23,CONFIRMED
1680,2880,beverlyflores@example.org,655,Less among change,English-Dominguez Cinemas,3,31.11,2026-07-23,CONFIRMED
1681,527,bryan79@example.net,1147,Society laugh,Solis-Edwards Cinemas,2,48.9,2026-06-27,CONFIRMED
1682,2123,wilsonadam@example.org,1471,Cell phone card,Wright-Davis Cinemas,1,17.36,2026-07-23,CONFIRMED
1683,2823,fschwartz@example.net,1423,Or fall forward institution,"Dorsey, Reyes and Dunn Cinemas",5,56.7,2026-07-23,CONFIRMED
1684,4660,daniel65@example.com,419,Reveal service ability,Zuniga Group Cinemas,6,67.68,2026-07-14,CONFIRMED
1685,4936,ywoods@example.com,1981,Rich ahead,Hudson-Sparks Cinemas,4,34.52,2026-07-23,CONFIRMED
1686,2803,peter91@example.net,1887,Entire right,"Scott, Robertson and Mendez Cinemas",6,120.72,2026-07-23,CONFIRMED
1687,74,burnsrodney@example.org,327,Fine nor TV,"Smith, Yang and Ford Cinemas",3,69.03,2026-06-26,CONFIRMED
1688,3335,fbyrd@example.com,95,Movement cup prepare,Fitzgerald-Scott Cinemas,2,21.32,2026-06-29,CONFIRMED
1689,2318,lopezjessica@example.net,486,Few late hospital,"Wolfe, Chavez and Mcbride Cinemas",5,122.15,2026-07-20,CONFIRMED
1690,2824,ellisjames@example.org,1573,Pattern structure,Robinson Inc Cinemas,6,86.88,2026-07-16,CONFIRMED
1691,4115,underwoodcurtis@example.org,1921,Thing,Reed Group Cinemas,4,67.48,2026-07-23,CONFIRMED
1692,2888,ashley99@example.net,679,Last might sometimes,Clarke-Ramirez Cinemas,2,23.9,2026-07-13,CONFIRMED
1693,3327,murrayrachel@example.org,738,Magazine painting yard single,Gallagher-Diaz Cinemas,4,78.4,2026-07-01,CONFIRMED
1694,4885,mmitchell@example.org,918,Safe,Wang-Jackson Cinemas,5,89.05,2026-07-23,CONFIRMED
1695,1904,kelly83@example.org,1969,Tend drive group,"Meyer, Dawson and Harper Cinemas",6,72.6,2026-07-07,CONFIRMED
1696,2019,rhuber@example.net,868,Need hair whole thus,Watson-Chan Cinemas,5,115.65,2026-07-04,CONFIRMED
1697,3575,lindsay58@example.net,1799,Generation catch environmental,"Ray, Cunningham and Levine Cinemas",6,70.2,2026-06-21,CONFIRMED
1698,4056,jonathan85@example.com,787,Teach never,Harris-Wright Cinemas,6,135.24,2026-07-04,CANCELLED
1699,660,nicholasjohnson@example.net,954,Cultural huge,"Gonzalez, Santos and Gardner Cinemas",4,37.76,2026-07-23,CONFIRMED
1700,4723,vmorrison@example.net,1064,Own,Harrington Group Cinemas,4,50.0,2026-07-23,CANCELLED
1701,2958,walshdaniel@example.org,768,Across car,Rodriguez-Moore Cinemas,1,24.52,2026-07-23,CONFIRMED
1702,959,zfranklin@example.org,561,South ahead,"Garcia, Perez and Oliver Cinemas",2,46.28,2026-07-23,CANCELLED
1703,2816,pbrooks@example.com,1789,Financial,Wood-Watson Cinemas,4,80.68,2026-06-29,CONFIRMED
1704,555,nathan39@example.com,1834,North structure,Harrell-Hebert Cinemas,1,17.66,2026-07-09,CONFIRMED
1705,2865,castroanthony@example.org,1510,Music future treatment,Jackson-Campbell Cinemas,3,60.18,2026-07-09,CANCELLED
1706,996,cooperlauren@example.org,974,Chance company,"Wallace, Perkins and Johnson Cinemas",5,107.9,2026-07-13,CONFIRMED
1707,4412,atkinsonbrittany@example.org,684,Mrs call,Griffin Ltd Cinemas,5,56.6,2026-07-23,CONFIRMED
1708,4863,btapia@example.org,1498,Serious,Miller-Young Cinemas,4,47.64,2026-07-23,CONFIRMED
1709,2642,brooke09@example.com,1962,Situation through growth,Mcdonald-Taylor Cinemas,2,16.88,2026-07-23,CANCELLED
1710,4235,nlee@example.net,464,Quickly them simply project,Moran PLC Cinemas,3,26.19,2026-07-23,CONFIRMED
1711,3998,jenna76@example.net,1922,Rate wife forget,Mclean Group Cinemas,3,29.76,2026-07-23,CONFIRMED
1712,2154,kimberly57@example.net,1338,About book partner,"Levy, Franco and Hoffman Cinemas",4,53.92,2026-06-16,CANCELLED
1713,1919,heatherthompson@example.net,489,Full school,"Scott, Bartlett and Sloan Cinemas",1,20.01,2026-07-23,CONFIRMED
1714,1927,owoodward@example.org,944,Summer begin,"Levy, Franco and Hoffman Cinemas",3,61.23,2026-07-05,CONFIRMED
1715,4456,ryan23@example.org,631,There beat good,"Burns, Barker and Horton Cinemas",4,41.16,2026-07-23,CONFIRMED
1716,442,jamesanderson@example.org,1057,Movie money contain,"Lawson, Lopez and Myers Cinemas",1,18.41,2026-07-23,CONFIRMED
1717,4246,floresdaniel@example.net,428,Part situation more,Wallace Ltd Cinemas,1,9.61,2026-07-13,CONFIRMED
1718,1137,matthewvaughn@example.org,1753,Do leader very,Jordan-Campbell Cinemas,5,87.1,2026-07-23,CONFIRMED
1719,3920,jennifer12@example.org,878,Trouble Mrs single,"Ray, Cunningham and Levine Cinemas",1,10.21,2026-06-14,CONFIRMED
1720,4548,jasonwalters@example.com,161,Race choose toward,"Schultz, Miller and Wolf Cinemas",6,100.02,2026-07-23,CONFIRMED
1721,1981,brandonross@example.com,1715,I sing,Diaz LLC Cinemas,5,87.55,2026-07-16,CONFIRMED
1722,2197,jmccormick@example.org,1745,Argue partner,Robinson Group Cinemas,6,56.04,2026-06-15,CONFIRMED
1723,3333,chungerin@example.com,290,Three low,Hoffman PLC Cinemas,1,10.25,2026-07-23,CONFIRMED
1724,308,sanchezjennifer@example.org,402,Choice short,Black-Mccoy Cinemas,2,44.44,2026-07-13,CONFIRMED
1725,1243,jacksonkristen@example.net,994,Cause we,Hall-Washington Cinemas,1,11.23,2026-07-11,CONFIRMED
1726,1642,phodges@example.net,1637,Truth explain,"Munoz, Krueger and Solomon Cinemas",3,62.61,2026-06-26,CONFIRMED
1727,4112,owenangela@example.com,1152,Here southern we play,Johnson-Powers Cinemas,4,45.32,2026-07-09,CONFIRMED
1728,344,johnmerritt@example.com,790,Speak,"Miller, Hansen and Salas Cinemas",5,70.0,2026-07-23,CONFIRMED
1729,35,taylormichael@example.net,628,Front its,Miller-Booker Cinemas,6,140.22,2026-07-11,CONFIRMED
1730,1996,dmorales@example.org,997,Treatment leader near,"Johns, Figueroa and Graham Cinemas",2,40.72,2026-07-23,CONFIRMED
1731,3542,stephaniewashington@example.org,690,Produce end heavy,"Castro, Garcia and Daniels Cinemas",3,50.07,2026-07-12,CONFIRMED
1732,1648,paulperry@example.org,1925,Recent fire,"Walker, Turner and Brown Cinemas",2,38.06,2026-07-23,CONFIRMED
1733,242,tiffanyharris@example.com,1471,Cell phone card,Wright-Davis Cinemas,5,86.8,2026-07-23,CONFIRMED
1734,3458,christiankelly@example.org,1514,Avoid loss,Harris-Wright Cinemas,1,10.84,2026-06-27,CONFIRMED
1735,1700,michael01@example.com,319,What no,"Porter, Patel and Jackson Cinemas",6,137.34,2026-07-23,CONFIRMED
1736,2645,brittany77@example.net,1970,Bank if prevent,Russell Inc Cinemas,3,65.94,2026-06-29,CONFIRMED
1737,4628,hughesrachel@example.org,1127,Major cold,"Wong, Dawson and Martin Cinemas",1,10.12,2026-07-23,CONFIRMED
1738,4689,mmiller@example.org,318,Fire hand,Prince Inc Cinemas,6,54.06,2026-07-08,CONFIRMED
1739,4680,baileytiffany@example.org,1292,Next include manager,"Alexander, Cobb and Garcia Cinemas",6,149.7,2026-07-10,CONFIRMED
1740,3684,robert21@example.org,891,Wrong fear,Nguyen PLC Cinemas,1,16.23,2026-07-23,CONFIRMED
1741,4199,kenneth43@example.org,898,Prevent trade cut,Coleman-Green Cinemas,6,129.84,2026-07-23,CONFIRMED
1742,2414,renee38@example.org,601,Series contain,"Hendricks, Zuniga and Miller Cinemas",1,22.91,2026-06-23,CONFIRMED
1743,1032,russellprice@example.org,1649,Year occur,"Henson, Jones and Sanders Cinemas",5,87.6,2026-07-23,CONFIRMED
1744,2478,smcguire@example.org,1548,Huge school trip,"Jordan, Swanson and Franklin Cinemas",6,51.66,2026-06-18,CONFIRMED
1745,3317,ktate@example.com,1959,Name two,Patterson-Lawrence Cinemas,3,36.36,2026-07-23,CONFIRMED
1746,3764,samuel58@example.org,974,Chance company,"Wallace, Perkins and Johnson Cinemas",6,129.48,2026-07-03,CONFIRMED
1747,2082,gtrujillo@example.org,1115,Beautiful that age although,Stevenson Group Cinemas,4,53.0,2026-07-12,CONFIRMED
1748,2222,barberalexander@example.org,1549,Share,Moore-Bright Cinemas,1,19.07,2026-07-23,CONFIRMED
1749,4927,wendyjones@example.org,1895,Quality police,"Martin, Cervantes and Stokes Cinemas",5,41.35,2026-07-23,CONFIRMED
1750,1711,bblevins@example.net,879,Quality yard,"Martin, Cervantes and Stokes Cinemas",1,21.05,2026-07-23,CANCELLED
1751,4277,efowler@example.net,1676,May military most,Hernandez Ltd Cinemas,2,45.64,2026-07-23,CONFIRMED
1752,3076,brookeherrera@example.net,1329,Class laugh year,"Murphy, Lee and Garcia Cinemas",3,73.98,2026-07-23,CONFIRMED
1753,2061,ssmith@example.net,509,Month son benefit,Fleming Ltd Cinemas,6,123.24,2026-07-06,CONFIRMED
1754,2844,hulllaurie@example.com,1404,Expect production,Davis Inc Cinemas,3,52.77,2026-07-23,CONFIRMED
1755,1443,charlesclayton@example.org,1843,Pick glass learn,Henderson LLC Cinemas,3,50.07,2026-07-14,CONFIRMED
1756,359,colemancassandra@example.org,568,Big while capital,Holden LLC Cinemas,1,12.07,2026-07-11,CONFIRMED
1757,702,stephenjohnson@example.net,34,Staff political theory,Miller-Smith Cinemas,5,118.9,2026-07-23,CONFIRMED
1758,4763,jennifer73@example.org,734,Yourself social source,Johnson-Alvarez Cinemas,2,19.3,2026-06-18,CANCELLED
1759,1405,deleonbryan@example.com,1055,Mother hotel development list,"Guerrero, Watson and Perry Cinemas",1,8.26,2026-06-23,CANCELLED
1760,3277,knoxmark@example.org,1533,Interesting news,Martinez-Allen Cinemas,2,40.62,2026-07-23,CANCELLED
1761,3154,frazierannette@example.com,1860,Customer then,Buchanan LLC Cinemas,4,57.12,2026-07-01,CONFIRMED
1762,2953,collin12@example.com,1033,Experience western discover,Page-Jacobs Cinemas,4,85.88,2026-07-10,CONFIRMED
1763,2192,ginafischer@example.org,1154,Unit matter,Barron-Brown Cinemas,6,59.76,2026-06-26,CONFIRMED
1764,2925,jimenezterri@example.net,697,Wonder can two,Solis-Edwards Cinemas,6,86.28,2026-07-23,CONFIRMED
1765,3079,john31@example.net,991,Including drive,Page-Jacobs Cinemas,5,104.4,2026-06-23,CONFIRMED
1766,4044,thorntonisabel@example.com,1461,Music oil among population,Lynch LLC Cinemas,6,107.52,2026-07-16,CONFIRMED
1767,1335,thomas06@example.net,623,Fire door risk home,Mills and Sons Cinemas,6,123.6,2026-07-23,CONFIRMED
1768,2636,christopher06@example.org,1704,Contain mission career,"Miller, Hansen and Salas Cinemas",5,106.2,2026-07-23,CONFIRMED
1769,1858,gregorycarpenter@example.com,1392,Affect else claim,"Smith, Schroeder and Oconnor Cinemas",3,67.32,2026-07-23,CONFIRMED
1770,3534,jonathan14@example.net,384,Boy issue,Todd Group Cinemas,3,51.6,2026-07-23,CONFIRMED
1771,1340,robert71@example.org,1944,Size meet region,"Payne, Escobar and Barrett Cinemas",6,119.1,2026-06-27,CONFIRMED
1772,3559,iperez@example.org,693,Whose usually adult,"Richardson, Stephens and Barnes Cinemas",5,51.25,2026-07-13,CONFIRMED
1773,4716,michael58@example.com,126,Clear bag,Norris Inc Cinemas,4,42.48,2026-06-29,CONFIRMED
1774,2655,burnscarl@example.org,461,Popular design good,Hudson-Sparks Cinemas,5,71.0,2026-07-23,CONFIRMED
1775,4168,ashleybrown@example.com,1029,Call popular,Baxter PLC Cinemas,5,118.55,2026-07-21,CONFIRMED
1776,3945,myersmaria@example.com,118,Year respond,White-Morales Cinemas,3,71.91,2026-07-23,CONFIRMED
1777,1861,willisjaclyn@example.com,839,Left year school,"Hammond, Douglas and Johnson Cinemas",1,17.75,2026-07-16,CONFIRMED
1778,1487,lgonzalez@example.net,572,Eat financial current,"Henson, Russell and Oliver Cinemas",1,22.88,2026-06-19,CONFIRMED
1779,310,cooperlaura@example.org,264,Along surface,"Cain, Contreras and Jackson Cinemas",3,70.77,2026-07-23,CONFIRMED
1780,2599,garrett93@example.com,987,Capital artist economic,"Nguyen, Ellis and Wright Cinemas",1,13.91,2026-07-15,CONFIRMED
1781,4364,clarence35@example.net,758,Firm education,Jones Group Cinemas,5,52.9,2026-07-23,CONFIRMED
1782,297,christensenkendra@example.org,738,Magazine painting yard single,Gallagher-Diaz Cinemas,1,19.6,2026-06-23,CONFIRMED
1783,953,fryekevin@example.net,1190,Affect surface,Campbell and Sons Cinemas,5,124.25,2026-07-23,CONFIRMED
1784,1259,acaldwell@example.org,460,Door give hair,"James, Howard and Johnson Cinemas",1,23.54,2026-07-23,CONFIRMED
1785,1954,markfuentes@example.com,703,Thing left,Maldonado-Collins Cinemas,1,22.76,2026-07-23,CONFIRMED
1786,1663,jessica23@example.net,1856,Offer evening,"James, Howard and Johnson Cinemas",1,10.64,2026-06-21,CONFIRMED
1787,4956,nicholaswells@example.org,277,Artist,"Cooke, Meadows and Robles Cinemas",2,20.18,2026-07-20,CONFIRMED
1788,1474,kevin95@example.com,1236,Close ground green,"Vargas, Taylor and Hunt Cinemas",6,120.42,2026-06-27,CONFIRMED
1789,1707,fvaughn@example.org,611,Soldier girl,Barrett-Henderson Cinemas,1,19.75,2026-07-15,CANCELLED
1790,1427,vanessajimenez@example.org,1854,Market break different,"Marshall, Murray and Miller Cinemas",1,20.98,2026-07-23,CONFIRMED
1791,469,reginasingh@example.org,1054,Type plan,Walker-Gonzalez Cinemas,5,122.25,2026-07-22,CONFIRMED
1792,2367,woodgregory@example.org,1170,Do seven,Smith-Patel Cinemas,1,9.26,2026-07-22,CANCELLED
1793,4170,veronica41@example.org,105,Key thus,"Bautista, Allen and Harrell Cinemas",1,14.6,2026-07-23,CONFIRMED
1794,1848,christopherrivera@example.net,1682,Against discuss give,"Richardson, Stephens and Barnes Cinemas",3,38.52,2026-06-17,CONFIRMED
1795,708,rodriguezchristopher@example.org,1334,Ever tonight interesting,"Weiss, Cole and Preston Cinemas",1,9.55,2026-07-19,CONFIRMED
1796,1144,melissa36@example.net,1490,Drop tend current,Nelson and Sons Cinemas,1,10.3,2026-07-23,CONFIRMED
1797,3427,tonyamorris@example.net,1063,Bit sing,"Miranda, Wheeler and Avila Cinemas",5,117.1,2026-07-21,CONFIRMED
1798,80,sean69@example.com,190,Choose power customer,Burns-Nguyen Cinemas,1,19.23,2026-07-23,CONFIRMED
1799,1371,yjohnson@example.net,1258,Hear rise,Hill and Sons Cinemas,4,40.88,2026-06-23,CONFIRMED
1800,3543,jacob92@example.com,835,Social which,"Payne, Escobar and Barrett Cinemas",4,52.56,2026-07-23,CONFIRMED
1801,3554,fostertracey@example.org,1589,Difficult west,"Ruiz, Martin and Jones Cinemas",2,39.12,2026-07-22,CONFIRMED
1802,2333,lowemisty@example.org,731,Water born,Anderson-Kirk Cinemas,4,82.64,2026-07-21,CANCELLED
1803,3666,reesedonna@example.org,706,Only practice write,"Medina, Lee and Freeman Cinemas",5,47.2,2026-07-23,CANCELLED
1804,131,ebruce@example.net,1717,Offer serious,Weaver-Thompson Cinemas,6,142.5,2026-07-23,CONFIRMED
1805,1244,ashleynelson@example.net,843,Special admit,"Phelps, Montoya and Barnett Cinemas",3,72.9,2026-07-23,CONFIRMED
1806,4633,jennifer61@example.net,1698,Good movement how return,Russell Inc Cinemas,4,99.4,2026-07-08,CONFIRMED
1807,3550,wmarks@example.com,1279,Exist upon,"Martinez, Rose and Jackson Cinemas",2,49.28,2026-07-23,CONFIRMED
1808,4683,eileenortiz@example.com,405,Approach heavy human,Carney Group Cinemas,1,21.83,2026-06-26,CONFIRMED
1809,3415,kallen@example.org,1417,Than bit traditional,"Wolfe, Chavez and Mcbride Cinemas",5,113.75,2026-07-23,CONFIRMED
1810,4126,nathan68@example.org,1612,Same,"Diaz, Hill and Becker Cinemas",3,41.28,2026-07-23,CONFIRMED
1811,498,davismichelle@example.com,635,Rest floor firm,Campbell and Sons Cinemas,6,122.16,2026-06-24,CONFIRMED
1812,2923,luis86@example.net,952,Natural foot note,Mitchell and Sons Cinemas,1,15.74,2026-06-24,CONFIRMED
1813,1672,thomas61@example.net,161,Race choose toward,"Schultz, Miller and Wolf Cinemas",6,100.02,2026-07-23,CONFIRMED
1814,3207,davidward@example.org,358,Cause number alone,Woods-Mccarthy Cinemas,5,122.7,2026-07-23,CONFIRMED
1815,4042,benitezheather@example.com,421,Executive,"Harrington, Johnson and Jones Cinemas",1,24.74,2026-06-19,CONFIRMED
1816,1733,scott83@example.net,871,Sign be land,Jones Inc Cinemas,3,57.15,2026-07-23,CONFIRMED
1817,636,adrianchang@example.org,1294,Might them daughter,"Howard, Townsend and Hayes Cinemas",3,55.08,2026-07-18,CANCELLED
1818,2856,william41@example.com,420,Picture popular,"Taylor, Morales and Fuller Cinemas",3,52.98,2026-07-23,CONFIRMED
1819,4114,wileycynthia@example.org,1807,Worker determine,Edwards Inc Cinemas,4,53.0,2026-07-23,CONFIRMED
1820,3857,bethany57@example.org,221,Give billion if,"Moss, Kelly and Herman Cinemas",3,26.13,2026-06-22,CONFIRMED
1821,4819,john12@example.org,471,Artist design drop option,"Patterson, Camacho and White Cinemas",1,13.16,2026-06-17,CONFIRMED
1822,4737,lucas74@example.org,1442,Over charge,White-Jackson Cinemas,1,16.76,2026-07-23,CONFIRMED
1823,3278,masondavid@example.org,140,Analysis how,Smith-Wilson Cinemas,4,71.84,2026-07-23,CONFIRMED
1824,1914,coopertami@example.net,1261,College economy,Atkinson-Nelson Cinemas,2,38.06,2026-07-11,CONFIRMED
1825,363,barbarawelch@example.com,1190,Affect surface,Campbell and Sons Cinemas,4,99.4,2026-07-23,CONFIRMED
1826,583,george46@example.com,1614,Arrive morning guy,Diaz and Sons Cinemas,3,31.98,2026-07-20,CONFIRMED
1827,3036,saragreen@example.org,834,Suggest drug born,"Jones, Abbott and Pope Cinemas",1,19.59,2026-07-08,CONFIRMED
1828,3183,hmontgomery@example.com,210,Third according,Delgado Inc Cinemas,1,20.53,2026-07-23,CONFIRMED
1829,570,ymiller@example.org,882,Politics,Thomas-Reilly Cinemas,1,12.1,2026-07-23,CONFIRMED
1830,1781,martinezmason@example.com,1774,Bar difference,Garner LLC Cinemas,4,71.52,2026-07-23,CONFIRMED
1831,3687,laura17@example.com,1291,Although play position,Martinez LLC Cinemas,2,26.54,2026-07-21,CONFIRMED
1832,207,padillapatricia@example.org,1744,Bring place,Andrews-Green Cinemas,1,8.63,2026-07-23,CONFIRMED
1833,2177,cameronmark@example.com,1430,Reveal study bad,"Hernandez, Cuevas and Webb Cinemas",3,34.95,2026-06-21,CONFIRMED
1834,2780,codyford@example.net,1851,Note support enough,"Carpenter, Morrow and Smith Cinemas",4,79.2,2026-07-23,CONFIRMED
1835,1637,mallorycurry@example.com,733,Music base,"Duarte, Smith and Caldwell Cinemas",5,60.85,2026-07-23,CONFIRMED
1836,4357,brandon98@example.org,1009,Another,Edwards and Sons Cinemas,3,46.5,2026-06-17,CONFIRMED
1837,4115,underwoodcurtis@example.org,1621,Item already,Rodriguez-Hernandez Cinemas,1,8.34,2026-07-23,CONFIRMED
1838,4821,ogonzales@example.net,854,Mrs worry like,Brooks-Obrien Cinemas,2,42.62,2026-07-15,CONFIRMED
1839,4142,smithkimberly@example.com,49,Generation radio,Mccoy-Alvarado Cinemas,5,83.8,2026-06-29,CONFIRMED
1840,3006,hawkinsjeffrey@example.net,1758,Pm record again,Harris-Wright Cinemas,5,88.0,2026-07-16,CONFIRMED
1841,3583,pachecopatricia@example.net,516,Modern side expert,Smith-Clayton Cinemas,3,40.53,2026-07-23,CONFIRMED
1842,1803,laurenwilkins@example.org,1511,Movie build green,"Chapman, Ball and Patterson Cinemas",4,50.48,2026-07-23,CONFIRMED
1843,1975,christopher56@example.net,1053,Old strategy,"Moore, Gilmore and Martin Cinemas",3,27.39,2026-07-23,CONFIRMED
1844,1879,johnnygray@example.com,1753,Do leader very,Jordan-Campbell Cinemas,2,34.84,2026-07-23,CONFIRMED
1845,2116,melissacastro@example.net,579,Term between,Johnson-Powers Cinemas,5,110.75,2026-07-23,CONFIRMED
1846,3571,bwright@example.org,551,Measure above she east,Nunez LLC Cinemas,1,10.69,2026-06-29,CANCELLED
1847,389,lhoward@example.org,1956,Decade there,"Evans, David and Hendrix Cinemas",3,62.97,2026-07-17,CONFIRMED
1848,4716,michael58@example.com,1422,Policy,"Boyd, Ellis and Maynard Cinemas",6,108.78,2026-07-23,CONFIRMED
1849,2544,morganedward@example.net,1199,Everybody coach,Wyatt Ltd Cinemas,2,20.42,2026-07-23,CONFIRMED
1850,3116,nmoore@example.net,38,Officer skin quality,Landry-Hill Cinemas,5,46.55,2026-07-08,CANCELLED
1851,4905,smithjustin@example.net,1739,Pick,"Larsen, Hernandez and Ward Cinemas",6,52.38,2026-07-23,CONFIRMED
1852,923,stephanie27@example.net,1938,Consider product science,Clark Group Cinemas,2,36.88,2026-06-20,CONFIRMED
1853,4193,williamhaynes@example.com,44,Throw history method,"Wiley, Tapia and Smith Cinemas",2,21.42,2026-07-23,CONFIRMED
1854,229,wesleycalhoun@example.net,1076,Future effort,Santos-Wood Cinemas,3,46.32,2026-07-23,CONFIRMED
1855,3312,franciskenneth@example.net,588,For true we,Wright and Sons Cinemas,1,10.65,2026-07-20,CANCELLED
1856,3688,angela22@example.org,336,Officer size why free,"Castro, Irwin and Rodriguez Cinemas",5,76.75,2026-07-23,CONFIRMED
1857,3069,erandolph@example.net,806,Marriage,"Good, Brewer and Fisher Cinemas",1,11.56,2026-07-03,CONFIRMED
1858,446,jchase@example.com,1844,Ability stuff successful,"Patel, Palmer and Jones Cinemas",5,77.05,2026-07-23,CONFIRMED
1859,4033,ycline@example.com,710,Gas prove line,"Sanders, Leblanc and Maldonado Cinemas",3,50.43,2026-07-19,CONFIRMED
1860,2712,debbie01@example.org,517,Inside ask group,Mann LLC Cinemas,2,49.16,2026-06-25,CONFIRMED
1861,226,meganrichardson@example.org,1929,There magazine politics,Myers and Sons Cinemas,2,19.14,2026-07-23,CONFIRMED
1862,1669,madison11@example.net,1623,Firm week start,White-Jackson Cinemas,5,107.05,2026-07-21,CONFIRMED
1863,1652,westjeffrey@example.org,16,Smile wrong,"Ramirez, Horne and Johnson Cinemas",5,70.2,2026-07-04,CANCELLED
1864,2838,dwood@example.net,817,Chance minute guy,Reese Group Cinemas,5,54.45,2026-07-23,CONFIRMED
1865,2644,flemingcaitlyn@example.org,991,Including drive,Page-Jacobs Cinemas,5,104.4,2026-06-25,CANCELLED
1866,3141,hdoyle@example.com,883,Prevent follow I,Barron-Brown Cinemas,6,57.24,2026-06-19,CONFIRMED
1867,488,dawsonamanda@example.com,1087,Line defense,"Smith, Yang and Ford Cinemas",6,91.86,2026-06-19,CANCELLED
1868,2249,sean60@example.com,193,Ball today despite,"Wright, Mcknight and Stephens Cinemas",3,37.89,2026-07-21,CONFIRMED
1869,1429,millerelizabeth@example.com,1907,Book idea,Quinn-Wilson Cinemas,6,88.26,2026-07-02,CONFIRMED
1870,1037,nburns@example.org,1157,Within,Martinez and Sons Cinemas,6,70.02,2026-07-18,CONFIRMED
1871,1004,xlivingston@example.org,1698,Good movement how return,Russell Inc Cinemas,3,74.55,2026-07-22,CONFIRMED
1872,2532,humphreylindsay@example.org,1901,Candidate bad,Maldonado-Becker Cinemas,1,15.98,2026-07-23,CONFIRMED
1873,4884,kelseynguyen@example.org,736,Choose,"Kennedy, Cohen and Pennington Cinemas",4,42.64,2026-07-11,CONFIRMED
1874,367,kimberlyperez@example.org,1681,Not practice,Joseph Inc Cinemas,5,93.35,2026-07-14,CONFIRMED
1875,4465,kendra41@example.net,701,This begin network,White-Reese Cinemas,1,9.57,2026-07-04,CONFIRMED
1876,1690,lambalexandra@example.net,1907,Book idea,Quinn-Wilson Cinemas,1,14.71,2026-07-06,CONFIRMED
1877,4181,selena30@example.org,1768,Hour trial speech,Anderson-Silva Cinemas,3,62.13,2026-07-23,CONFIRMED
1878,1609,mary19@example.org,1946,Center cell budget,"Moore, Alexander and Reed Cinemas",5,57.55,2026-06-20,CONFIRMED
1879,2001,redwards@example.com,44,Throw history method,"Wiley, Tapia and Smith Cinemas",6,64.26,2026-07-20,CONFIRMED
1880,611,wcarroll@example.com,761,Yourself blue,Johnson and Sons Cinemas,3,29.76,2026-07-06,CONFIRMED
1881,344,johnmerritt@example.com,1007,Alone American,Lowery LLC Cinemas,5,87.7,2026-07-23,CONFIRMED
1882,4003,ishepherd@example.org,1925,Recent fire,"Walker, Turner and Brown Cinemas",4,76.12,2026-07-23,CONFIRMED
1883,1297,sarah36@example.net,299,Pm protect,Obrien and Sons Cinemas,2,44.94,2026-07-18,CONFIRMED
1884,1945,ugeorge@example.net,1631,Recent dream raise,Hall Ltd Cinemas,3,43.38,2026-06-16,CONFIRMED
1885,1442,kimberly47@example.org,1396,Leg,"Gonzales, Smith and Davis Cinemas",4,52.8,2026-07-23,CANCELLED
1886,199,sarah31@example.net,1086,Final must wait,"Lloyd, Walker and Brock Cinemas",5,43.3,2026-07-23,CONFIRMED
1887,3434,owilliams@example.com,419,Reveal service ability,Zuniga Group Cinemas,4,45.12,2026-07-15,CONFIRMED
1888,4678,lamroger@example.net,799,Set all rule,Hudson-Sparks Cinemas,2,16.72,2026-07-23,CONFIRMED
1889,673,gordondavid@example.net,647,With time up,Smith-Gomez Cinemas,6,113.16,2026-07-09,CONFIRMED
1890,462,vaguirre@example.net,565,Student another,"Meyers, Farrell and Miller Cinemas",1,11.72,2026-06-11,CONFIRMED
1891,2289,georgecooper@example.com,121,Knowledge poor around,"Henry, Edwards and Bartlett Cinemas",6,135.6,2026-07-23,CONFIRMED
1892,485,dianawolf@example.org,802,Decade in thing enter,Miller-Young Cinemas,3,45.45,2026-06-30,CONFIRMED
1893,2690,michelle88@example.org,1265,Trouble personal,Marshall Group Cinemas,6,105.24,2026-07-23,CONFIRMED
1894,3930,randall45@example.com,1585,Think national,Cook PLC Cinemas,2,41.24,2026-07-23,CONFIRMED
1895,1516,mowens@example.net,555,One long low,"Ramsey, Martinez and Sherman Cinemas",1,12.9,2026-07-23,CANCELLED
1896,939,joshua66@example.org,87,Economy home,Morrison-Simmons Cinemas,5,124.25,2026-07-23,CONFIRMED
1897,327,phernandez@example.net,773,Toward others,"Henry, Edwards and Bartlett Cinemas",3,41.01,2026-07-19,CONFIRMED
1898,3509,wrightjohn@example.com,1118,Identify all agreement stop,Moore Group Cinemas,1,15.29,2026-07-23,CONFIRMED
1899,4146,craig99@example.com,1230,Play resource by,"Lewis, Jordan and Young Cinemas",4,38.28,2026-06-27,CONFIRMED
1900,258,samantha54@example.net,436,Western leg Democrat,"King, Taylor and Middleton Cinemas",3,60.78,2026-07-23,CANCELLED
1901,1024,diazmichael@example.org,385,Share name attention,"Whitney, Mayo and Clark Cinemas",1,16.69,2026-07-23,CONFIRMED
1902,744,fking@example.org,592,Who successful,Atkinson-Nelson Cinemas,4,46.2,2026-07-23,CONFIRMED
1903,1882,imorris@example.net,153,Because scientist,Harris-Jensen Cinemas,6,110.1,2026-07-23,CANCELLED
1904,2960,warddavid@example.org,1424,Natural here short,Jones-Taylor Cinemas,5,122.05,2026-06-14,CONFIRMED
1905,3961,williamskelly@example.org,1198,Cut,James Ltd Cinemas,4,44.44,2026-07-23,CONFIRMED
1906,4180,qkelly@example.net,784,Baby final,"Bell, Peterson and Price Cinemas",1,24.06,2026-07-16,CONFIRMED
1907,2629,msimpson@example.net,1659,Road return force,Sharp Ltd Cinemas,1,22.88,2026-07-23,CONFIRMED
1908,2209,james71@example.net,1017,List civil just education,Price-Lee Cinemas,3,25.11,2026-07-23,CONFIRMED
1909,212,hgrant@example.net,975,Animal manager accept eight,Rodriguez Group Cinemas,5,100.8,2026-07-23,CONFIRMED
1910,100,atkinsonrachel@example.net,665,Stand from happen,"Burns, Barker and Horton Cinemas",5,69.95,2026-07-23,CANCELLED
1911,3705,aaron37@example.com,883,Prevent follow I,Barron-Brown Cinemas,5,47.7,2026-06-25,CONFIRMED
1912,3264,qwagner@example.org,1777,Medical order end,Bell PLC Cinemas,3,34.35,2026-07-23,CONFIRMED
1913,1879,johnnygray@example.com,45,Hour individual,Wright Group Cinemas,3,53.34,2026-07-23,CANCELLED
1914,68,jensenrebecca@example.com,178,Law degree police,"Gibson, Zimmerman and Warren Cinemas",3,24.51,2026-07-23,CONFIRMED
1915,4104,terry27@example.net,1472,Focus listen,"Smith, Yang and Ford Cinemas",6,98.16,2026-07-06,CONFIRMED
1916,3342,jriley@example.com,573,Understand education,"Taylor, Morales and Fuller Cinemas",1,20.44,2026-06-23,CONFIRMED
1917,4251,josephsmith@example.org,1713,Method finish,Butler and Sons Cinemas,3,58.89,2026-06-25,CONFIRMED
1918,1995,wadebrenda@example.net,774,Off home,"Ray, Cunningham and Levine Cinemas",1,18.89,2026-07-23,CONFIRMED
1919,1582,thomasmartin@example.com,1592,Program loss network,Taylor-Moore Cinemas,4,73.32,2026-07-20,CONFIRMED
1920,3649,rmccullough@example.org,771,Water agency,Chavez PLC Cinemas,6,98.52,2026-06-16,CANCELLED
1921,3380,ggarner@example.org,1886,Plant upon,Rodriguez-Miller Cinemas,2,49.9,2026-07-16,CONFIRMED
1922,2678,ldyer@example.net,1237,Receive plan across,Lee-Weeks Cinemas,5,73.05,2026-07-19,CONFIRMED
1923,4936,ywoods@example.com,921,Market consider,Barnett PLC Cinemas,6,99.42,2026-07-23,CONFIRMED
1924,2584,tpeters@example.com,15,Drop,Holloway and Sons Cinemas,6,79.02,2026-07-23,CONFIRMED
1925,1766,angelavalencia@example.net,382,Certain cell,Walker-Holt Cinemas,2,46.32,2026-07-12,CONFIRMED
1926,3053,bowersjessica@example.org,242,Manager store,Roman-Freeman Cinemas,3,70.95,2026-06-27,CONFIRMED
1927,3009,shelly48@example.com,862,Write maintain,Hamilton LLC Cinemas,2,22.94,2026-07-14,CONFIRMED
1928,2917,gabrielleanderson@example.org,1927,Thing amount,"Schaefer, Barry and Espinoza Cinemas",5,124.7,2026-07-23,CONFIRMED
1929,4771,matthewmiller@example.net,130,Idea able,Smith-James Cinemas,2,49.06,2026-06-16,CANCELLED
1930,1546,deanlauren@example.com,704,Send develop good,"Miller, Hansen and Salas Cinemas",5,97.3,2026-07-18,CONFIRMED
1931,3064,stacy45@example.com,1837,Political last,Berger Ltd Cinemas,6,56.1,2026-07-21,CONFIRMED
1932,4195,anne20@example.com,1661,Wrong doctor report,"Turner, Long and Hendricks Cinemas",5,61.55,2026-07-23,CANCELLED
1933,4776,jesseanderson@example.net,1677,Daughter third laugh,"Williams, Newman and Jones Cinemas",6,113.34,2026-07-23,CONFIRMED
1934,1028,kyle94@example.org,1425,Difficult pattern,Arellano and Sons Cinemas,3,57.93,2026-06-29,CONFIRMED
1935,781,ebowen@example.net,812,Fish interview,Gallegos-Turner Cinemas,4,33.68,2026-07-15,CONFIRMED
1936,4456,ryan23@example.org,1003,Air hold,Reese PLC Cinemas,5,66.5,2026-07-23,CANCELLED
1937,3687,laura17@example.com,1014,Music reason sense list,"Martinez, Roman and Murphy Cinemas",5,100.15,2026-06-12,CANCELLED
1938,409,derrick63@example.com,1390,Mind point game,Gibson Ltd Cinemas,4,32.28,2026-07-23,CONFIRMED
1939,185,thomasstephen@example.net,760,Hand politics,"Williams, Newman and Jones Cinemas",4,57.6,2026-07-12,CONFIRMED
1940,1955,mark70@example.net,928,Prevent,"Compton, Owens and Decker Cinemas",6,106.68,2026-06-27,CONFIRMED
1941,1929,keithjackson@example.com,612,Rather next develop,Skinner-Mills Cinemas,4,65.92,2026-07-23,CONFIRMED
1942,1807,janedickerson@example.net,1625,Father expect cup,Payne-Walton Cinemas,2,25.7,2026-06-27,CONFIRMED
1943,1301,patricia89@example.net,1014,Music reason sense list,"Martinez, Roman and Murphy Cinemas",1,20.03,2026-06-26,CANCELLED
1944,4934,markrhodes@example.org,902,Meet speak,Hansen-Schneider Cinemas,3,62.85,2026-07-19,CONFIRMED
1945,4583,makayla40@example.net,583,However decade,"Coleman, Vega and Richmond Cinemas",5,41.75,2026-07-23,CONFIRMED
1946,3773,claytara@example.net,1643,Watch energy lose,Shaffer-Yates Cinemas,3,42.15,2026-07-23,CANCELLED
1947,1656,gabrielle34@example.net,1246,Apply reduce,Diaz-Jimenez Cinemas,6,108.66,2026-06-22,CANCELLED
1948,4592,gregoryrivera@example.net,8,General above price,Flores Ltd Cinemas,3,65.1,2026-07-03,CONFIRMED
1949,4239,fstewart@example.org,1164,Inside relationship everything,Gibson-Thomas Cinemas,6,139.74,2026-07-10,CONFIRMED
1950,2998,yhenry@example.com,1635,Pressure half debate,"French, Phelps and Berry Cinemas",4,59.16,2026-07-03,CONFIRMED
1951,3356,jmiller@example.net,1918,Question through over,"Burns, Barker and Horton Cinemas",1,21.58,2026-07-23,CONFIRMED
1952,2624,patrickhernandez@example.com,1934,Story threat visit worry,Walker PLC Cinemas,2,33.44,2026-07-10,CONFIRMED
1953,2443,michael12@example.com,1003,Air hold,Reese PLC Cinemas,1,13.3,2026-07-20,CONFIRMED
1954,1131,bankstracy@example.com,230,They street month current,Elliott Group Cinemas,5,116.85,2026-07-05,CANCELLED
1955,227,brownreginald@example.net,1166,Believe dark,"Garza, Williams and Walker Cinemas",2,36.76,2026-07-03,CONFIRMED
1956,3312,franciskenneth@example.net,1603,Return trouble conference,Miller Inc Cinemas,4,32.84,2026-06-23,CONFIRMED
1957,4837,vwilson@example.org,1459,Way former affect network,"Kennedy, Cohen and Pennington Cinemas",6,52.8,2026-07-20,CANCELLED
1958,2861,tcox@example.net,1892,Future,"Patterson, Camacho and White Cinemas",6,65.88,2026-07-23,CONFIRMED
1959,2655,burnscarl@example.org,629,Be activity,"Gonzales, Short and Weaver Cinemas",2,48.22,2026-07-23,CANCELLED
1960,374,amanda46@example.com,1646,Art food,Morris-Merritt Cinemas,1,18.55,2026-07-17,CONFIRMED
1961,1937,ericryan@example.org,1398,Among among,Villarreal and Sons Cinemas,5,56.2,2026-07-23,CONFIRMED
1962,438,lucasteresa@example.com,1672,Career just,"Ray, Cunningham and Levine Cinemas",3,55.47,2026-07-13,CONFIRMED
1963,3232,thomascook@example.org,1194,Anyone color,Green-Walters Cinemas,1,12.0,2026-07-16,CONFIRMED
1964,1203,andrewbird@example.com,1229,Wife article technology child,"Mckee, Gardner and Davenport Cinemas",5,54.7,2026-07-17,CONFIRMED
1965,1732,greenlisa@example.net,358,Cause number alone,Woods-Mccarthy Cinemas,2,49.08,2026-07-23,CONFIRMED
1966,1372,vjimenez@example.net,1191,Law stay fall,Lutz and Sons Cinemas,2,27.82,2026-07-03,CONFIRMED
1967,4146,craig99@example.com,960,Beat sign,Carlson-Cruz Cinemas,4,51.4,2026-06-13,CONFIRMED
1968,2147,adkinsjessica@example.net,1456,Without thank land,Villarreal-Jackson Cinemas,2,46.56,2026-07-23,CONFIRMED
1969,4595,colehenry@example.org,901,Model place,"Kennedy, Cohen and Pennington Cinemas",6,52.98,2026-07-20,CONFIRMED
1970,2916,iduncan@example.org,1421,Or task local,"Taylor, Morales and Fuller Cinemas",3,49.47,2026-07-08,CONFIRMED
1971,2260,mckenzie84@example.com,1048,Describe also sea,"Lloyd, Walker and Brock Cinemas",4,53.52,2026-07-23,CONFIRMED
1972,4451,thompsonwilliam@example.org,511,Wait,Wagner-Hernandez Cinemas,5,61.5,2026-07-23,CONFIRMED
1973,60,joshuacoleman@example.com,1570,Window we,Hernandez Ltd Cinemas,6,144.0,2026-07-23,CANCELLED
1974,4361,austinkline@example.net,620,Health,Harrison-Leach Cinemas,1,11.5,2026-07-16,CONFIRMED
1975,2480,hopkinspaul@example.com,756,Fire until,Bryan Inc Cinemas,6,66.12,2026-07-02,CONFIRMED
1976,4044,thorntonisabel@example.com,178,Law degree police,"Gibson, Zimmerman and Warren Cinemas",5,40.85,2026-07-23,CONFIRMED
1977,2977,rebecca46@example.org,295,Politics,"Myers, Gamble and Sanford Cinemas",4,70.72,2026-07-23,CONFIRMED
1978,4843,marcjohnson@example.net,534,Evidence clearly,Jones-Taylor Cinemas,6,91.98,2026-06-27,CONFIRMED
1979,4154,jeffrey08@example.com,1080,Record subject month,Martinez-Allen Cinemas,5,52.5,2026-06-16,CONFIRMED
1980,9,ncruz@example.net,12,Tend,Williams-Harmon Cinemas,4,38.64,2026-06-19,CONFIRMED
1981,2431,qmolina@example.org,1350,Along rule,Carney Group Cinemas,6,78.3,2026-06-27,CONFIRMED
1982,1566,millershannon@example.org,618,Room movement,Johnson and Sons Cinemas,5,69.2,2026-07-09,CONFIRMED
1983,3674,brian87@example.net,1885,Religious be,Martinez Inc Cinemas,5,122.55,2026-06-15,CONFIRMED
1984,3883,dale37@example.net,1233,Charge a,Buchanan LLC Cinemas,1,17.07,2026-07-22,CANCELLED
1985,2050,paulpowell@example.com,1314,Help expect,Grant-Anderson Cinemas,6,60.06,2026-07-23,CANCELLED
1986,4610,qbailey@example.com,1063,Bit sing,"Miranda, Wheeler and Avila Cinemas",3,70.26,2026-07-15,CANCELLED
1987,3925,colemanstacey@example.net,1333,Type leg including,Warren Ltd Cinemas,3,64.65,2026-07-21,CANCELLED
1988,2601,zthompson@example.com,1206,Itself certain site itself,Davis-Montgomery Cinemas,4,99.8,2026-07-23,CANCELLED
1989,872,blakejackson@example.net,247,Development me need,Martinez Ltd Cinemas,6,67.86,2026-07-22,CONFIRMED
1990,2176,saraharper@example.net,1697,Sea east admit too,"Lopez, Gomez and Garcia Cinemas",6,139.86,2026-07-23,CONFIRMED
1991,1483,john69@example.net,842,Follow family,"Wagner, Anderson and Robles Cinemas",1,15.46,2026-07-23,CONFIRMED
1992,3442,denise47@example.net,170,Though though walk,Morton and Sons Cinemas,3,42.18,2026-07-23,CONFIRMED
1993,3597,tyler16@example.com,225,Unit soon at,"Sanders, Leblanc and Maldonado Cinemas",5,110.95,2026-07-23,CANCELLED
1994,4897,rebeccazimmerman@example.net,14,Nearly author,Smith-Carrillo Cinemas,4,70.16,2026-07-23,CONFIRMED
1995,4820,chill@example.com,256,Talk able,Mccarthy-Kelly Cinemas,5,119.2,2026-06-12,CONFIRMED
1996,4320,vowen@example.com,1723,Interview not though,"Edwards, Baker and Anderson Cinemas",4,95.28,2026-07-23,CONFIRMED
1997,4500,parkschristopher@example.org,958,Floor offer lead,Gibbs Group Cinemas,4,71.84,2026-07-23,CONFIRMED
1998,4555,houstonjohn@example.net,584,Natural full player,Townsend-Hale Cinemas,4,67.72,2026-06-11,CONFIRMED
1999,1514,richarddiaz@example.net,1576,Bed,Mccarthy-Hobbs Cinemas,5,77.35,2026-07-23,CONFIRMED
2000,2254,ilawrence@example.net,1419,View rich brother,Harrington Group Cinemas,2,16.58,2026-07-23,CONFIRMED
2001,565,kyle14@example.com,1343,Through itself,Sims-Padilla Cinemas,3,68.76,2026-07-07,CONFIRMED
2002,2784,cgray@example.com,574,Usually within need than,Rodriguez-Miller Cinemas,6,105.0,2026-06-26,CONFIRMED
2003,1414,xfleming@example.org,1160,Military she,Haynes-Jackson Cinemas,6,57.18,2026-07-05,CONFIRMED
2004,4622,edwin67@example.org,714,Like moment,Scott-Miller Cinemas,6,142.32,2026-07-05,CANCELLED
2005,2977,rebecca46@example.org,966,Eight book owner,"Phelps, Kramer and Shannon Cinemas",3,50.4,2026-07-12,CONFIRMED
2006,2245,wbaker@example.net,744,While senior,"Flowers, Morgan and Barnes Cinemas",4,44.92,2026-07-23,CONFIRMED
2007,3278,masondavid@example.org,515,Fear everything bad receive,Wright and Sons Cinemas,1,15.18,2026-06-14,CONFIRMED
2008,2465,joannadavis@example.net,685,Yeah door,Pham Ltd Cinemas,5,105.0,2026-07-23,CONFIRMED
2009,2666,ryan52@example.com,1532,During drive,Barron-Brown Cinemas,2,23.48,2026-07-04,CONFIRMED
2010,2238,qclark@example.com,1889,Situation defense woman message,"Underwood, Bartlett and Russell Cinemas",4,41.68,2026-07-15,CONFIRMED
2011,156,kellyrichmond@example.com,195,Perform home million,Huynh PLC Cinemas,6,109.5,2026-07-23,CONFIRMED
2012,263,kimbradley@example.com,1636,Recent middle music,"Murphy, Lee and Garcia Cinemas",6,82.38,2026-07-23,CANCELLED
2013,675,vparks@example.org,796,Vote husband maintain black,Jackson-Cooper Cinemas,4,55.28,2026-07-05,CANCELLED
2014,2725,larryfox@example.net,1005,Other drive,Miller LLC Cinemas,5,101.95,2026-07-23,CONFIRMED
2015,4935,ccalderon@example.net,1090,Appear close goal,Hansen-Schneider Cinemas,1,23.51,2026-07-17,CONFIRMED
2016,3474,goldenrhonda@example.com,987,Capital artist economic,"Nguyen, Ellis and Wright Cinemas",6,83.46,2026-07-16,CONFIRMED
2017,2283,ocole@example.com,1988,Factor current political member,"Patterson, Camacho and White Cinemas",2,33.98,2026-07-23,CONFIRMED
2018,2903,fsanchez@example.org,1759,Lose education,Price-Schmitt Cinemas,4,58.56,2026-07-23,CONFIRMED
2019,4452,rebecca93@example.org,1670,Artist stop,Bird-Trujillo Cinemas,5,78.2,2026-06-14,CONFIRMED
2020,4821,ogonzales@example.net,1026,Bad production brother even,"Moore, Gilmore and Martin Cinemas",5,70.5,2026-07-02,CONFIRMED
2021,2864,sue91@example.com,15,Drop,Holloway and Sons Cinemas,3,39.51,2026-07-23,CONFIRMED
2022,2169,lawrencelambert@example.com,317,Music guess,"Larson, Daniels and James Cinemas",2,39.6,2026-07-23,CONFIRMED
2023,3320,lee64@example.com,764,Industry before,"Mckee, Gardner and Davenport Cinemas",2,39.04,2026-07-23,CONFIRMED
2024,333,mitchell76@example.net,1025,Trouble fight fast option,"Velez, Howell and Stevenson Cinemas",4,74.52,2026-07-04,CONFIRMED
2025,1850,fgarcia@example.org,1411,Purpose current,Robinson-Gay Cinemas,5,57.45,2026-07-23,CONFIRMED
2026,3883,dale37@example.net,1091,Defense skin,Howe Inc Cinemas,3,69.33,2026-07-23,CANCELLED
2027,1713,travis28@example.net,1837,Political last,Berger Ltd Cinemas,2,18.7,2026-07-23,CONFIRMED
2028,213,eharrington@example.com,956,Occur that article,Smith-Ramirez Cinemas,1,16.98,2026-06-30,CONFIRMED
2029,2829,barbararussell@example.com,1338,About book partner,"Levy, Franco and Hoffman Cinemas",2,26.96,2026-06-24,CONFIRMED
2030,3898,joyceobrien@example.net,1910,Decide,James and Sons Cinemas,6,117.78,2026-07-03,CONFIRMED
2031,4711,pwright@example.com,1982,Skill how fear,"Roberts, Stanton and Smith Cinemas",5,60.85,2026-06-16,CONFIRMED
2032,4100,hillbryan@example.net,564,South information,"Chen, Faulkner and Casey Cinemas",1,18.9,2026-07-23,CONFIRMED
2033,1489,joseph50@example.org,1967,Generation box report,Curry-Allen Cinemas,4,33.36,2026-06-24,CONFIRMED
2034,2524,holtvictor@example.org,19,Research decide even,Chase-Washington Cinemas,1,14.4,2026-07-23,CONFIRMED
2035,2794,efrench@example.org,1179,Identify all agreement stop,Patterson LLC Cinemas,3,47.1,2026-07-23,CONFIRMED
2036,3363,tcarr@example.org,218,Visit PM this,"Anderson, Velazquez and Stewart Cinemas",5,85.85,2026-07-23,CONFIRMED
2037,4195,anne20@example.com,1979,Always beautiful,Hoffman PLC Cinemas,6,124.44,2026-07-02,CONFIRMED
2038,4278,diazwilliam@example.org,420,Picture popular,"Taylor, Morales and Fuller Cinemas",1,17.66,2026-07-23,CONFIRMED
2039,2348,smithbrittney@example.com,711,Smile recognize section,Thomas Group Cinemas,6,115.98,2026-07-23,CONFIRMED
2040,558,smithjohn@example.org,1323,Early,Watson-Chan Cinemas,1,13.84,2026-07-23,CONFIRMED
2041,4306,bnguyen@example.org,49,Generation radio,Mccoy-Alvarado Cinemas,2,33.52,2026-07-03,CONFIRMED
2042,3752,qolson@example.org,1809,Nearly second,"Brown, Ali and Jones Cinemas",1,12.54,2026-07-23,CANCELLED
2043,3485,klawson@example.com,1632,Before spring,Conway-Andrews Cinemas,1,19.26,2026-07-23,CONFIRMED
2044,75,seth29@example.org,1511,Movie build green,"Chapman, Ball and Patterson Cinemas",5,63.1,2026-07-23,CONFIRMED
2045,2382,robertsteele@example.com,364,One stay,Buchanan LLC Cinemas,2,29.84,2026-07-02,CONFIRMED
2046,4164,gallaghermartin@example.com,1808,Gun size cup,"James, Howard and Johnson Cinemas",3,25.02,2026-07-23,CONFIRMED
2047,4330,gnorton@example.org,722,Letter beyond sign,"White, Smith and Warner Cinemas",1,10.29,2026-07-23,CONFIRMED
2048,3667,lisa64@example.net,122,Impact compare after,Ryan-West Cinemas,1,16.84,2026-06-28,CONFIRMED
2049,140,brianmcdaniel@example.com,139,Name also,Shaffer-Yates Cinemas,6,49.08,2026-07-23,CONFIRMED
2050,2219,jessica96@example.com,766,Arm,Acosta and Sons Cinemas,1,23.49,2026-06-29,CONFIRMED
2051,3850,brandon19@example.net,281,Discover threat if,Davenport-Reynolds Cinemas,6,62.16,2026-07-19,CONFIRMED
2052,4907,apowell@example.net,1216,Skin court,Peterson-Wagner Cinemas,5,71.5,2026-07-23,CONFIRMED
2053,3169,josephfisher@example.org,866,Important to mean,"May, Valenzuela and Lee Cinemas",1,15.96,2026-07-04,CONFIRMED
2054,4436,angelacasey@example.com,1118,Identify all agreement stop,Moore Group Cinemas,4,61.16,2026-07-15,CONFIRMED
2055,1774,yhamilton@example.com,1662,Sell apply,Green-Walters Cinemas,2,40.82,2026-06-18,CONFIRMED
2056,3749,hendersonfernando@example.net,824,Couple,Morrison-Simmons Cinemas,5,55.6,2026-07-03,CONFIRMED
2057,104,kevin22@example.org,1872,Concern finish important project,"Bennett, Williams and Klein Cinemas",5,103.1,2026-07-23,CONFIRMED
2058,1023,katherinewinters@example.com,857,Quality hospital,"Lyons, Young and Rios Cinemas",3,53.43,2026-06-16,CONFIRMED
2059,3813,stephanie11@example.com,624,According,Ochoa-Adams Cinemas,5,53.15,2026-07-23,CONFIRMED
2060,2124,tgilbert@example.com,226,There,"Frye, Hoffman and Santiago Cinemas",1,17.01,2026-07-23,CANCELLED
2061,3213,ocrane@example.net,638,Various recently,Howe Inc Cinemas,2,23.36,2026-06-25,CONFIRMED
2062,4596,qcopeland@example.com,1840,Price girl,Gray and Sons Cinemas,2,35.04,2026-06-26,CONFIRMED
2063,3794,johnstonmichael@example.org,130,Idea able,Smith-James Cinemas,1,24.53,2026-06-13,CONFIRMED
2064,1451,angel62@example.com,1918,Question through over,"Burns, Barker and Horton Cinemas",3,64.74,2026-07-23,CONFIRMED
2065,3411,paula13@example.com,427,Foot participant receive,Villarreal and Sons Cinemas,5,71.05,2026-07-23,CONFIRMED
2066,677,swright@example.net,1388,Evidence protect,"Freeman, Hall and Allison Cinemas",1,11.39,2026-07-23,CONFIRMED
2067,1102,solistara@example.com,1216,Skin court,Peterson-Wagner Cinemas,3,42.9,2026-07-23,CANCELLED
2068,2232,hgray@example.net,880,Head effect friend,Moore Group Cinemas,5,61.1,2026-07-23,CONFIRMED
2069,169,kevin54@example.net,1243,Meeting enter no,Coleman-Long Cinemas,6,124.26,2026-07-13,CANCELLED
2070,1359,rachel22@example.org,1309,Strategy pressure other,Weber-Richards Cinemas,6,75.3,2026-06-13,CONFIRMED
2071,578,jeffrey62@example.net,170,Though though walk,Morton and Sons Cinemas,6,84.36,2026-07-23,CONFIRMED
2072,3961,williamskelly@example.org,81,Personal word,"Strickland, Mccormick and Santos Cinemas",5,116.1,2026-07-12,CANCELLED
2073,4998,sstewart@example.net,1048,Describe also sea,"Lloyd, Walker and Brock Cinemas",5,66.9,2026-07-23,CONFIRMED
2074,3759,millercynthia@example.net,1759,Lose education,Price-Schmitt Cinemas,4,58.56,2026-07-23,CONFIRMED
2075,3390,baileydonna@example.com,419,Reveal service ability,Zuniga Group Cinemas,3,33.84,2026-07-07,CANCELLED
2076,3246,pbrooks@example.net,304,Machine old,"Good, Brewer and Fisher Cinemas",2,33.3,2026-07-23,CONFIRMED
2077,4498,ksalazar@example.org,1190,Affect surface,Campbell and Sons Cinemas,1,24.85,2026-07-21,CONFIRMED
2078,2173,chatfield@example.org,201,Science experience successful,"Cain, Contreras and Jackson Cinemas",1,9.97,2026-07-18,CONFIRMED
2079,1613,baguilar@example.net,332,Her there,"Mckee, Gardner and Davenport Cinemas",5,51.05,2026-06-29,CONFIRMED
2080,2036,millerwendy@example.net,2000,Owner peace name,"Thomas, Harper and Williams Cinemas",5,80.8,2026-07-12,CANCELLED
2081,968,charlesewing@example.com,220,Military everybody ability,"Moore, Gilmore and Martin Cinemas",6,82.38,2026-07-22,CONFIRMED
2082,2843,potterjohn@example.com,1152,Here southern we play,Johnson-Powers Cinemas,5,56.65,2026-07-02,CONFIRMED
2083,1870,ucummings@example.net,1025,Trouble fight fast option,"Velez, Howell and Stevenson Cinemas",6,111.78,2026-07-10,CANCELLED
2084,832,smithbrittany@example.net,1266,Indicate big,Mclean Group Cinemas,4,75.72,2026-06-28,CONFIRMED
2085,4767,brewermarcus@example.com,1991,Employee forward,Harper-Johnson Cinemas,5,48.1,2026-07-18,CONFIRMED
2086,131,ebruce@example.net,1638,Community say,Avila LLC Cinemas,4,43.64,2026-06-29,CONFIRMED
2087,1968,catherine68@example.com,983,Entire,Parks Ltd Cinemas,1,8.6,2026-07-23,CONFIRMED
2088,3675,pittsmary@example.net,1271,Allow tree miss,"Russell, Meyer and Smith Cinemas",5,103.35,2026-06-14,CONFIRMED
2089,488,dawsonamanda@example.com,229,Human bank,Ferguson and Sons Cinemas,3,38.67,2026-07-23,CONFIRMED
2090,16,tmoore@example.net,1240,Type plan,Avila LLC Cinemas,6,77.88,2026-07-11,CONFIRMED
2091,735,lawrencesteven@example.net,1232,Trouble safe,"Dorsey, Reyes and Dunn Cinemas",6,77.1,2026-07-23,CONFIRMED
2092,3793,amandamcmillan@example.net,1405,Their per poor,Smith Ltd Cinemas,6,101.88,2026-07-23,CONFIRMED
2093,3422,hmoreno@example.net,862,Write maintain,Hamilton LLC Cinemas,4,45.88,2026-07-07,CONFIRMED
2094,3417,jonesterry@example.com,1206,Itself certain site itself,Davis-Montgomery Cinemas,4,99.8,2026-07-23,CONFIRMED
2095,3567,elizabeth70@example.com,1601,Life once same,"Hamilton, Green and Edwards Cinemas",2,43.9,2026-07-23,CONFIRMED
2096,2199,pollardgary@example.net,1941,Security military,Smith LLC Cinemas,2,32.82,2026-07-23,CONFIRMED
2097,1743,michaelgonzalez@example.com,291,Memory final both,Garner LLC Cinemas,2,37.86,2026-06-25,CONFIRMED
2098,4606,juliadavid@example.net,1890,Station white,Joyce-Benitez Cinemas,4,88.4,2026-06-15,CONFIRMED
2099,3769,pmorales@example.net,1836,Special drop down,Taylor Ltd Cinemas,1,15.11,2026-07-23,CONFIRMED
2100,421,sanderson@example.org,501,Have,"Medina, Miller and Yates Cinemas",4,66.12,2026-07-23,CANCELLED
2101,1984,ggray@example.net,413,Decide two seven,Arellano and Sons Cinemas,1,14.37,2026-07-23,CONFIRMED
2102,3563,sierramason@example.com,1664,Way form run,"Warner, Baker and Campbell Cinemas",1,11.25,2026-07-23,CONFIRMED
2103,240,michellejenkins@example.org,184,Hour story stay,Peterson-Mullins Cinemas,2,28.98,2026-07-08,CONFIRMED
2104,2109,crystalnguyen@example.org,1460,Suggest,"Guerrero, Watson and Perry Cinemas",6,117.24,2026-07-03,CONFIRMED
2105,1338,derekgonzalez@example.com,1683,Call pick,Holden LLC Cinemas,6,94.5,2026-06-22,CANCELLED
2106,4338,achaney@example.org,360,Church arrive program finally,Norris Inc Cinemas,6,75.42,2026-07-23,CANCELLED
2107,266,taramejia@example.org,1440,Investment job environment,Cervantes PLC Cinemas,5,88.8,2026-07-23,CONFIRMED
2108,4927,wendyjones@example.org,1307,Ball great,"Thomas, White and Jensen Cinemas",4,51.0,2026-07-23,CONFIRMED
2109,4293,cynthia76@example.com,969,Loss dark act,"Vasquez, Sanchez and Green Cinemas",6,112.62,2026-07-15,CONFIRMED
2110,2311,annawelch@example.com,1988,Factor current political member,"Patterson, Camacho and White Cinemas",3,50.97,2026-07-23,CONFIRMED
2111,4395,lauriehenderson@example.net,1715,I sing,Diaz LLC Cinemas,1,17.51,2026-07-07,CONFIRMED
2112,4957,sgonzalez@example.org,186,Argue sense something,Mccoy-Strickland Cinemas,4,35.48,2026-06-26,CANCELLED
2113,74,burnsrodney@example.org,1625,Father expect cup,Payne-Walton Cinemas,2,25.7,2026-07-03,CONFIRMED
2114,685,gabrielle36@example.org,1441,Decide sister general,Knox and Sons Cinemas,1,24.66,2026-07-23,CONFIRMED
2115,3670,michellerangel@example.com,1811,Ahead main war,Brown and Sons Cinemas,4,37.88,2026-07-19,CONFIRMED
2116,2852,uhorton@example.net,1249,Coach news,"Kennedy, Cohen and Pennington Cinemas",2,34.28,2026-07-13,CONFIRMED
2117,750,melanie46@example.net,983,Entire,Parks Ltd Cinemas,4,34.4,2026-07-23,CONFIRMED
2118,3610,dominicperry@example.org,1023,Pattern challenge soldier send,Garrett-Stout Cinemas,3,43.77,2026-07-18,CANCELLED
2119,2623,maria36@example.com,385,Share name attention,"Whitney, Mayo and Clark Cinemas",1,16.69,2026-07-23,CONFIRMED
2120,4532,lisachurch@example.net,203,According event change,Stafford Ltd Cinemas,6,56.52,2026-07-23,CANCELLED
2121,4557,shawjill@example.org,738,Magazine painting yard single,Gallagher-Diaz Cinemas,3,58.8,2026-07-01,CONFIRMED
2122,4808,francismason@example.org,1005,Other drive,Miller LLC Cinemas,3,61.17,2026-07-23,CONFIRMED
2123,2612,kaustin@example.com,560,Peace nation,"Schwartz, Estrada and Hernandez Cinemas",5,100.6,2026-07-23,CONFIRMED
2124,2695,sbrown@example.com,1143,Most bad,Bradley-Davis Cinemas,1,19.07,2026-07-23,CONFIRMED
2125,4756,justin72@example.org,1611,Two,Hampton-Tucker Cinemas,2,25.68,2026-07-23,CONFIRMED
2126,4435,potteremily@example.com,1052,Power game yard,"Walton, Anderson and Cook Cinemas",5,75.75,2026-07-23,CONFIRMED
2127,435,sgordon@example.net,661,Open provide,Garrett-Stout Cinemas,2,43.76,2026-07-23,CONFIRMED
2128,3356,jmiller@example.net,1226,Sign build,James Ltd Cinemas,2,30.64,2026-07-23,CONFIRMED
2129,3952,zryan@example.net,705,Nice report,"Anderson, Wilson and Torres Cinemas",3,33.18,2026-07-23,CONFIRMED
2130,4411,wcarter@example.com,966,Eight book owner,"Phelps, Kramer and Shannon Cinemas",4,67.2,2026-07-23,CANCELLED
2131,3841,dennisdarrell@example.org,1366,Allow couple,Villarreal and Sons Cinemas,6,61.56,2026-07-22,CONFIRMED
2132,776,patricialopez@example.net,579,Term between,Johnson-Powers Cinemas,5,110.75,2026-07-23,CONFIRMED
2133,4045,qshepherd@example.org,1782,Near word whose,Ward-Blake Cinemas,3,30.24,2026-07-23,CONFIRMED
2134,1821,seanbean@example.com,76,Structure whom,"James, Howard and Johnson Cinemas",3,42.45,2026-07-23,CONFIRMED
2135,960,kmartinez@example.net,230,They street month current,Elliott Group Cinemas,6,140.22,2026-07-03,CONFIRMED
2136,3129,mrodriguez@example.org,1457,Against cut establish door,Rodriguez-Miller Cinemas,2,23.38,2026-07-23,CONFIRMED
2137,2119,nathaniel41@example.org,286,Light involve all,"Thomas, Moreno and Smith Cinemas",1,22.94,2026-06-16,CONFIRMED
2138,4168,ashleybrown@example.com,880,Head effect friend,Moore Group Cinemas,2,24.44,2026-07-23,CONFIRMED
2139,1089,allisonbarr@example.com,1803,Because picture consumer,"Evans, David and Hendrix Cinemas",4,37.6,2026-07-23,CONFIRMED
2140,291,jeremiahwalton@example.org,155,Worker have still,Thomas and Sons Cinemas,5,103.8,2026-06-28,CONFIRMED
2141,3156,matthewschultz@example.org,311,Family third animal hotel,"Mckee, Gardner and Davenport Cinemas",2,48.4,2026-07-23,CONFIRMED
2142,4547,qbarron@example.org,918,Safe,Wang-Jackson Cinemas,5,89.05,2026-07-23,CONFIRMED
2143,3251,rebecca37@example.net,1308,Staff,"Boyd, Ellis and Maynard Cinemas",3,68.64,2026-07-23,CONFIRMED
2144,3878,hendersonwilliam@example.com,1241,Actually help,Wilson-Jones Cinemas,5,114.25,2026-07-23,CONFIRMED
2145,1759,wgarcia@example.com,1991,Employee forward,Harper-Johnson Cinemas,5,48.1,2026-07-23,CONFIRMED
2146,4381,jenniferpage@example.net,358,Cause number alone,Woods-Mccarthy Cinemas,6,147.24,2026-07-23,CONFIRMED
2147,3898,joyceobrien@example.net,1466,So head north,"Salazar, Miller and Arnold Cinemas",1,20.58,2026-06-18,CONFIRMED
2148,1902,kellyrichard@example.net,1587,Argue call,White Inc Cinemas,3,73.77,2026-07-23,CONFIRMED
2149,4478,gfrank@example.net,418,Not pull ability word,Zuniga Group Cinemas,4,33.84,2026-07-23,CANCELLED
2150,4356,fsimpson@example.org,1292,Next include manager,"Alexander, Cobb and Garcia Cinemas",3,74.85,2026-07-15,CONFIRMED
2151,196,ymurray@example.org,202,Miss international become,Hoffman PLC Cinemas,1,10.41,2026-07-23,CONFIRMED
2152,1643,dvillarreal@example.net,1287,Rock around,"Arnold, Carroll and Gutierrez Cinemas",3,27.72,2026-07-21,CONFIRMED
2153,3103,patricia02@example.com,240,Industry water,Bradley-Davis Cinemas,6,83.7,2026-07-23,CONFIRMED
2154,4744,cannonvictoria@example.net,59,Common color,Hardy PLC Cinemas,2,28.5,2026-06-24,CONFIRMED
2155,1787,tammy58@example.org,1671,Camera rise consider,Casey-Romero Cinemas,5,49.3,2026-07-23,CONFIRMED
2156,1462,skinnerkyle@example.com,209,Tree allow,Peterson-Mullins Cinemas,1,21.78,2026-06-23,CONFIRMED
2157,3460,jacquelinesullivan@example.net,573,Understand education,"Taylor, Morales and Fuller Cinemas",2,40.88,2026-06-09,CONFIRMED
2158,4500,parkschristopher@example.org,1949,Degree moment recently,Brown and Sons Cinemas,4,75.32,2026-06-24,CONFIRMED
2159,2380,whitneybrenda@example.com,1606,Democratic conference,Hernandez Inc Cinemas,3,40.29,2026-07-22,CONFIRMED
2160,3338,ewilson@example.org,358,Cause number alone,Woods-Mccarthy Cinemas,1,24.54,2026-07-23,CONFIRMED
2161,4343,reevesheather@example.org,1354,Far bank sea,Mullins-Johnston Cinemas,4,76.72,2026-07-23,CONFIRMED
2162,4248,wendywoods@example.net,1700,Song to foreign,Buchanan LLC Cinemas,6,77.46,2026-07-23,CANCELLED
2163,672,tina48@example.com,1927,Thing amount,"Schaefer, Barry and Espinoza Cinemas",1,24.94,2026-07-23,CONFIRMED
2164,1281,donaldthomas@example.org,414,Staff argue ten,"Myers, Gamble and Sanford Cinemas",4,74.52,2026-07-23,CONFIRMED
2165,4111,rachel13@example.com,419,Reveal service ability,Zuniga Group Cinemas,4,45.12,2026-07-06,CONFIRMED
2166,2386,torreshoward@example.com,814,Most fund,"Chen, Faulkner and Casey Cinemas",6,129.42,2026-07-23,CONFIRMED
2167,3809,hermanangela@example.net,1888,Professional threat,Hernandez Inc Cinemas,5,100.55,2026-07-23,CONFIRMED
2168,2276,victoriapittman@example.com,814,Most fund,"Chen, Faulkner and Casey Cinemas",2,43.14,2026-07-23,CONFIRMED
2169,4739,xberry@example.net,1800,Data us,Smith Group Cinemas,6,54.78,2026-07-23,CONFIRMED
2170,2423,christinabailey@example.com,376,Hard debate type,Reyes Inc Cinemas,1,8.19,2026-07-20,CONFIRMED
2171,4912,nicolepierce@example.org,1932,Arm sometimes table,"Castro, Garcia and Daniels Cinemas",1,16.88,2026-06-18,CONFIRMED
2172,4388,scott23@example.com,1808,Gun size cup,"James, Howard and Johnson Cinemas",1,8.34,2026-07-23,CONFIRMED
2173,4764,richardprice@example.net,211,Activity record,Newton PLC Cinemas,3,53.07,2026-07-23,CONFIRMED
2174,879,greg64@example.org,1481,Culture Democrat,"Larson, Daniels and James Cinemas",3,65.31,2026-07-15,CONFIRMED
2175,4991,jessica00@example.com,326,Surface west,Lee-Weeks Cinemas,4,88.28,2026-06-30,CONFIRMED
2176,3657,scottthomas@example.com,1903,Staff,Carroll-Snyder Cinemas,6,126.84,2026-06-27,CANCELLED
2177,4364,clarence35@example.net,1975,General happy move,Smith-Clayton Cinemas,5,119.15,2026-07-23,CONFIRMED
2178,3443,robertdavis@example.org,1138,Cultural detail talk,"Stevens, Howell and Mitchell Cinemas",2,27.94,2026-07-23,CONFIRMED
2179,1265,baileynatalie@example.org,1511,Movie build green,"Chapman, Ball and Patterson Cinemas",6,75.72,2026-07-23,CONFIRMED
2180,44,brianmorrow@example.org,964,Actually green,Hunter Group Cinemas,4,64.48,2026-07-23,CONFIRMED
2181,144,craigriley@example.com,1265,Trouble personal,Marshall Group Cinemas,3,52.62,2026-07-23,CONFIRMED
2182,3379,mannbrandi@example.org,1167,Follow perhaps social himself,"Greene, Rogers and Haley Cinemas",6,140.34,2026-07-23,CONFIRMED
2183,122,qtaylor@example.com,1911,Station risk professor,Smith Group Cinemas,1,11.89,2026-07-23,CONFIRMED
2184,2357,ginapierce@example.com,1754,Hit trouble,Rodriguez Group Cinemas,2,27.82,2026-07-13,CONFIRMED
2185,4517,jorge42@example.com,1494,Particular we,Johnson-Nelson Cinemas,4,70.88,2026-07-23,CANCELLED
2186,475,qsimmons@example.org,246,Box ten class,Goodwin Inc Cinemas,5,71.95,2026-07-23,CONFIRMED
2187,1618,jamesevans@example.net,1503,Speak pay and,Mccarthy-Hobbs Cinemas,1,17.93,2026-07-08,CANCELLED
2188,1108,zhorton@example.com,1268,Prove environmental,Singleton-King Cinemas,1,12.59,2026-07-23,CONFIRMED
2189,794,oray@example.org,870,Pattern civil,"Henson, Jones and Sanders Cinemas",1,23.26,2026-07-23,CONFIRMED
2190,813,gardnerelizabeth@example.org,1,Series career agree,"Munoz, Krueger and Solomon Cinemas",4,96.92,2026-07-10,CONFIRMED
2191,103,sarah80@example.org,757,Table although whole,"James, Atkins and Alexander Cinemas",1,15.2,2026-07-23,CONFIRMED
2192,4690,bdiaz@example.net,920,Structure save,"Madden, Figueroa and Stafford Cinemas",2,26.22,2026-07-03,CONFIRMED
2193,1933,goodwinjack@example.org,44,Throw history method,"Wiley, Tapia and Smith Cinemas",1,10.71,2026-07-17,CONFIRMED
2194,3072,chadcox@example.com,379,Scene successful control,Robinson-Kennedy Cinemas,6,81.78,2026-07-23,CONFIRMED
2195,838,ericdavis@example.net,1339,National notice,Gonzalez-Mccarthy Cinemas,2,32.94,2026-07-23,CONFIRMED
2196,4321,katherinetucker@example.com,1611,Two,Hampton-Tucker Cinemas,6,77.04,2026-07-23,CONFIRMED
2197,4591,alexandersmith@example.net,800,All total,"Green, Cooper and Heath Cinemas",6,68.22,2026-06-22,CONFIRMED
2198,4972,larry83@example.org,1880,Sort late his,"Whitney, Mayo and Clark Cinemas",6,48.6,2026-07-09,CANCELLED
2199,2138,rodriguezjacob@example.com,775,Particular his position,Ferrell-Morgan Cinemas,2,49.5,2026-07-23,CANCELLED
2200,2346,kaylee70@example.org,1935,Box western vote,"White, Burch and Reynolds Cinemas",2,21.54,2026-07-10,CONFIRMED
2201,2336,tbrown@example.net,148,Fill billion general,Lowery LLC Cinemas,1,13.42,2026-07-23,CONFIRMED
2202,4238,ymitchell@example.com,1127,Major cold,"Wong, Dawson and Martin Cinemas",4,40.48,2026-07-23,CANCELLED
2203,2665,andrewforbes@example.net,1200,Last before material,Hamilton LLC Cinemas,5,59.4,2026-07-21,CONFIRMED
2204,899,melanie49@example.org,1033,Experience western discover,Page-Jacobs Cinemas,5,107.35,2026-07-02,CONFIRMED
2205,1460,ashleyashley@example.org,251,Any president item,Gonzalez LLC Cinemas,1,18.01,2026-07-23,CONFIRMED
2206,604,foleyjennifer@example.org,221,Give billion if,"Moss, Kelly and Herman Cinemas",2,17.42,2026-06-25,CONFIRMED
2207,477,ernesthoward@example.org,752,Clearly main kid,"Travis, Larson and Dodson Cinemas",2,29.26,2026-07-09,CONFIRMED
2208,4319,janetpena@example.org,241,Election option almost,"Sanchez, Terry and Turner Cinemas",6,110.94,2026-07-23,CONFIRMED
2209,1153,danlong@example.net,1405,Their per poor,Smith Ltd Cinemas,6,101.88,2026-07-23,CONFIRMED
2210,2711,monicabarnett@example.com,1739,Pick,"Larsen, Hernandez and Ward Cinemas",4,34.92,2026-07-23,CONFIRMED
2211,3707,alan04@example.com,1497,House amount present,"Miller, Hansen and Salas Cinemas",4,68.04,2026-06-23,CONFIRMED
2212,672,tina48@example.com,1214,Until store,"Flowers, Morgan and Barnes Cinemas",4,59.76,2026-07-09,CONFIRMED
2213,4685,rnewman@example.net,1901,Candidate bad,Maldonado-Becker Cinemas,3,47.94,2026-07-23,CONFIRMED
2214,1719,jwilliams@example.org,1425,Difficult pattern,Arellano and Sons Cinemas,6,115.86,2026-06-27,CONFIRMED
2215,3537,gregoryhoffman@example.net,724,Reason rock bit,"Foster, Smith and Grimes Cinemas",1,18.91,2026-06-24,CONFIRMED
2216,1996,dmorales@example.org,122,Impact compare after,Ryan-West Cinemas,4,67.36,2026-07-06,CANCELLED
2217,3181,melissa83@example.com,195,Perform home million,Huynh PLC Cinemas,6,109.5,2026-07-23,CONFIRMED
2218,2062,todd39@example.net,1566,Herself father about,Daniels-Phillips Cinemas,3,39.51,2026-07-09,CONFIRMED
2219,2024,collinsshannon@example.net,171,Force focus,Howe Inc Cinemas,5,75.8,2026-07-14,CONFIRMED
2220,1976,guerreropatrick@example.com,926,Make blue,Mclaughlin Inc Cinemas,4,43.32,2026-07-13,CONFIRMED
2221,2775,morriskevin@example.net,456,Myself rise story,Jones-Contreras Cinemas,3,43.86,2026-07-04,CONFIRMED
2222,3732,kjenkins@example.com,1588,Work,"Schwartz, Estrada and Hernandez Cinemas",4,47.6,2026-07-23,CONFIRMED
2223,3030,velliott@example.net,1627,Mouth himself,"Evans, David and Hendrix Cinemas",2,22.46,2026-07-23,CONFIRMED
2224,3176,dunnrose@example.com,762,Product organization,Johnson Inc Cinemas,1,15.49,2026-07-10,CANCELLED
2225,4154,jeffrey08@example.com,650,Really speak though,"Hall, Jackson and Johnson Cinemas",5,96.9,2026-07-23,CONFIRMED
2226,3560,breyes@example.com,1177,Right now mean,"Carrillo, Henderson and Matthews Cinemas",3,49.89,2026-07-23,CONFIRMED
2227,2077,mariamoore@example.com,1106,Method tonight them,Terry-Price Cinemas,4,58.24,2026-07-23,CONFIRMED
2228,3620,ibrewer@example.org,730,He authority third,Baxter PLC Cinemas,4,89.6,2026-07-23,CONFIRMED
2229,4109,walterbowers@example.com,1746,Suggest interest truth,Butler and Sons Cinemas,3,62.91,2026-07-23,CANCELLED
2230,4156,scottmartinez@example.net,1534,Despite audience,Shaw-Barnes Cinemas,1,15.71,2026-07-23,CONFIRMED
2231,637,tnorris@example.com,917,Never doctor peace,"Howard, Brennan and Moore Cinemas",4,34.92,2026-07-23,CONFIRMED
2232,2345,davisteresa@example.net,1270,Road gun,Whitehead-Hernandez Cinemas,5,87.55,2026-07-23,CONFIRMED
2233,3176,dunnrose@example.com,616,Thank purpose appear,Jackson-Cooper Cinemas,1,17.44,2026-07-23,CANCELLED
2234,2035,baileysara@example.com,1388,Evidence protect,"Freeman, Hall and Allison Cinemas",4,45.56,2026-07-23,CONFIRMED
2235,980,pcaldwell@example.net,464,Quickly them simply project,Moran PLC Cinemas,3,26.19,2026-07-23,CONFIRMED
2236,4933,larsonkristopher@example.net,1831,Provide run day,Jones-Taylor Cinemas,1,20.8,2026-07-23,CONFIRMED
2237,4695,kennedyevan@example.com,1550,Skin office oil,Smith Group Cinemas,3,69.48,2026-07-23,CONFIRMED
2238,759,xalvarez@example.net,810,Career miss,Shields LLC Cinemas,1,8.18,2026-07-23,CONFIRMED
2239,2588,michelegordon@example.net,1130,Either choose to,Jones-Contreras Cinemas,1,10.93,2026-07-23,CONFIRMED
2240,1382,gflores@example.org,1295,White coach fine,"Diaz, Hill and Becker Cinemas",4,75.32,2026-07-20,CONFIRMED
2241,3073,lmoreno@example.net,1894,Area base,"Cruz, Fowler and Haynes Cinemas",1,13.79,2026-07-07,CONFIRMED
2242,3242,nicholas81@example.com,223,More cultural whatever risk,Benson Inc Cinemas,1,8.14,2026-07-23,CONFIRMED
2243,2978,blackwelljonathan@example.com,1967,Generation box report,Curry-Allen Cinemas,1,8.34,2026-06-18,CONFIRMED
2244,2602,xjones@example.com,915,Hour way hair,"Ortiz, Reid and Wilkinson Cinemas",3,51.75,2026-06-29,CONFIRMED
2245,1025,jonesjerry@example.net,513,Face,Curry-Allen Cinemas,6,51.48,2026-07-23,CANCELLED
2246,2452,maustin@example.com,1377,Own single,Edwards and Sons Cinemas,4,69.28,2026-07-08,CONFIRMED
2247,699,fullerkristie@example.com,1690,Fund weight,"Compton, Owens and Decker Cinemas",1,8.39,2026-07-23,CONFIRMED
2248,2221,williamstaylor@example.org,1302,Camera be around,"Duarte, Smith and Caldwell Cinemas",6,82.62,2026-07-23,CONFIRMED
2249,2748,anolan@example.net,1674,Can land few case,Dominguez Ltd Cinemas,2,23.18,2026-06-19,CONFIRMED
2250,1714,dustinwilliams@example.net,524,Nearly score,"Davis, Johnson and Williams Cinemas",4,91.64,2026-07-23,CONFIRMED
2251,1699,jennifer13@example.org,989,Game example,Tucker-Olson Cinemas,5,118.4,2026-07-14,CONFIRMED
2252,622,laura09@example.com,1052,Power game yard,"Walton, Anderson and Cook Cinemas",2,30.3,2026-07-23,CONFIRMED
2253,4439,leerhonda@example.org,997,Treatment leader near,"Johns, Figueroa and Graham Cinemas",4,81.44,2026-07-23,CONFIRMED
2254,3587,nealpatricia@example.com,1014,Music reason sense list,"Martinez, Roman and Murphy Cinemas",2,40.06,2026-06-20,CANCELLED
2255,480,jrobinson@example.net,489,Full school,"Scott, Bartlett and Sloan Cinemas",1,20.01,2026-07-23,CONFIRMED
2256,4295,millerderek@example.com,283,International thousand,"Cox, Ford and Huffman Cinemas",4,64.68,2026-06-19,CONFIRMED
2257,3501,ramosjeffery@example.com,522,Cut sea son,Johnson and Sons Cinemas,2,27.96,2026-07-23,CONFIRMED
2258,2402,houstonmichelle@example.com,1812,Leg,Wagner and Sons Cinemas,3,38.37,2026-07-23,CONFIRMED
2259,3722,noahpierce@example.com,49,Generation radio,Mccoy-Alvarado Cinemas,2,33.52,2026-06-27,CONFIRMED
2260,2872,christinedennis@example.net,1591,Place,"Freeman, Cox and Mitchell Cinemas",6,63.9,2026-07-23,CONFIRMED
2261,2501,lopezrichard@example.net,1469,Left song medical,"Phelps, Montoya and Barnett Cinemas",3,46.56,2026-06-20,CONFIRMED
2262,2867,paigeyoung@example.org,1003,Air hold,Reese PLC Cinemas,6,79.8,2026-07-23,CANCELLED
2263,1430,hansenmatthew@example.org,1694,Fall letter,Gibson-Gardner Cinemas,4,94.56,2026-07-23,CONFIRMED
2264,2569,scottstephanie@example.org,544,Us consider baby,Davis-Montgomery Cinemas,3,25.38,2026-07-15,CONFIRMED
2265,4387,josebrown@example.net,541,Always way,Norris Inc Cinemas,3,30.54,2026-06-16,CONFIRMED
2266,290,nealdavid@example.com,1746,Suggest interest truth,Butler and Sons Cinemas,4,83.88,2026-07-19,CANCELLED
2267,3166,christopher69@example.net,846,Science order share son,Miller Group Cinemas,5,101.65,2026-07-23,CONFIRMED
2268,768,jessicasmith@example.com,1221,Sing soon,Jackson-Wood Cinemas,6,134.34,2026-07-23,CONFIRMED
2269,3438,colonjames@example.org,143,Central sit protect,Martinez-Dunlap Cinemas,2,20.72,2026-07-23,CANCELLED
2270,1140,dawnwarren@example.net,1584,Rock,Marshall and Sons Cinemas,5,100.55,2026-06-27,CONFIRMED
2271,2236,lewislori@example.com,743,Investment act,Wilson-Williams Cinemas,6,142.8,2026-07-23,CONFIRMED
2272,1778,greerjoseph@example.net,456,Myself rise story,Jones-Contreras Cinemas,2,29.24,2026-06-22,CONFIRMED
2273,4021,eric94@example.org,1034,Real establish,"Hammond, Douglas and Johnson Cinemas",2,23.56,2026-07-04,CANCELLED
2274,3351,zgibson@example.net,1751,Media myself,Taylor Ltd Cinemas,2,37.38,2026-07-23,CONFIRMED
2275,2011,maria44@example.com,1373,Food leave,"Gaines, Smith and Evans Cinemas",5,89.3,2026-07-04,CONFIRMED
2276,3656,clarkchad@example.com,704,Send develop good,"Miller, Hansen and Salas Cinemas",1,19.46,2026-07-16,CONFIRMED
2277,4246,floresdaniel@example.net,125,Theory determine at,Mendoza-Jackson Cinemas,2,22.0,2026-07-23,CONFIRMED
2278,771,wardlinda@example.net,1214,Until store,"Flowers, Morgan and Barnes Cinemas",1,14.94,2026-07-12,CONFIRMED
2279,4360,collinsmartha@example.com,1321,Report do question,White Inc Cinemas,4,57.56,2026-06-23,CONFIRMED
2280,778,jvega@example.com,948,Particular movie,Williams-Mckenzie Cinemas,5,50.4,2026-07-23,CANCELLED
2281,3721,morrisalexander@example.com,972,Less admit involve,"Howard, Brennan and Moore Cinemas",5,114.25,2026-07-23,CONFIRMED
2282,3159,jennifer68@example.net,896,Go exactly seem,Johnson-Nelson Cinemas,4,65.6,2026-06-26,CONFIRMED
2283,4339,suttonwilliam@example.com,898,Prevent trade cut,Coleman-Green Cinemas,3,64.92,2026-07-23,CONFIRMED
2284,2683,yschroeder@example.net,350,His same,Salazar-Brown Cinemas,2,33.28,2026-07-23,CONFIRMED
2285,1670,fbass@example.org,285,Bank though,"Roberts, Stanton and Smith Cinemas",5,96.8,2026-07-23,CONFIRMED
2286,1743,michaelgonzalez@example.com,1015,Article among,Landry-Hill Cinemas,5,94.4,2026-07-22,CONFIRMED
2287,1629,stephen61@example.com,1961,Direction material,"Jordan, Swanson and Franklin Cinemas",6,120.0,2026-07-23,CONFIRMED
2288,1120,lambertandrea@example.com,1482,Tell alone floor,Nolan Group Cinemas,2,19.04,2026-07-23,CONFIRMED
2289,2215,angela87@example.org,1537,Modern difficult open,Galloway-Jacobs Cinemas,3,37.05,2026-07-23,CONFIRMED
2290,4525,tracielong@example.com,67,Lose animal,Turner Inc Cinemas,1,21.64,2026-07-23,CONFIRMED
2291,2146,adrianmcneil@example.com,1021,How even,"Bell, Peterson and Price Cinemas",4,50.32,2026-07-07,CONFIRMED
2292,1421,jeffreyroberts@example.net,1678,Image number assume,Gonzalez-Mccarthy Cinemas,2,17.2,2026-07-10,CONFIRMED
2293,4561,daniellemoore@example.org,1116,Deep better,"Moore, Alexander and Reed Cinemas",1,23.42,2026-07-23,CONFIRMED
2294,3811,moorerodney@example.net,207,Let building,Hansen-Schneider Cinemas,5,69.95,2026-07-23,CONFIRMED
2295,3627,barrettadriana@example.com,206,Institution road PM,Brown-Ross Cinemas,6,79.92,2026-07-23,CONFIRMED
2296,3426,michaelball@example.com,1615,Live week,Trevino Group Cinemas,6,69.54,2026-07-23,CONFIRMED
2297,4613,leelisa@example.net,1898,Trouble leave truth,"Velez, Howell and Stevenson Cinemas",6,87.0,2026-07-09,CONFIRMED
2298,1775,wardkevin@example.net,1888,Professional threat,Hernandez Inc Cinemas,3,60.33,2026-07-23,CONFIRMED
2299,2360,ndaniels@example.net,1372,Month matter worker,"Bennett, Williams and Klein Cinemas",1,10.84,2026-07-23,CONFIRMED
2300,370,duranlindsay@example.org,1635,Pressure half debate,"French, Phelps and Berry Cinemas",5,73.95,2026-06-26,CONFIRMED
2301,4551,jonescarolyn@example.net,833,Mother line budget spring,Ortiz Ltd Cinemas,5,75.3,2026-06-21,CONFIRMED
2302,3327,murrayrachel@example.org,236,Worker eight,Blevins-Ballard Cinemas,2,34.08,2026-07-23,CONFIRMED
2303,3897,sergio26@example.com,1259,Suggest job,"Carrillo, Henderson and Matthews Cinemas",2,48.28,2026-07-23,CONFIRMED
2304,1413,evanholloway@example.com,22,Own pretty field,"Garrison, Ryan and Miller Cinemas",5,49.25,2026-06-19,CANCELLED
2305,2486,kennethgolden@example.com,1397,Back building,"Thomas, Becker and Mills Cinemas",6,48.6,2026-07-10,CONFIRMED
2306,2594,beth81@example.org,1807,Worker determine,Edwards Inc Cinemas,2,26.5,2026-07-23,CONFIRMED
2307,1614,jesus86@example.org,1955,Occur give short,Thomas Group Cinemas,2,43.56,2026-07-11,CONFIRMED
2308,4507,juliaball@example.org,267,Far,James LLC Cinemas,5,69.55,2026-07-23,CANCELLED
2309,4650,tcoleman@example.org,1804,Blood information,Williams-Mckenzie Cinemas,2,24.8,2026-07-23,CANCELLED
2310,3694,erica50@example.com,1897,Hair ahead,"Gonzales, Smith and Davis Cinemas",6,68.7,2026-07-23,CONFIRMED
2311,2468,georgeblair@example.com,1933,Receive rate,"Rich, Brown and Bruce Cinemas",3,45.42,2026-07-23,CONFIRMED
2312,1709,iholloway@example.org,1680,Common half,Ward-Blake Cinemas,2,28.46,2026-07-23,CONFIRMED
2313,1491,hannahfields@example.com,912,Nothing letter lot sing,Colon LLC Cinemas,4,98.48,2026-07-03,CONFIRMED
2314,3721,morrisalexander@example.com,841,Many four end,"Perez, Hoffman and Tucker Cinemas",5,79.05,2026-06-29,CONFIRMED
2315,4425,james13@example.com,1847,Material everything interest,"Friedman, Wood and Cox Cinemas",2,48.84,2026-07-23,CONFIRMED
2316,3422,hmoreno@example.net,620,Health,Harrison-Leach Cinemas,3,34.5,2026-07-13,CONFIRMED
2317,1588,rebeccarodriguez@example.net,915,Hour way hair,"Ortiz, Reid and Wilkinson Cinemas",4,69.0,2026-06-21,CONFIRMED
2318,3567,elizabeth70@example.com,1175,Great true safe,Lutz and Sons Cinemas,4,80.2,2026-07-23,CANCELLED
2319,1047,hannah26@example.org,362,Shoulder plant,Turner Inc Cinemas,2,46.82,2026-07-23,CONFIRMED
2320,1098,fwalton@example.com,1157,Within,Martinez and Sons Cinemas,3,35.01,2026-07-17,CONFIRMED
2321,2489,robert46@example.com,181,Interest physical,Gonzalez-Mccarthy Cinemas,4,34.2,2026-07-23,CONFIRMED
2322,4635,sandratravis@example.net,46,Fire require mind,Harrington Group Cinemas,1,18.79,2026-06-22,CONFIRMED
2323,2313,david52@example.org,1497,House amount present,"Miller, Hansen and Salas Cinemas",5,85.05,2026-06-13,CONFIRMED
2324,1565,velezbrendan@example.net,874,Involve window,"Brown, James and Arroyo Cinemas",2,28.1,2026-07-23,CONFIRMED
2325,1584,hernandezmelissa@example.net,156,Worker himself,Hernandez Group Cinemas,1,16.42,2026-07-23,CONFIRMED
2326,1526,annettefleming@example.com,890,Run all support,"Henderson, Alexander and Galvan Cinemas",1,23.81,2026-07-22,CONFIRMED
2327,3756,brandonsmith@example.com,829,Nation,Freeman Inc Cinemas,3,56.55,2026-07-21,CONFIRMED
2328,2094,melvin99@example.net,1453,Carry available,"Davis, Mays and Douglas Cinemas",5,76.15,2026-07-23,CONFIRMED
2329,2122,douglas62@example.net,1604,Sense gas,"Cain, Contreras and Jackson Cinemas",2,33.94,2026-07-23,CANCELLED
2330,1229,perrymichael@example.org,1288,Agreement outside night,Spears Ltd Cinemas,3,26.64,2026-07-23,CONFIRMED
2331,4516,breanna94@example.net,532,Responsibility memory dog,Moyer-Ramirez Cinemas,3,66.51,2026-07-23,CONFIRMED
2332,2125,davidcopeland@example.net,697,Wonder can two,Solis-Edwards Cinemas,2,28.76,2026-07-23,CONFIRMED
2333,3257,cruzalbert@example.org,1904,Maybe win goal,"Davis, Rodriguez and Andrews Cinemas",6,141.78,2026-07-05,CONFIRMED
2334,1935,waltersaimee@example.org,1742,Cold term,Martinez-Lopez Cinemas,6,85.62,2026-07-23,CONFIRMED
2335,446,jchase@example.com,684,Mrs call,Griffin Ltd Cinemas,2,22.64,2026-07-23,CANCELLED
2336,1215,gregory73@example.com,165,Place growth staff,"Davis, Rodriguez and Andrews Cinemas",6,147.66,2026-07-23,CONFIRMED
2337,2392,jdawson@example.org,258,Bit red,"Moore, Gilmore and Martin Cinemas",3,58.83,2026-07-22,CONFIRMED
2338,1919,heatherthompson@example.net,724,Reason rock bit,"Foster, Smith and Grimes Cinemas",4,75.64,2026-06-20,CONFIRMED
2339,4340,brandongarza@example.com,1142,Hear deep likely,Miller Group Cinemas,2,35.42,2026-07-21,CONFIRMED
2340,653,davidbrock@example.com,796,Vote husband maintain black,Jackson-Cooper Cinemas,3,41.46,2026-07-08,CANCELLED
2341,2228,elizabeth20@example.com,1149,Himself many,"Chen, Faulkner and Casey Cinemas",4,43.16,2026-07-23,CONFIRMED
2342,965,collinslaura@example.com,1837,Political last,Berger Ltd Cinemas,3,28.05,2026-07-17,CONFIRMED
2343,3879,corey59@example.org,1528,Stop herself think,Grant-Diaz Cinemas,5,111.4,2026-07-23,CONFIRMED
2344,4365,hperez@example.com,1137,Total,Kim-Romero Cinemas,3,24.99,2026-06-22,CONFIRMED
2345,2738,margaret78@example.com,583,However decade,"Coleman, Vega and Richmond Cinemas",1,8.35,2026-07-23,CONFIRMED
2346,3592,jparsons@example.net,1633,Program yourself,Stevenson Group Cinemas,4,84.08,2026-07-23,CONFIRMED
2347,2604,harold72@example.org,1181,Standard strategy,"Myers, Gamble and Sanford Cinemas",6,82.56,2026-06-29,CONFIRMED
2348,4996,glarson@example.net,374,Again,"Miller, Friedman and Weaver Cinemas",6,135.12,2026-06-20,CONFIRMED
2349,4589,ian56@example.com,1984,Discover adult no,Williams Ltd Cinemas,4,59.36,2026-06-30,CONFIRMED
2350,4960,zmendoza@example.org,514,News daughter cell,Walker-Jones Cinemas,5,73.0,2026-07-23,CANCELLED
2351,4894,cnorris@example.org,224,More current,Patterson-Lawrence Cinemas,2,49.58,2026-06-15,CONFIRMED
2352,2356,douglasrosales@example.com,543,Present contain gas,Hill and Sons Cinemas,3,73.41,2026-07-23,CONFIRMED
2353,4819,john12@example.org,455,Several concern,"Davis, Rodriguez and Andrews Cinemas",6,80.94,2026-06-26,CONFIRMED
2354,1094,silvaryan@example.org,878,Trouble Mrs single,"Ray, Cunningham and Levine Cinemas",2,20.42,2026-06-22,CANCELLED
2355,2409,anita77@example.org,412,I prevent,Smith-Clayton Cinemas,4,42.36,2026-07-23,CONFIRMED
2356,1626,adamgill@example.net,1194,Anyone color,Green-Walters Cinemas,2,24.0,2026-07-15,CONFIRMED
2357,3931,akhan@example.org,236,Worker eight,Blevins-Ballard Cinemas,4,68.16,2026-07-23,CONFIRMED
2358,2918,fanderson@example.com,413,Decide two seven,Arellano and Sons Cinemas,1,14.37,2026-07-23,CONFIRMED
2359,4553,margaret56@example.org,1881,Sign west,"Salazar, Carlson and Hall Cinemas",3,24.96,2026-07-23,CONFIRMED
2360,3722,noahpierce@example.com,1760,Congress article,Garcia LLC Cinemas,4,71.84,2026-07-23,CONFIRMED
2361,3711,gonzaleskenneth@example.net,1383,Where leader its,Sharp Ltd Cinemas,5,96.6,2026-07-23,CONFIRMED
2362,2735,jasmine85@example.com,724,Reason rock bit,"Foster, Smith and Grimes Cinemas",3,56.73,2026-06-17,CONFIRMED
2363,4911,jacqueline04@example.net,751,Item issue change,Trevino Group Cinemas,4,74.64,2026-07-23,CANCELLED
2364,3564,diazpamela@example.org,1551,Begin member interview,"Wallace, Perkins and Johnson Cinemas",6,88.02,2026-07-17,CONFIRMED
2365,2596,wellsjasmine@example.com,1427,Truth over western best,Lynn Group Cinemas,1,14.86,2026-07-09,CONFIRMED
2366,4418,duncanvanessa@example.com,1084,Nation return smile,"Caldwell, Cross and Russell Cinemas",3,58.05,2026-07-01,CONFIRMED
2367,3262,brianmyers@example.org,1543,Project real out his,Barnett PLC Cinemas,4,52.92,2026-07-23,CONFIRMED
2368,276,michelle00@example.com,1534,Despite audience,Shaw-Barnes Cinemas,1,15.71,2026-07-23,CONFIRMED
2369,1969,emurray@example.com,29,Dream experience chair,Garcia LLC Cinemas,4,33.84,2026-07-05,CONFIRMED
2370,3981,dawnroberts@example.net,1518,Dark drive,"Newman, Carter and Brown Cinemas",1,14.93,2026-07-23,CONFIRMED
2371,3088,markfleming@example.org,1021,How even,"Bell, Peterson and Price Cinemas",1,12.58,2026-06-30,CANCELLED
2372,2634,wrightcarolyn@example.com,1773,Family part conference,Anderson-Kirk Cinemas,5,94.75,2026-07-07,CONFIRMED
2373,1705,matthew06@example.com,61,Baby rather,"Ramsey, Martinez and Sherman Cinemas",1,20.4,2026-06-25,CONFIRMED
2374,3709,michael97@example.com,628,Front its,Miller-Booker Cinemas,4,93.48,2026-07-09,CONFIRMED
2375,2896,bendermatthew@example.org,209,Tree allow,Peterson-Mullins Cinemas,1,21.78,2026-06-23,CONFIRMED
2376,4006,bpham@example.com,1489,Letter tough site,Williams-Harmon Cinemas,6,74.4,2026-07-23,CONFIRMED
2377,4963,cgarcia@example.org,1304,By increase few,Castillo Group Cinemas,3,54.9,2026-07-22,CONFIRMED
2378,4,khanbrad@example.com,1367,Career break,"Braun, Mays and Martinez Cinemas",2,19.98,2026-06-26,CANCELLED
2379,1870,ucummings@example.net,462,Everyone research,Thomas-Stevens Cinemas,6,136.68,2026-06-21,CONFIRMED
2380,2943,hharrison@example.org,1667,Good stay catch,Nguyen-Jenkins Cinemas,6,118.74,2026-06-27,CONFIRMED
2381,3921,jeremyjackson@example.org,9,Very guess water spring,Hall Ltd Cinemas,4,40.88,2026-07-19,CONFIRMED
2382,4470,scottcollins@example.net,1765,Across from phone,Trevino Group Cinemas,4,49.24,2026-07-23,CONFIRMED
2383,900,pbrown@example.net,301,Fast public decade smile,Henderson-Parks Cinemas,4,62.84,2026-07-21,CONFIRMED
2384,3220,fredericktimothy@example.com,1972,Hospital cut person cultural,"Kennedy, Mueller and Aguirre Cinemas",4,53.08,2026-07-23,CONFIRMED
2385,1758,samuelallen@example.net,219,Newspaper,Hunter-Estrada Cinemas,4,78.76,2026-07-23,CONFIRMED
2386,3599,joe89@example.net,1569,Lot stage education,"Mooney, Conley and Fox Cinemas",1,17.8,2026-06-19,CONFIRMED
2387,2455,andersonalexander@example.com,1147,Society laugh,Solis-Edwards Cinemas,1,24.45,2026-06-27,CANCELLED
2388,3423,lbates@example.com,1902,Do name environmental,Blevins-Ballard Cinemas,4,38.44,2026-07-23,CONFIRMED
2389,1032,russellprice@example.org,1485,Summer machine,Davis-Williams Cinemas,4,80.52,2026-06-26,CONFIRMED
2390,1392,michaelallen@example.org,1546,Contain computer must,Mills and Sons Cinemas,6,94.68,2026-07-14,CONFIRMED
2391,4862,sheltonpatrick@example.com,49,Generation radio,Mccoy-Alvarado Cinemas,6,100.56,2026-07-11,CONFIRMED
2392,196,ymurray@example.org,1937,Whole evening large,Gallagher-Diaz Cinemas,5,86.35,2026-07-23,CONFIRMED
2393,2957,christopher23@example.org,1948,Next like,Page-Jacobs Cinemas,5,101.3,2026-07-23,CONFIRMED
2394,417,baileynelson@example.com,1335,Compare,Mullins-Johnston Cinemas,2,43.82,2026-07-23,CONFIRMED
2395,712,ghatfield@example.com,264,Along surface,"Cain, Contreras and Jackson Cinemas",3,70.77,2026-07-23,CONFIRMED
2396,1813,lauramartin@example.com,1,Series career agree,"Munoz, Krueger and Solomon Cinemas",2,48.46,2026-07-01,CONFIRMED
2397,959,zfranklin@example.org,379,Scene successful control,Robinson-Kennedy Cinemas,3,40.89,2026-07-23,CONFIRMED
2398,2675,lindseybrown@example.net,1921,Thing,Reed Group Cinemas,6,101.22,2026-07-23,CANCELLED
2399,4910,iward@example.net,609,With speak,Gutierrez-Ortiz Cinemas,2,31.12,2026-06-22,CONFIRMED
2400,3904,jasonsosa@example.org,1148,Season five,"Johnson, Lynch and Morton Cinemas",5,77.8,2026-06-10,CONFIRMED
2401,791,timothyrodriguez@example.org,1520,Through unit,Griffin Ltd Cinemas,6,89.4,2026-07-23,CONFIRMED
2402,1514,richarddiaz@example.net,879,Quality yard,"Martin, Cervantes and Stokes Cinemas",3,63.15,2026-07-23,CONFIRMED
2403,4141,williamsantos@example.com,1804,Blood information,Williams-Mckenzie Cinemas,4,49.6,2026-07-23,CONFIRMED
2404,3590,acarroll@example.org,926,Make blue,Mclaughlin Inc Cinemas,4,43.32,2026-07-02,CONFIRMED
2405,3859,rbenson@example.com,119,Generation main,Acosta and Sons Cinemas,5,53.35,2026-07-23,CONFIRMED
2406,3981,dawnroberts@example.net,870,Pattern civil,"Henson, Jones and Sanders Cinemas",6,139.56,2026-07-23,CONFIRMED
2407,519,gomezbrittney@example.net,958,Floor offer lead,Gibbs Group Cinemas,2,35.92,2026-07-23,CONFIRMED
2408,3959,hughestimothy@example.net,115,Service hope value,"Larsen, Hernandez and Ward Cinemas",1,18.56,2026-07-23,CONFIRMED
2409,1930,davidgreen@example.org,1327,Rise kitchen,"Caldwell, Stevenson and Joseph Cinemas",6,106.08,2026-07-23,CONFIRMED
2410,3005,montesmichael@example.org,780,She foot,"Davis, Johnson and Williams Cinemas",2,21.26,2026-07-23,CONFIRMED
2411,148,areynolds@example.org,1603,Return trouble conference,Miller Inc Cinemas,6,49.26,2026-06-16,CONFIRMED
2412,581,barbaraschmidt@example.org,121,Knowledge poor around,"Henry, Edwards and Bartlett Cinemas",5,113.0,2026-07-23,CANCELLED
2413,3155,natashapaul@example.net,513,Face,Curry-Allen Cinemas,2,17.16,2026-07-23,CONFIRMED
2414,2239,gdoyle@example.org,1343,Through itself,Sims-Padilla Cinemas,5,114.6,2026-07-01,CONFIRMED
2415,3562,holtrobert@example.net,1370,Quite rise,Clements PLC Cinemas,5,52.35,2026-07-23,CONFIRMED
2416,1156,casey54@example.net,729,Main,Buchanan LLC Cinemas,3,37.92,2026-07-23,CONFIRMED
2417,3219,webbashley@example.org,1560,Wife cost language,"Greene, Rogers and Haley Cinemas",1,15.27,2026-07-20,CONFIRMED
2418,2591,qhudson@example.org,890,Run all support,"Henderson, Alexander and Galvan Cinemas",4,95.24,2026-07-23,CONFIRMED
2419,2386,torreshoward@example.com,1502,Here forget,"Coleman, Vega and Richmond Cinemas",4,85.16,2026-06-30,CONFIRMED
2420,56,caitlynbennett@example.org,76,Structure whom,"James, Howard and Johnson Cinemas",6,84.9,2026-07-23,CONFIRMED
2421,4871,belltheresa@example.com,1928,Able possible field,Davis Group Cinemas,2,35.04,2026-07-22,CONFIRMED
2422,2531,melanie84@example.com,299,Pm protect,Obrien and Sons Cinemas,4,89.88,2026-07-11,CONFIRMED
2423,1622,vadams@example.org,1678,Image number assume,Gonzalez-Mccarthy Cinemas,6,51.6,2026-07-06,CONFIRMED
2424,1730,clarkdavid@example.net,728,Financial laugh,Ho-Mendez Cinemas,4,34.28,2026-07-23,CONFIRMED
2425,890,rogersbenjamin@example.net,1426,Practice organization which ready,"Warner, Baker and Campbell Cinemas",5,66.25,2026-07-23,CONFIRMED
2426,1431,moralesdenise@example.net,1256,Body whom,"Mcdonald, Lee and Rodriguez Cinemas",3,47.25,2026-07-23,CONFIRMED
2427,2717,sherrygamble@example.org,128,Floor force leave,"Medina, Green and Rivera Cinemas",4,80.44,2026-07-16,CONFIRMED
2428,1371,yjohnson@example.net,1387,Name family,Gallegos-Turner Cinemas,1,23.12,2026-06-22,CONFIRMED
2429,3893,thomasmiller@example.net,11,Smile capital,"Medina, Lee and Freeman Cinemas",1,21.96,2026-06-22,CANCELLED
2430,409,derrick63@example.com,456,Myself rise story,Jones-Contreras Cinemas,3,43.86,2026-06-29,CONFIRMED
2431,2583,hooperjessica@example.net,1217,Clearly ask her,"Short, Brooks and Lang Cinemas",6,136.92,2026-07-16,CONFIRMED
2432,3948,jennifer36@example.com,1036,Success near,"Morales, Miller and Harrell Cinemas",1,23.08,2026-06-28,CONFIRMED
2433,1070,jeremy00@example.net,1586,Others brother visit employee,"Morales, Miller and Harrell Cinemas",3,58.59,2026-06-22,CONFIRMED
2434,585,madison75@example.net,436,Western leg Democrat,"King, Taylor and Middleton Cinemas",3,60.78,2026-07-23,CONFIRMED
2435,4949,josephcompton@example.com,1700,Song to foreign,Buchanan LLC Cinemas,1,12.91,2026-07-23,CONFIRMED
2436,1664,aliciabenjamin@example.com,2,Almost,Aguilar-Bender Cinemas,6,52.86,2026-07-23,CONFIRMED
2437,4464,mccarthyrickey@example.net,711,Smile recognize section,Thomas Group Cinemas,4,77.32,2026-07-23,CONFIRMED
2438,4029,ffarmer@example.net,1147,Society laugh,Solis-Edwards Cinemas,3,73.35,2026-07-01,CANCELLED
2439,1229,perrymichael@example.org,254,Whose campaign help,Turner Inc Cinemas,3,37.53,2026-07-23,CANCELLED
2440,821,karisanchez@example.org,441,Marriage read,James Ltd Cinemas,4,63.52,2026-07-23,CONFIRMED
2441,435,sgordon@example.net,966,Eight book owner,"Phelps, Kramer and Shannon Cinemas",1,16.8,2026-07-20,CONFIRMED
2442,79,dannygonzalez@example.org,365,However figure,"Carlson, Ware and Moore Cinemas",4,99.24,2026-07-23,CONFIRMED
2443,4990,sharptiffany@example.net,477,Point vote want,Nguyen-Castro Cinemas,1,15.02,2026-07-23,CONFIRMED
2444,1020,edward79@example.com,323,Will media figure,Jones-Barnes Cinemas,3,50.58,2026-07-08,CONFIRMED
2445,1424,lisajohnson@example.org,1493,Move fill another,"Li, Jensen and Vazquez Cinemas",5,66.4,2026-07-23,CONFIRMED
2446,3780,owilson@example.net,1222,Performance one change,Knox and Sons Cinemas,6,116.4,2026-06-27,CONFIRMED
2447,3592,jparsons@example.net,1371,Across should,"Young, Shaw and Jenkins Cinemas",1,8.16,2026-06-23,CONFIRMED
2448,1591,cliffordprice@example.org,938,Sing successful thus sometimes,Hall Ltd Cinemas,5,49.1,2026-07-23,CONFIRMED
2449,77,wrightsteven@example.org,207,Let building,Hansen-Schneider Cinemas,1,13.99,2026-07-23,CONFIRMED
2450,245,samuel83@example.com,950,Population before possible,"Mckee, Gardner and Davenport Cinemas",6,77.34,2026-07-06,CONFIRMED
2451,420,cory21@example.org,1827,Operation week sing,Roberts Ltd Cinemas,5,116.7,2026-07-23,CANCELLED
2452,1092,cbrown@example.net,1399,Agreement every,"Martin, Jordan and Edwards Cinemas",6,93.18,2026-06-18,CONFIRMED
2453,2372,noahmullins@example.org,1945,Grow fear our sort,Knox and Sons Cinemas,4,85.08,2026-07-23,CONFIRMED
2454,1146,cjohns@example.net,1454,Perhaps across specific,"Medina, Miller and Yates Cinemas",5,42.25,2026-07-23,CONFIRMED
2455,2055,yhopkins@example.net,1798,Back because,"Wilson, Trujillo and Moody Cinemas",3,62.07,2026-07-23,CONFIRMED
2456,3382,christopher70@example.com,509,Month son benefit,Fleming Ltd Cinemas,5,102.7,2026-07-09,CONFIRMED
2457,2527,gutierrezdavid@example.com,1874,Between up rich lead,"Miranda, Reese and Johnson Cinemas",3,53.76,2026-07-23,CONFIRMED
2458,1596,barneswilliam@example.org,1991,Employee forward,Harper-Johnson Cinemas,3,28.86,2026-07-23,CANCELLED
2459,3803,lgoodwin@example.net,446,Medical scientist,Andrews-Aguirre Cinemas,1,23.61,2026-06-28,CONFIRMED
2460,3074,vward@example.com,113,Art miss house,Scott-Perez Cinemas,1,14.73,2026-06-26,CONFIRMED
2461,3020,williamswilliam@example.net,1711,Provide PM agent,Bauer PLC Cinemas,1,9.1,2026-07-09,CONFIRMED
2462,4529,julieortiz@example.com,1408,Own modern oil,Wright Group Cinemas,1,18.68,2026-06-17,CONFIRMED
2463,3114,colliersuzanne@example.com,517,Inside ask group,Mann LLC Cinemas,3,73.74,2026-06-30,CONFIRMED
2464,4607,nedwards@example.org,1172,Under especially,"Wells, Anderson and Rodriguez Cinemas",1,9.31,2026-07-07,CONFIRMED
2465,189,jonhall@example.org,626,Staff law Mr friend,Chavez Inc Cinemas,1,23.07,2026-07-23,CONFIRMED
2466,388,johnstonnicholas@example.org,1164,Inside relationship everything,Gibson-Thomas Cinemas,2,46.58,2026-07-23,CONFIRMED
2467,617,cynthia35@example.net,1970,Bank if prevent,Russell Inc Cinemas,5,109.9,2026-07-11,CONFIRMED
2468,3702,jesusroth@example.com,1177,Right now mean,"Carrillo, Henderson and Matthews Cinemas",1,16.63,2026-07-23,CONFIRMED
2469,480,jrobinson@example.net,1169,Bill involve sound future,"Guerrero, Watson and Perry Cinemas",4,85.72,2026-07-02,CONFIRMED
2470,4388,scott23@example.com,1639,Hand always,Holloway and Sons Cinemas,4,76.2,2026-07-13,CANCELLED
2471,1871,hjones@example.org,638,Various recently,Howe Inc Cinemas,5,58.4,2026-06-21,CANCELLED
2472,2132,birdjoshua@example.net,1491,To much however create,Howe Inc Cinemas,5,83.25,2026-07-09,CONFIRMED
2473,1597,blee@example.com,1280,Drop,Lee PLC Cinemas,6,125.04,2026-06-20,CONFIRMED
2474,1334,anthonyjohnston@example.net,346,Pressure will stay,Delacruz Group Cinemas,1,16.45,2026-07-23,CONFIRMED
2475,840,turneramy@example.com,756,Fire until,Bryan Inc Cinemas,4,44.08,2026-06-29,CONFIRMED
2476,1026,ulamb@example.com,1421,Or task local,"Taylor, Morales and Fuller Cinemas",2,32.98,2026-07-06,CANCELLED
2477,2072,elizabeth81@example.com,84,Save national can,Wilson-Pierce Cinemas,2,31.84,2026-07-01,CONFIRMED
2478,2835,ncarr@example.net,1557,Free sign,Wheeler PLC Cinemas,5,63.05,2026-07-23,CONFIRMED
2479,1432,vanessaflores@example.com,663,Space store visit,White Inc Cinemas,4,92.4,2026-07-23,CONFIRMED
2480,2576,tdiaz@example.net,1988,Factor current political member,"Patterson, Camacho and White Cinemas",1,16.99,2026-07-23,CONFIRMED
2481,3108,joemurphy@example.net,1411,Purpose current,Robinson-Gay Cinemas,1,11.49,2026-07-23,CANCELLED
2482,514,stevengreene@example.org,1466,So head north,"Salazar, Miller and Arnold Cinemas",6,123.48,2026-06-25,CANCELLED
2483,3198,wardjames@example.net,785,Attorney pull,Carroll-Snyder Cinemas,4,86.32,2026-07-05,CONFIRMED
2484,3031,sean91@example.org,1120,Senior suggest light four,"Santiago, Smith and Cannon Cinemas",3,44.34,2026-06-26,CANCELLED
2485,4965,suebarajas@example.net,25,Spend animal,"Evans, David and Hendrix Cinemas",6,77.1,2026-07-23,CONFIRMED
2486,832,smithbrittany@example.net,1927,Thing amount,"Schaefer, Barry and Espinoza Cinemas",4,99.76,2026-07-23,CANCELLED
2487,341,pwhite@example.org,1689,Provide right section,"Weiss, Cole and Preston Cinemas",3,36.15,2026-07-23,CONFIRMED
2488,2721,jacob66@example.com,1595,Keep understand yet fast,Roberts Ltd Cinemas,5,88.1,2026-07-23,CONFIRMED
2489,3604,tracy58@example.com,435,Soldier development reveal,"Schultz, Miller and Wolf Cinemas",2,25.96,2026-06-24,CONFIRMED
2490,1023,katherinewinters@example.com,247,Development me need,Martinez Ltd Cinemas,1,11.31,2026-07-23,CONFIRMED
2491,2181,brent63@example.net,1506,Manage age foreign,Herman-Martin Cinemas,1,24.88,2026-06-18,CONFIRMED
2492,2317,steven08@example.net,809,Summer six deal,"Bennett, Cantu and Kane Cinemas",2,19.84,2026-07-23,CONFIRMED
2493,3399,amack@example.org,1049,Prepare much,"Barnes, Paul and Price Cinemas",3,49.53,2026-07-20,CANCELLED
2494,3034,jay70@example.org,832,Game other,Johnson LLC Cinemas,4,57.8,2026-07-19,CANCELLED
2495,4324,erica29@example.net,1864,Mention poor,Miller and Sons Cinemas,5,106.45,2026-07-23,CANCELLED
2496,1582,thomasmartin@example.com,571,Simply back human,Hoffman and Sons Cinemas,4,92.68,2026-06-23,CONFIRMED
2497,2869,sotoyvette@example.org,1045,Major manager,Harrell Group Cinemas,1,16.53,2026-07-23,CONFIRMED
2498,4274,mparker@example.net,1982,Skill how fear,"Roberts, Stanton and Smith Cinemas",2,24.34,2026-06-19,CONFIRMED
2499,559,noblekimberly@example.org,39,Smile about,"Haas, Richardson and Lee Cinemas",2,30.66,2026-07-23,CONFIRMED
2500,3877,newmanpatricia@example.com,836,Open,"Chase, Prince and Wilcox Cinemas",4,77.28,2026-07-23,CONFIRMED
2501,120,bethany36@example.com,331,Job prepare either suffer,Joseph Inc Cinemas,5,111.1,2026-06-15,CONFIRMED
2502,1371,yjohnson@example.net,411,Color there,Brown Inc Cinemas,6,104.64,2026-07-23,CONFIRMED
2503,1845,melissa74@example.com,386,Fast public decade smile,Matthews PLC Cinemas,2,37.7,2026-07-23,CANCELLED
2504,2058,michael17@example.org,1703,Our fill resource,Hampton-Tucker Cinemas,2,26.32,2026-07-23,CANCELLED
2505,2443,michael12@example.com,1420,Safe join,Jimenez Ltd Cinemas,6,67.2,2026-07-23,CONFIRMED
2506,2900,taylorchristopher@example.org,1624,Production weight Mrs especially,Kim-Romero Cinemas,6,147.66,2026-07-10,CANCELLED
2507,2333,lowemisty@example.org,374,Again,"Miller, Friedman and Weaver Cinemas",1,22.52,2026-06-19,CONFIRMED
2508,4403,sanchezsheila@example.net,1424,Natural here short,Jones-Taylor Cinemas,1,24.41,2026-06-23,CONFIRMED
2509,507,omahoney@example.org,1729,Whether manager,"Patel, Palmer and Jones Cinemas",4,47.32,2026-06-19,CONFIRMED
2510,2395,daisy57@example.com,421,Executive,"Harrington, Johnson and Jones Cinemas",5,123.7,2026-06-15,CONFIRMED
2511,1952,kellyalvarez@example.com,904,Prove method,"Carpenter, Morrow and Smith Cinemas",2,30.54,2026-07-22,CONFIRMED
2512,2182,ifreeman@example.net,1675,Clear order expert,Gibbs Group Cinemas,5,62.65,2026-07-23,CONFIRMED
2513,2532,humphreylindsay@example.org,776,Several could thus me,"Cooper, Watts and Farrell Cinemas",5,54.95,2026-07-23,CONFIRMED
2514,3190,xcruz@example.org,790,Speak,"Miller, Hansen and Salas Cinemas",2,28.0,2026-07-23,CONFIRMED
2515,4633,jennifer61@example.net,934,Break open,Acosta and Sons Cinemas,4,59.32,2026-07-23,CONFIRMED
2516,2286,stephanieanderson@example.com,1038,Recently support,"Chase, Prince and Wilcox Cinemas",6,136.92,2026-07-23,CONFIRMED
2517,326,fergusontrevor@example.net,373,Establish three city,"Howard, Brennan and Moore Cinemas",5,121.5,2026-07-23,CONFIRMED
2518,4466,susanperry@example.net,1787,Rock from,Taylor-Stewart Cinemas,4,43.76,2026-06-25,CONFIRMED
2519,3276,tlewis@example.net,642,They school hit,"Flowers, Berry and Ramirez Cinemas",6,79.32,2026-06-25,CONFIRMED
2520,3936,jeffrey15@example.com,950,Population before possible,"Mckee, Gardner and Davenport Cinemas",5,64.45,2026-07-13,CONFIRMED
2521,844,dana58@example.net,1386,Purpose according we,Richardson Ltd Cinemas,5,70.25,2026-07-23,CANCELLED
2522,3650,nancy96@example.com,1373,Food leave,"Gaines, Smith and Evans Cinemas",2,35.72,2026-07-11,CONFIRMED
2523,3865,christopher06@example.com,1057,Movie money contain,"Lawson, Lopez and Myers Cinemas",5,92.05,2026-07-23,CONFIRMED
2524,90,znoble@example.net,1965,Food middle,Nunez LLC Cinemas,4,38.4,2026-07-18,CONFIRMED
2525,3994,dduffy@example.org,1139,Employee professor hair,"Garrison, Williams and Garcia Cinemas",1,22.57,2026-07-10,CONFIRMED
2526,347,simpsonalyssa@example.com,1124,Time area source,"Hayes, Sharp and Wilson Cinemas",6,113.94,2026-06-26,CONFIRMED
2527,123,eguzman@example.com,1340,Blue require lot,Clark Inc Cinemas,1,8.75,2026-07-23,CONFIRMED
2528,2018,rivaslisa@example.net,1938,Consider product science,Clark Group Cinemas,1,18.44,2026-06-25,CONFIRMED
2529,2986,hartmanvictor@example.com,42,Create attack life,Jackson Ltd Cinemas,4,45.84,2026-07-19,CONFIRMED
2530,4674,diazamy@example.net,403,Item but TV,Marshall Inc Cinemas,5,48.95,2026-07-23,CONFIRMED
2531,2665,andrewforbes@example.net,161,Race choose toward,"Schultz, Miller and Wolf Cinemas",6,100.02,2026-07-23,CONFIRMED
2532,2883,hilldebra@example.org,434,President coach,James and Sons Cinemas,4,90.24,2026-07-23,CONFIRMED
2533,4654,garrettmichael@example.com,745,Visit always,"English, Holloway and Jones Cinemas",3,60.48,2026-07-04,CANCELLED
2534,4270,jonathan59@example.com,882,Politics,Thomas-Reilly Cinemas,2,24.2,2026-07-23,CONFIRMED
2535,2334,jameslong@example.net,848,Suddenly lay,Barron-Brown Cinemas,4,90.96,2026-07-23,CONFIRMED
2536,1975,christopher56@example.net,240,Industry water,Bradley-Davis Cinemas,3,41.85,2026-07-23,CONFIRMED
2537,3461,krista74@example.net,1371,Across should,"Young, Shaw and Jenkins Cinemas",3,24.48,2026-06-29,CONFIRMED
2538,4179,knightmercedes@example.org,1296,Treatment senior,Valdez-Jacobs Cinemas,2,33.72,2026-07-23,CONFIRMED
2539,4731,thomas93@example.net,218,Visit PM this,"Anderson, Velazquez and Stewart Cinemas",6,103.02,2026-07-23,CONFIRMED
2540,2764,patriciacraig@example.com,1713,Method finish,Butler and Sons Cinemas,1,19.63,2026-07-03,CONFIRMED
2541,1372,vjimenez@example.net,527,Some our,Rhodes-Holland Cinemas,4,76.32,2026-07-23,CONFIRMED
2542,103,sarah80@example.org,1172,Under especially,"Wells, Anderson and Rodriguez Cinemas",6,55.86,2026-07-20,CONFIRMED
2543,4793,samantha01@example.com,1749,Career talk,Bradley-Novak Cinemas,6,137.88,2026-07-23,CONFIRMED
2544,4584,imiller@example.net,492,Shake month,Bradley-Novak Cinemas,4,49.24,2026-06-22,CONFIRMED
2545,4825,tobrien@example.org,1896,Civil bar college,Barrera Group Cinemas,2,38.32,2026-07-08,CONFIRMED
2546,1762,brandoncook@example.org,878,Trouble Mrs single,"Ray, Cunningham and Levine Cinemas",6,61.26,2026-06-21,CONFIRMED
2547,4414,ingramsara@example.com,1492,Ball parent,"Arnold, Thomas and Moss Cinemas",6,142.08,2026-06-19,CANCELLED
2548,2288,irobinson@example.com,1987,Relationship attention plant,"Vaughan, Gibson and Dawson Cinemas",4,64.96,2026-07-23,CONFIRMED
2549,3730,stevenayers@example.org,856,Though process,"Warner, Baker and Campbell Cinemas",3,57.27,2026-06-28,CANCELLED
2550,1937,ericryan@example.org,1516,Hotel,Smith Ltd Cinemas,2,36.94,2026-07-23,CONFIRMED
2551,2495,jayanderson@example.net,938,Sing successful thus sometimes,Hall Ltd Cinemas,2,19.64,2026-07-23,CONFIRMED
2552,3269,wlewis@example.com,1637,Truth explain,"Munoz, Krueger and Solomon Cinemas",2,41.74,2026-06-26,CONFIRMED
2553,355,buckleycrystal@example.com,1111,Car feel small,Griffin Ltd Cinemas,6,139.86,2026-07-23,CONFIRMED
2554,2034,ronaldlamb@example.com,34,Staff political theory,Miller-Smith Cinemas,2,47.56,2026-07-23,CONFIRMED
2555,3166,christopher69@example.net,1080,Record subject month,Martinez-Allen Cinemas,4,42.0,2026-06-20,CONFIRMED
2556,917,rachelvaldez@example.org,1158,New attack,James Ltd Cinemas,4,48.52,2026-07-23,CONFIRMED
2557,3713,william95@example.net,1390,Mind point game,Gibson Ltd Cinemas,5,40.35,2026-07-23,CONFIRMED
2558,3360,bpope@example.org,1454,Perhaps across specific,"Medina, Miller and Yates Cinemas",2,16.9,2026-07-23,CONFIRMED
2559,4976,melinda77@example.org,451,Rise organization,"Taylor, Williams and Hall Cinemas",2,43.18,2026-06-26,CONFIRMED
2560,3267,wjones@example.net,469,Authority glass,"Vang, Wilkinson and Wilson Cinemas",3,68.16,2026-07-23,CONFIRMED
2561,1727,meganjohnson@example.org,4,Member turn improve,"Davis, Rodriguez and Andrews Cinemas",5,115.25,2026-06-22,CONFIRMED
2562,2561,nolantara@example.net,1305,Leader,Hernandez Ltd Cinemas,6,82.8,2026-07-23,CONFIRMED
2563,2608,greenbrenda@example.org,501,Have,"Medina, Miller and Yates Cinemas",4,66.12,2026-07-23,CONFIRMED
2564,3788,seanwheeler@example.com,1510,Music future treatment,Jackson-Campbell Cinemas,2,40.12,2026-07-05,CONFIRMED
2565,3452,simmonslaura@example.net,1032,Quite approach,Russell Inc Cinemas,1,20.69,2026-06-25,CONFIRMED
2566,2555,delgadosusan@example.net,1153,Hit green long,Avila LLC Cinemas,1,9.85,2026-07-01,CANCELLED
2567,4796,rebeccaterry@example.com,247,Development me need,Martinez Ltd Cinemas,6,67.86,2026-07-23,CONFIRMED
2568,2474,yfrey@example.org,251,Any president item,Gonzalez LLC Cinemas,6,108.06,2026-07-23,CONFIRMED
2569,2229,kimberly37@example.com,1868,Politics line keep,"Davis, Wood and Paul Cinemas",4,84.48,2026-07-23,CONFIRMED
2570,2550,campbellanthony@example.net,123,Range pressure but,"Bailey, Armstrong and Campbell Cinemas",5,62.6,2026-07-23,CONFIRMED
2571,4706,longdebra@example.org,560,Peace nation,"Schwartz, Estrada and Hernandez Cinemas",3,60.36,2026-07-23,CONFIRMED
2572,374,amanda46@example.com,1472,Focus listen,"Smith, Yang and Ford Cinemas",1,16.36,2026-07-05,CONFIRMED
2573,1627,rlewis@example.com,188,Citizen then,Sanchez-Douglas Cinemas,6,143.22,2026-07-23,CONFIRMED
2574,779,sherryclark@example.net,1973,With should,Carter-Hendrix Cinemas,3,44.28,2026-06-15,CONFIRMED
2575,1047,hannah26@example.org,1797,Win out,Prince Inc Cinemas,4,94.52,2026-06-20,CONFIRMED
2576,4396,taylorbruce@example.com,612,Rather next develop,Skinner-Mills Cinemas,4,65.92,2026-07-23,CONFIRMED
2577,134,collinmiller@example.com,1798,Back because,"Wilson, Trujillo and Moody Cinemas",2,41.38,2026-07-23,CONFIRMED
2578,3113,laurenray@example.org,1071,Apply simply why,Moody-Williams Cinemas,4,41.48,2026-07-23,CONFIRMED
2579,666,jscott@example.com,1917,Effect rock under prepare,"Cruz, Fowler and Haynes Cinemas",6,57.54,2026-07-01,CONFIRMED
2580,3476,mcdanielkatelyn@example.net,104,Design short take,Rodriguez PLC Cinemas,2,17.6,2026-07-23,CONFIRMED
2581,4733,ytrujillo@example.com,383,Wind design finally,Coleman-Long Cinemas,4,92.32,2026-07-20,CANCELLED
2582,3495,sharon87@example.net,131,Growth continue,Thomas-Wiggins Cinemas,4,58.56,2026-07-23,CONFIRMED
2583,4810,michael62@example.net,153,Because scientist,Harris-Jensen Cinemas,2,36.7,2026-07-23,CONFIRMED
2584,3512,boydamanda@example.com,1859,Receive attack,"Bray, Nicholson and Walker Cinemas",4,65.44,2026-07-23,CONFIRMED
2585,2292,tinaflynn@example.com,309,Contain audience on,Shah PLC Cinemas,6,71.94,2026-07-23,CANCELLED
2586,3844,andrew01@example.com,1701,Final team article fish,Lynn Group Cinemas,5,84.05,2026-06-25,CANCELLED
2587,1185,ashleyturner@example.org,154,Remain method,"White, Burch and Reynolds Cinemas",3,59.94,2026-06-20,CONFIRMED
2588,446,jchase@example.com,175,Indeed just history,"Navarro, Marsh and Hurst Cinemas",4,44.08,2026-07-23,CONFIRMED
2589,3518,cdavis@example.net,1299,Go face very language,Castro and Sons Cinemas,4,60.64,2026-07-23,CONFIRMED
2590,366,aaroncox@example.com,292,Seat truth,Watson-Chan Cinemas,5,123.75,2026-07-01,CONFIRMED
2591,4955,petersonrichard@example.com,1235,Industry clearly trade,"Walker, Turner and Brown Cinemas",4,50.88,2026-06-20,CONFIRMED
2592,3888,danielle74@example.com,862,Write maintain,Hamilton LLC Cinemas,6,68.82,2026-07-19,CANCELLED
2593,495,danielthomas@example.com,1160,Military she,Haynes-Jackson Cinemas,3,28.59,2026-07-10,CONFIRMED
2594,21,jessicalong@example.net,1698,Good movement how return,Russell Inc Cinemas,4,99.4,2026-07-14,CONFIRMED
2595,2829,barbararussell@example.com,1503,Speak pay and,Mccarthy-Hobbs Cinemas,6,107.58,2026-07-09,CONFIRMED
2596,3636,alewis@example.net,1026,Bad production brother even,"Moore, Gilmore and Martin Cinemas",1,14.1,2026-06-27,CONFIRMED
2597,769,kelsey67@example.com,856,Though process,"Warner, Baker and Campbell Cinemas",4,76.36,2026-06-22,CONFIRMED
2598,1518,deborahwright@example.net,688,Off,"Castro, Garcia and Daniels Cinemas",2,41.48,2026-07-20,CONFIRMED
2599,4310,adrienne29@example.org,1316,Late medical moment,Moran PLC Cinemas,4,59.2,2026-07-05,CONFIRMED
2600,3832,elijahmueller@example.org,453,Minute region argue,"Marquez, Martinez and Bailey Cinemas",5,49.45,2026-07-15,CONFIRMED
2601,3627,barrettadriana@example.com,1069,Finish person,Morris-Armstrong Cinemas,5,41.35,2026-07-23,CONFIRMED
2602,1493,reginacarlson@example.net,1416,In wide,Sherman-Munoz Cinemas,3,31.8,2026-07-23,CANCELLED
2603,2598,beth58@example.net,736,Choose,"Kennedy, Cohen and Pennington Cinemas",3,31.98,2026-07-04,CONFIRMED
2604,4205,christinamartin@example.net,1907,Book idea,Quinn-Wilson Cinemas,4,58.84,2026-07-01,CANCELLED
2605,3430,amycooper@example.com,1522,Century he hair,Allen-Sanchez Cinemas,4,94.64,2026-07-13,CONFIRMED
2606,669,daviladaniel@example.org,1717,Offer serious,Weaver-Thompson Cinemas,5,118.75,2026-07-23,CONFIRMED
2607,3366,vbenton@example.com,1713,Method finish,Butler and Sons Cinemas,3,58.89,2026-06-26,CONFIRMED
2608,4683,eileenortiz@example.com,1290,Party,Roth Ltd Cinemas,3,72.66,2026-06-17,CANCELLED
2609,1580,robertmartinez@example.org,34,Staff political theory,Miller-Smith Cinemas,4,95.12,2026-07-23,CONFIRMED
2610,135,cobbmary@example.net,1436,Wear participant president,Robinson-Goodwin Cinemas,6,139.8,2026-06-23,CONFIRMED
2611,4372,davistiffany@example.org,1800,Data us,Smith Group Cinemas,5,45.65,2026-07-23,CONFIRMED
2612,590,ruth45@example.org,1147,Society laugh,Solis-Edwards Cinemas,4,97.8,2026-06-28,CANCELLED
2613,4123,amanda19@example.org,1300,Challenge easy,Brown LLC Cinemas,3,40.65,2026-07-23,CONFIRMED
2614,4286,ypitts@example.org,318,Fire hand,Prince Inc Cinemas,1,9.01,2026-07-04,CONFIRMED
2615,2044,ramosaudrey@example.com,848,Suddenly lay,Barron-Brown Cinemas,1,22.74,2026-07-23,CONFIRMED
2616,817,glennbernard@example.org,1671,Camera rise consider,Casey-Romero Cinemas,2,19.72,2026-07-23,CONFIRMED
2617,1752,marymiller@example.net,1851,Note support enough,"Carpenter, Morrow and Smith Cinemas",4,79.2,2026-07-19,CANCELLED
2618,3588,matthewmay@example.net,446,Medical scientist,Andrews-Aguirre Cinemas,1,23.61,2026-06-20,CONFIRMED
2619,881,fwilliams@example.net,1884,Method station study,"Salazar, Miller and Arnold Cinemas",5,115.45,2026-07-09,CONFIRMED
2620,3921,jeremyjackson@example.org,174,Approach suggest save,Wilkerson-Davis Cinemas,2,49.6,2026-06-16,CONFIRMED
2621,2319,floydjoann@example.com,529,Themselves himself gas,Shah PLC Cinemas,4,65.8,2026-07-23,CONFIRMED
2622,990,cassidymcdonald@example.com,339,Couple news,Williams-Mckenzie Cinemas,1,8.52,2026-07-07,CONFIRMED
2623,3297,wendy33@example.net,938,Sing successful thus sometimes,Hall Ltd Cinemas,6,58.92,2026-07-23,CONFIRMED
2624,4309,alvarezerika@example.org,1524,Land hotel along,"Meyers, Farrell and Miller Cinemas",6,73.56,2026-07-23,CANCELLED
2625,2231,mirandaclarke@example.com,450,Ahead deal,"Gonzales, Short and Weaver Cinemas",2,23.04,2026-07-23,CONFIRMED
2626,1247,campbellmargaret@example.net,393,Watch,Barr PLC Cinemas,1,23.5,2026-07-23,CANCELLED
2627,2841,rivasmatthew@example.com,358,Cause number alone,Woods-Mccarthy Cinemas,4,98.16,2026-07-23,CONFIRMED
2628,2048,castilloerin@example.org,1251,Create east according,Peterson-Beard Cinemas,3,51.21,2026-07-23,CONFIRMED
2629,1267,paulrussell@example.com,769,Social wall over,French Inc Cinemas,4,37.32,2026-07-09,CONFIRMED
2630,2640,heather66@example.net,650,Really speak though,"Hall, Jackson and Johnson Cinemas",4,77.52,2026-07-23,CANCELLED
2631,2576,tdiaz@example.net,804,Year report,Chavez PLC Cinemas,3,45.84,2026-07-23,CONFIRMED
2632,4202,nball@example.com,547,Such nation risk,Weiss Group Cinemas,1,8.23,2026-06-29,CONFIRMED
2633,1599,kevinsantos@example.net,1845,Better government well,Allen-Peterson Cinemas,3,56.16,2026-06-30,CONFIRMED
2634,4694,hillmelissa@example.net,1370,Quite rise,Clements PLC Cinemas,1,10.47,2026-07-23,CONFIRMED
2635,1096,angelarodriguez@example.com,1858,Action natural southern,"Duarte, Smith and Caldwell Cinemas",5,96.1,2026-07-21,CONFIRMED
2636,4518,joseph27@example.net,627,Guess really,Mitchell and Sons Cinemas,6,51.84,2026-07-23,CONFIRMED
2637,1073,sfrancis@example.com,1458,Sure voice on,Gibson-Thomas Cinemas,1,17.85,2026-07-20,CONFIRMED
2638,1635,anna23@example.com,1038,Recently support,"Chase, Prince and Wilcox Cinemas",6,136.92,2026-07-23,CANCELLED
2639,1007,bobfoster@example.com,1212,Face nor market,Clark-Floyd Cinemas,4,63.64,2026-07-07,CONFIRMED
2640,1130,yboone@example.org,1370,Quite rise,Clements PLC Cinemas,3,31.41,2026-07-23,CONFIRMED
2641,1564,timothybrown@example.com,323,Will media figure,Jones-Barnes Cinemas,2,33.72,2026-07-01,CANCELLED
2642,3063,lewistara@example.net,761,Yourself blue,Johnson and Sons Cinemas,2,19.84,2026-07-03,CONFIRMED
2643,2431,qmolina@example.org,1430,Reveal study bad,"Hernandez, Cuevas and Webb Cinemas",4,46.6,2026-06-30,CONFIRMED
2644,3010,gabriellechavez@example.com,1018,Also girl,Miranda and Sons Cinemas,3,26.4,2026-06-29,CONFIRMED
2645,671,philliphayden@example.net,1702,Final scene,Garrett-Stout Cinemas,2,43.84,2026-07-23,CANCELLED
2646,1991,ewatts@example.org,33,Project,"Olson, Hebert and Jones Cinemas",6,124.74,2026-07-04,CONFIRMED
2647,3107,christophersolomon@example.org,1841,Month matter policy,Anderson Inc Cinemas,5,95.2,2026-07-23,CONFIRMED
2648,3739,moranbrittany@example.net,1576,Bed,Mccarthy-Hobbs Cinemas,2,30.94,2026-07-23,CONFIRMED
2649,1876,vanessamartinez@example.net,1520,Through unit,Griffin Ltd Cinemas,1,14.9,2026-07-23,CONFIRMED
2650,14,martinezcatherine@example.net,12,Tend,Williams-Harmon Cinemas,5,48.3,2026-06-28,CONFIRMED
2651,1379,mitchelldanielle@example.org,1152,Here southern we play,Johnson-Powers Cinemas,5,56.65,2026-06-25,CONFIRMED
2652,1231,sancheztyler@example.org,1226,Sign build,James Ltd Cinemas,6,91.92,2026-07-23,CONFIRMED
2653,2616,rhonda97@example.org,1281,Throw discover recognize,Medina LLC Cinemas,4,67.68,2026-07-17,CONFIRMED
2654,3496,david23@example.com,1164,Inside relationship everything,Gibson-Thomas Cinemas,5,116.45,2026-07-21,CONFIRMED
2655,863,bdavis@example.net,450,Ahead deal,"Gonzales, Short and Weaver Cinemas",6,69.12,2026-07-23,CONFIRMED
2656,1670,fbass@example.org,1511,Movie build green,"Chapman, Ball and Patterson Cinemas",2,25.24,2026-07-23,CONFIRMED
2657,4448,gsmith@example.com,1961,Direction material,"Jordan, Swanson and Franklin Cinemas",2,40.0,2026-07-23,CANCELLED
2658,744,fking@example.org,1244,Push price should,Anderson-Silva Cinemas,6,50.76,2026-07-19,CONFIRMED
2659,3627,barrettadriana@example.com,1870,Memory,Robinson Group Cinemas,2,41.76,2026-07-17,CONFIRMED
2660,4635,sandratravis@example.net,1338,About book partner,"Levy, Franco and Hoffman Cinemas",2,26.96,2026-06-25,CONFIRMED
2661,4946,jonesanna@example.net,610,Remember hotel really authority,Aguirre-Bennett Cinemas,3,27.72,2026-07-23,CONFIRMED
2662,3545,oroberts@example.net,1083,Career wrong travel meet,"Hernandez, Cuevas and Webb Cinemas",5,65.65,2026-07-23,CANCELLED
2663,2687,jillian89@example.org,305,Majority deep,"Marquez, Martinez and Bailey Cinemas",5,41.2,2026-07-23,CONFIRMED
2664,4999,tiffany48@example.net,486,Few late hospital,"Wolfe, Chavez and Mcbride Cinemas",3,73.29,2026-07-23,CONFIRMED
2665,738,vunderwood@example.com,1793,Reality commercial kind,"Barnes, Ellis and Gonzales Cinemas",6,76.2,2026-06-26,CONFIRMED
2666,3985,imartinez@example.net,1587,Argue call,White Inc Cinemas,4,98.36,2026-07-23,CONFIRMED
2667,138,sbradley@example.org,1912,Program girl section,Johnson and Sons Cinemas,6,74.22,2026-07-05,CONFIRMED
2668,3291,robertsingh@example.com,1950,Test word attack,"Porter, Patel and Jackson Cinemas",4,70.92,2026-07-13,CONFIRMED
2669,4627,zlove@example.org,345,Cultural country section,"Castro, Garcia and Daniels Cinemas",6,126.66,2026-06-30,CONFIRMED
2670,2906,emily00@example.org,836,Open,"Chase, Prince and Wilcox Cinemas",6,115.92,2026-07-23,CANCELLED
2671,3814,annastephens@example.org,1326,Mrs mouth different,Medina Group Cinemas,6,132.9,2026-07-08,CONFIRMED
2672,3931,akhan@example.org,985,Dark lot sister,Lynn Group Cinemas,3,49.89,2026-07-23,CONFIRMED
2673,3612,tammy78@example.net,1209,While court,"Moore, Alexander and Reed Cinemas",4,65.04,2026-07-20,CANCELLED
2674,4788,ugonzalez@example.net,1420,Safe join,Jimenez Ltd Cinemas,1,11.2,2026-07-23,CANCELLED
2675,1748,ukelly@example.org,264,Along surface,"Cain, Contreras and Jackson Cinemas",1,23.59,2026-07-23,CONFIRMED
2676,3992,qwashington@example.com,497,Moment,Jordan-Campbell Cinemas,5,70.4,2026-07-23,CONFIRMED
2677,3592,jparsons@example.net,1430,Reveal study bad,"Hernandez, Cuevas and Webb Cinemas",5,58.25,2026-06-24,CONFIRMED
2678,818,rebecca55@example.org,1031,Institution possible,Carney Group Cinemas,4,74.28,2026-07-23,CONFIRMED
2679,1905,pthomas@example.net,478,Speech,Vargas-Jensen Cinemas,1,16.34,2026-07-23,CONFIRMED
2680,4650,tcoleman@example.org,1778,Test threat she improve,Palmer Inc Cinemas,3,61.23,2026-06-22,CONFIRMED
2681,1842,laura80@example.org,1484,Benefit so,Shah PLC Cinemas,3,72.9,2026-07-23,CONFIRMED
2682,676,aaron33@example.org,823,Middle rule account,"Dickson, Barnett and Meyer Cinemas",4,33.72,2026-07-21,CONFIRMED
2683,499,barbara81@example.net,744,While senior,"Flowers, Morgan and Barnes Cinemas",3,33.69,2026-07-23,CONFIRMED
2684,4493,monicapayne@example.net,771,Water agency,Chavez PLC Cinemas,2,32.84,2026-06-19,CONFIRMED
2685,2602,xjones@example.com,560,Peace nation,"Schwartz, Estrada and Hernandez Cinemas",4,80.48,2026-07-23,CONFIRMED
2686,4343,reevesheather@example.org,1096,Democratic beautiful,Johnson-Powers Cinemas,3,64.92,2026-07-23,CONFIRMED
2687,1199,brownjames@example.org,453,Minute region argue,"Marquez, Martinez and Bailey Cinemas",6,59.34,2026-07-21,CONFIRMED
2688,4367,curtis26@example.com,1867,Trip within production,Adams PLC Cinemas,4,56.88,2026-07-03,CONFIRMED
2689,2673,adam42@example.org,1224,Else coach,Ochoa-Adams Cinemas,6,71.52,2026-06-28,CONFIRMED
2690,3684,robert21@example.org,1446,When,Colon LLC Cinemas,5,64.6,2026-07-23,CONFIRMED
2691,2213,dennis53@example.com,1035,Staff agency,"Turner, Ponce and Barrett Cinemas",4,75.24,2026-07-18,CONFIRMED
2692,80,sean69@example.com,366,Degree physical history activity,"Short, Brooks and Lang Cinemas",2,29.38,2026-07-15,CONFIRMED
2693,4981,karenbowers@example.com,556,Pretty least,Morris-Armstrong Cinemas,4,99.52,2026-06-23,CONFIRMED
2694,1591,cliffordprice@example.org,848,Suddenly lay,Barron-Brown Cinemas,4,90.96,2026-07-23,CANCELLED
2695,4737,lucas74@example.org,484,Particularly piece participant,"Marquez, Martinez and Bailey Cinemas",4,39.52,2026-07-23,CONFIRMED
2696,903,wellssherry@example.net,674,Necessary push,"Elliott, Villarreal and Sosa Cinemas",1,15.36,2026-07-23,CANCELLED
2697,2499,melissa18@example.org,546,Staff happy American,Jones-Barnes Cinemas,1,20.86,2026-07-23,CANCELLED
2698,1244,ashleynelson@example.net,162,Art,"Hull, Haynes and Garcia Cinemas",6,54.72,2026-07-23,CONFIRMED
2699,2695,sbrown@example.com,391,Toward thousand,Powers Group Cinemas,5,90.85,2026-07-23,CONFIRMED
2700,1884,justin75@example.org,1156,Sound itself,Bell PLC Cinemas,3,33.87,2026-07-05,CONFIRMED
2701,4345,andersonjason@example.org,871,Sign be land,Jones Inc Cinemas,4,76.2,2026-07-23,CONFIRMED
2702,1442,kimberly47@example.org,1278,Before cup word,Flores Ltd Cinemas,3,38.01,2026-07-23,CONFIRMED
2703,4090,bmullins@example.net,679,Last might sometimes,Clarke-Ramirez Cinemas,3,35.85,2026-07-12,CONFIRMED
2704,2508,bobbysavage@example.com,42,Create attack life,Jackson Ltd Cinemas,6,68.76,2026-07-23,CONFIRMED
2705,2622,shellymason@example.com,1523,Energy guy,Cervantes PLC Cinemas,6,49.38,2026-06-29,CONFIRMED
2706,398,sheliacohen@example.net,1660,Really worker drop,"Jacobs, Calhoun and Wyatt Cinemas",2,41.38,2026-07-19,CONFIRMED
2707,2209,james71@example.net,479,Make according energy,Warren Inc Cinemas,3,30.12,2026-07-14,CONFIRMED
2708,351,fwilliams@example.org,341,Movie man itself,Adams PLC Cinemas,4,44.96,2026-06-24,CONFIRMED
2709,1880,qknight@example.net,552,Participant compare,"Garrison, Ryan and Miller Cinemas",4,46.64,2026-06-18,CONFIRMED
2710,4919,rhondaallen@example.com,1242,Nearly section,"Carrillo, Henderson and Matthews Cinemas",5,118.1,2026-07-23,CONFIRMED
2711,736,wilkersonkatherine@example.org,1143,Most bad,Bradley-Davis Cinemas,5,95.35,2026-07-23,CONFIRMED
2712,2917,gabrielleanderson@example.org,512,Sometimes black movie,Gonzalez Group Cinemas,1,12.82,2026-07-23,CANCELLED
2713,4783,arnoldaaron@example.com,729,Main,Buchanan LLC Cinemas,4,50.56,2026-07-23,CANCELLED
2714,2848,gabrielschultz@example.com,1849,Culture part language,Schmidt-Mendoza Cinemas,6,111.54,2026-07-23,CANCELLED
2715,4234,sheriperez@example.net,1558,Wrong fear,"Campbell, Long and Silva Cinemas",1,19.19,2026-07-23,CONFIRMED
2716,3577,sandersfelicia@example.org,916,Trip blue,"Compton, Owens and Decker Cinemas",2,34.08,2026-07-23,CANCELLED
2717,3689,hannahmorris@example.com,1831,Provide run day,Jones-Taylor Cinemas,2,41.6,2026-07-23,CONFIRMED
2718,4555,houstonjohn@example.net,764,Industry before,"Mckee, Gardner and Davenport Cinemas",2,39.04,2026-07-23,CONFIRMED
2719,1961,sarah19@example.net,1688,Notice throughout need,Fernandez Inc Cinemas,3,68.1,2026-06-24,CONFIRMED
2720,2275,tlawrence@example.net,448,Few risk type,Meyers-Owens Cinemas,6,85.38,2026-07-23,CONFIRMED
2721,1389,elizabethmoore@example.org,1568,Enough best,"Marshall, Murray and Miller Cinemas",2,46.02,2026-07-23,CONFIRMED
2722,3508,eharrison@example.com,1937,Whole evening large,Gallagher-Diaz Cinemas,3,51.81,2026-07-23,CANCELLED
2723,3652,vmoore@example.org,480,Give yeah,"Chen, Faulkner and Casey Cinemas",6,54.12,2026-07-23,CONFIRMED
2724,4772,tina20@example.org,1990,Field later good security,Bond-Cummings Cinemas,5,101.5,2026-07-19,CONFIRMED
2725,4098,kimmarcus@example.com,244,Attack sort religious,"Blanchard, Taylor and Porter Cinemas",3,36.45,2026-07-23,CANCELLED
2726,396,stevensmatthew@example.net,92,Mr same between,Wallace-Berry Cinemas,2,38.32,2026-07-23,CONFIRMED
2727,2292,tinaflynn@example.com,1464,Himself or great,"Bennett, Williams and Klein Cinemas",3,68.88,2026-07-23,CONFIRMED
2728,2183,jessetaylor@example.com,1171,Box nor,"Santiago, Smith and Cannon Cinemas",6,67.68,2026-07-23,CANCELLED
2729,1393,justinhughes@example.net,427,Foot participant receive,Villarreal and Sons Cinemas,5,71.05,2026-07-23,CONFIRMED
2730,4672,hburch@example.org,1912,Program girl section,Johnson and Sons Cinemas,4,49.48,2026-07-01,CONFIRMED
2731,2828,shannon56@example.org,582,Blue stand shoulder,"Hayes, Sharp and Wilson Cinemas",1,22.9,2026-07-13,CONFIRMED
2732,1663,jessica23@example.net,742,Management hotel room,"Thomas, Becker and Mills Cinemas",3,28.65,2026-07-23,CONFIRMED
2733,1466,simonedward@example.net,192,Discuss create,Duke-Schultz Cinemas,6,114.72,2026-07-23,CONFIRMED
2734,526,eadams@example.org,5,Learn get,"Hendricks, Zuniga and Miller Cinemas",3,26.28,2026-06-25,CONFIRMED
2735,1541,lcurry@example.net,1393,Practice,Nichols-Lam Cinemas,4,46.68,2026-07-23,CONFIRMED
2736,4061,reyesmiguel@example.net,965,Above girl very,Byrd-Foster Cinemas,1,14.08,2026-07-23,CONFIRMED
2737,4664,april48@example.net,1676,May military most,Hernandez Ltd Cinemas,6,136.92,2026-07-23,CONFIRMED
2738,623,smorales@example.net,1535,Simple throughout,Sanders PLC Cinemas,1,21.35,2026-07-23,CONFIRMED
2739,3291,robertsingh@example.com,1215,Term four,Hunter Group Cinemas,1,11.49,2026-06-25,CANCELLED
2740,2055,yhopkins@example.net,247,Development me need,Martinez Ltd Cinemas,1,11.31,2026-07-14,CANCELLED
2741,2709,xhansen@example.org,286,Light involve all,"Thomas, Moreno and Smith Cinemas",2,45.88,2026-06-14,CONFIRMED
2742,3285,robert90@example.org,224,More current,Patterson-Lawrence Cinemas,4,99.16,2026-06-09,CONFIRMED
2743,1372,vjimenez@example.net,1889,Situation defense woman message,"Underwood, Bartlett and Russell Cinemas",3,31.26,2026-07-18,CONFIRMED
2744,3647,cunninghamraymond@example.org,530,Left life money occur,Mclaughlin Inc Cinemas,3,46.17,2026-06-23,CONFIRMED
2745,1183,mariecasey@example.com,1317,Drop,Green-Ewing Cinemas,5,69.8,2026-07-23,CONFIRMED
2746,2886,lucasedwards@example.com,1409,Where,"Nichols, Glover and Knox Cinemas",5,105.55,2026-07-17,CONFIRMED
2747,1298,angela57@example.com,609,With speak,Gutierrez-Ortiz Cinemas,2,31.12,2026-06-19,CONFIRMED
2748,95,samuel38@example.net,169,None head,Reese Group Cinemas,6,82.8,2026-07-15,CONFIRMED
2749,158,millerjuan@example.org,1738,Series rest government,"Black, Collins and Powell Cinemas",6,102.6,2026-07-23,CANCELLED
2750,2977,rebecca46@example.org,1025,Trouble fight fast option,"Velez, Howell and Stevenson Cinemas",6,111.78,2026-06-26,CONFIRMED
2751,4378,kmueller@example.org,1710,Employee,Ortega Group Cinemas,4,52.32,2026-07-23,CONFIRMED
2752,3029,tanya78@example.net,378,Section image school,"Warner, Carr and Archer Cinemas",6,133.02,2026-07-12,CONFIRMED
2753,4318,john28@example.net,740,Sign state end,Soto and Sons Cinemas,4,70.52,2026-07-23,CONFIRMED
2754,4740,cstone@example.org,627,Guess really,Mitchell and Sons Cinemas,1,8.64,2026-07-23,CONFIRMED
2755,1383,garciarichard@example.com,1760,Congress article,Garcia LLC Cinemas,3,53.88,2026-07-23,CONFIRMED
2756,1612,austinfrye@example.org,1778,Test threat she improve,Palmer Inc Cinemas,5,102.05,2026-06-15,CONFIRMED
2757,3533,bmaddox@example.com,659,Risk hospital process,Miller and Sons Cinemas,2,40.36,2026-07-23,CONFIRMED
2758,645,hernandezreginald@example.net,1095,Couple other,Rojas Inc Cinemas,2,20.6,2026-07-23,CONFIRMED
2759,420,cory21@example.org,590,Will close crime,"Baker, May and Hughes Cinemas",5,98.1,2026-06-19,CONFIRMED
2760,4689,mmiller@example.org,114,Guy visit concern,Johnson-Alvarez Cinemas,4,46.52,2026-06-13,CONFIRMED
2761,4958,carrollmegan@example.com,19,Research decide even,Chase-Washington Cinemas,3,43.2,2026-07-23,CONFIRMED
2762,3029,tanya78@example.net,1633,Program yourself,Stevenson Group Cinemas,5,105.1,2026-07-23,CONFIRMED
2763,3157,wjames@example.org,1034,Real establish,"Hammond, Douglas and Johnson Cinemas",1,11.78,2026-06-29,CONFIRMED
2764,3626,xbryant@example.com,781,Minute right think trouble,Obrien PLC Cinemas,6,82.5,2026-07-01,CONFIRMED
2765,202,jessicavang@example.com,1808,Gun size cup,"James, Howard and Johnson Cinemas",1,8.34,2026-07-23,CONFIRMED
2766,3145,dparker@example.org,1770,Dream experience chair,Lynch LLC Cinemas,2,18.82,2026-07-23,CONFIRMED
2767,136,ivalentine@example.com,994,Cause we,Hall-Washington Cinemas,3,33.69,2026-07-16,CONFIRMED
2768,277,matthewsmith@example.org,468,Bit they pick,Hale-Durham Cinemas,5,76.4,2026-06-24,CANCELLED
2769,3621,phillipsandrea@example.net,261,Turn,Lopez-Thompson Cinemas,1,15.33,2026-07-20,CONFIRMED
2770,1494,karenoliver@example.com,669,True often million,"Bennett, Williams and Klein Cinemas",4,75.08,2026-07-23,CONFIRMED
2771,1884,justin75@example.org,1871,Market loss parent,Rodriguez Group Cinemas,1,14.67,2026-07-23,CONFIRMED
2772,1589,hshepherd@example.net,318,Fire hand,Prince Inc Cinemas,4,36.04,2026-07-10,CONFIRMED
2773,4559,robert51@example.org,381,Free issue,Vaughn Inc Cinemas,3,26.85,2026-07-23,CANCELLED
2774,235,jacob10@example.net,1694,Fall letter,Gibson-Gardner Cinemas,2,47.28,2026-07-23,CONFIRMED
2775,3591,martinstephanie@example.com,1639,Hand always,Holloway and Sons Cinemas,5,95.25,2026-07-20,CANCELLED
2776,2365,baileycastillo@example.org,251,Any president item,Gonzalez LLC Cinemas,4,72.04,2026-07-23,CONFIRMED
2777,330,elizabeth58@example.org,1337,Pay across stage,"Wallace, Perkins and Johnson Cinemas",2,41.2,2026-07-23,CANCELLED
2778,1696,robin19@example.com,1653,Bank job,Benson Inc Cinemas,3,44.49,2026-07-23,CONFIRMED
2779,4048,stacybyrd@example.com,841,Many four end,"Perez, Hoffman and Tucker Cinemas",2,31.62,2026-06-26,CONFIRMED
2780,3822,jonesmichelle@example.net,1599,Seven notice,"Herrera, Jensen and Ramirez Cinemas",5,49.85,2026-07-23,CONFIRMED
2781,926,morenomary@example.org,655,Less among change,English-Dominguez Cinemas,4,41.48,2026-07-23,CONFIRMED
2782,2180,zuniganathan@example.com,111,Personal anything both,"Watts, Robinson and Nguyen Cinemas",3,40.08,2026-07-23,CONFIRMED
2783,1376,christy19@example.org,1854,Market break different,"Marshall, Murray and Miller Cinemas",2,41.96,2026-07-23,CONFIRMED
2784,2699,rachel27@example.com,1198,Cut,James Ltd Cinemas,5,55.55,2026-07-23,CONFIRMED
2785,3514,spencer54@example.net,1444,Character minute,Wright Group Cinemas,5,115.2,2026-07-02,CONFIRMED
2786,1444,emilyharmon@example.org,1342,Write oil on,Scott-Miller Cinemas,3,24.0,2026-06-29,CANCELLED
2787,788,samueljones@example.net,921,Market consider,Barnett PLC Cinemas,6,99.42,2026-07-23,CONFIRMED
2788,1660,tbell@example.org,558,Seven,"Marshall, Murray and Miller Cinemas",2,39.04,2026-07-14,CONFIRMED
2789,277,matthewsmith@example.org,163,American return need,Blevins-Ballard Cinemas,1,8.94,2026-07-23,CANCELLED
2790,2746,lesliephelps@example.com,1656,Conference act capital,Ford-Olsen Cinemas,1,13.8,2026-07-23,CONFIRMED
2791,3353,melissamoore@example.org,1778,Test threat she improve,Palmer Inc Cinemas,2,40.82,2026-06-17,CONFIRMED
2792,1675,yangjennifer@example.com,1787,Rock from,Taylor-Stewart Cinemas,1,10.94,2026-06-21,CONFIRMED
2793,1975,christopher56@example.net,1405,Their per poor,Smith Ltd Cinemas,6,101.88,2026-07-23,CONFIRMED
2794,1562,richardperez@example.org,1296,Treatment senior,Valdez-Jacobs Cinemas,2,33.72,2026-07-23,CONFIRMED
2795,2012,heather24@example.net,1241,Actually help,Wilson-Jones Cinemas,3,68.55,2026-07-23,CONFIRMED
2796,3808,nancywebb@example.net,1549,Share,Moore-Bright Cinemas,3,57.21,2026-07-23,CONFIRMED
2797,3535,barry75@example.com,29,Dream experience chair,Garcia LLC Cinemas,5,42.3,2026-06-24,CONFIRMED
2798,4742,mark23@example.org,896,Go exactly seem,Johnson-Nelson Cinemas,1,16.4,2026-06-24,CONFIRMED
2799,2441,harrissean@example.com,1280,Drop,Lee PLC Cinemas,4,83.36,2026-07-01,CONFIRMED
2800,4157,fjohnson@example.com,1578,Cost agent,Ward-Blake Cinemas,1,14.94,2026-07-01,CONFIRMED
2801,3818,lisacollins@example.com,972,Less admit involve,"Howard, Brennan and Moore Cinemas",2,45.7,2026-07-23,CONFIRMED
2802,1845,melissa74@example.com,224,More current,Patterson-Lawrence Cinemas,5,123.95,2026-06-20,CONFIRMED
2803,4342,jonesalicia@example.net,322,Skill like,"Blevins, Delgado and Bennett Cinemas",1,22.5,2026-07-23,CONFIRMED
2804,309,butlerolivia@example.com,200,Meet while car,Landry-Hill Cinemas,2,35.72,2026-07-23,CONFIRMED
2805,678,brittneysalazar@example.org,840,Very simply,Johnson-Powers Cinemas,2,41.44,2026-07-23,CONFIRMED
2806,1023,katherinewinters@example.com,1250,Activity,"Black, Collins and Powell Cinemas",4,50.16,2026-07-23,CONFIRMED
2807,2122,douglas62@example.net,272,Training tough decision,"Castro, Irwin and Rodriguez Cinemas",1,22.21,2026-07-23,CONFIRMED
2808,461,cchurch@example.org,1390,Mind point game,Gibson Ltd Cinemas,1,8.07,2026-07-23,CONFIRMED
2809,4685,rnewman@example.net,28,Gas service,Williamson Group Cinemas,2,19.08,2026-07-18,CONFIRMED
2810,4930,susanbaker@example.org,1857,Call reduce,"May, Malone and Reese Cinemas",5,88.35,2026-07-13,CONFIRMED
2811,163,ksparks@example.net,1614,Arrive morning guy,Diaz and Sons Cinemas,1,10.66,2026-07-23,CONFIRMED
2812,4437,zjohnson@example.net,183,Our respond,Atkinson-Nelson Cinemas,6,112.74,2026-07-23,CONFIRMED
2813,3481,kellychang@example.org,1870,Memory,Robinson Group Cinemas,1,20.88,2026-07-18,CONFIRMED
2814,447,john02@example.com,1529,Stock,Carroll-Snyder Cinemas,5,94.4,2026-07-18,CANCELLED
2815,3921,jeremyjackson@example.org,949,Daughter serious international,"Kennedy, Mueller and Aguirre Cinemas",6,126.96,2026-07-23,CONFIRMED
2816,3238,joseph51@example.net,1349,Serve successful behavior develop,Fitzgerald-Scott Cinemas,2,38.5,2026-07-23,CONFIRMED
2817,3408,vhowell@example.net,587,Face,Martinez-Allen Cinemas,4,48.16,2026-06-21,CONFIRMED
2818,1625,csullivan@example.com,1897,Hair ahead,"Gonzales, Smith and Davis Cinemas",5,57.25,2026-07-23,CONFIRMED
2819,4884,kelseynguyen@example.org,1976,Some them industry,Evans Ltd Cinemas,4,70.04,2026-07-20,CONFIRMED
2820,1555,troyharris@example.org,255,War within prevent even,"Miller, Hansen and Salas Cinemas",3,71.64,2026-07-20,CANCELLED
2821,1413,evanholloway@example.com,979,Hot lay,Morris-Armstrong Cinemas,6,121.5,2026-06-17,CONFIRMED
2822,3515,cchase@example.com,369,Enter under,"Black, Collins and Powell Cinemas",4,75.28,2026-07-02,CONFIRMED
2823,261,millerdaniel@example.org,561,South ahead,"Garcia, Perez and Oliver Cinemas",2,46.28,2026-07-23,CONFIRMED
2824,1607,dakota75@example.org,27,North alone,Grant-Diaz Cinemas,4,76.56,2026-07-11,CONFIRMED
2825,2963,martinezrobert@example.net,401,Tonight provide newspaper,"Harper, Thomas and Turner Cinemas",1,16.6,2026-06-28,CANCELLED
2826,762,gilmorejoshua@example.com,206,Institution road PM,Brown-Ross Cinemas,5,66.6,2026-07-23,CONFIRMED
2827,986,rose88@example.com,989,Game example,Tucker-Olson Cinemas,4,94.72,2026-07-10,CONFIRMED
2828,3698,floresalex@example.org,417,Consumer character account,"Ramirez, Miller and Mccormick Cinemas",2,41.74,2026-07-08,CONFIRMED
2829,2839,rmitchell@example.org,1184,Need door draw,"Henson, Jones and Sanders Cinemas",6,66.0,2026-07-11,CONFIRMED
2830,4454,john53@example.com,1424,Natural here short,Jones-Taylor Cinemas,2,48.82,2026-06-19,CONFIRMED
2831,3803,lgoodwin@example.net,1724,When news my,"Jones, Abbott and Pope Cinemas",5,96.5,2026-06-24,CONFIRMED
2832,3968,richardsonmark@example.org,1916,Though social,Rowe and Sons Cinemas,5,50.5,2026-07-09,CONFIRMED
2833,3246,pbrooks@example.net,363,Have town fact,Payne PLC Cinemas,3,56.37,2026-07-12,CONFIRMED
2834,2269,angelafreeman@example.org,332,Her there,"Mckee, Gardner and Davenport Cinemas",2,20.42,2026-07-05,CANCELLED
2835,2246,alanyork@example.com,176,Especially,Green-Ewing Cinemas,1,11.9,2026-07-23,CONFIRMED
2836,490,jose80@example.com,1432,Everyone time,Robertson-Hays Cinemas,3,45.33,2026-07-18,CANCELLED
2837,3941,jonathanbrown@example.com,1616,Identify all agreement stop,Haynes-Jackson Cinemas,4,32.76,2026-06-29,CONFIRMED
2838,3825,brandon83@example.com,1294,Might them daughter,"Howard, Townsend and Hayes Cinemas",5,91.8,2026-07-12,CONFIRMED
2839,496,isaactorres@example.org,171,Force focus,Howe Inc Cinemas,6,90.96,2026-07-16,CONFIRMED
2840,3274,iharmon@example.net,1709,Office discussion,Hudson-Sparks Cinemas,2,29.28,2026-07-23,CANCELLED
2841,3020,williamswilliam@example.net,1500,On collection,"Clark, Park and Reed Cinemas",2,49.34,2026-07-23,CONFIRMED
2842,4411,wcarter@example.com,47,Development thus,"King, Taylor and Middleton Cinemas",3,29.7,2026-07-23,CONFIRMED
2843,1291,kristindixon@example.org,1390,Mind point game,Gibson Ltd Cinemas,2,16.14,2026-07-23,CONFIRMED
2844,2317,steven08@example.net,950,Population before possible,"Mckee, Gardner and Davenport Cinemas",1,12.89,2026-07-17,CONFIRMED
2845,1185,ashleyturner@example.org,360,Church arrive program finally,Norris Inc Cinemas,4,50.28,2026-07-23,CONFIRMED
2846,1147,jessebeltran@example.net,355,Deal opportunity opportunity,"Russell, Mercer and Patterson Cinemas",2,41.06,2026-06-30,CANCELLED
2847,2483,nromero@example.org,1518,Dark drive,"Newman, Carter and Brown Cinemas",6,89.58,2026-07-23,CONFIRMED
2848,2711,monicabarnett@example.com,514,News daughter cell,Walker-Jones Cinemas,5,73.0,2026-07-23,CONFIRMED
2849,2912,clarkdavid@example.org,1097,Tonight try,Price-Schmitt Cinemas,3,74.82,2026-07-23,CONFIRMED
2850,402,smarsh@example.com,215,Movement involve,"Jackson, Andersen and Bowen Cinemas",3,41.31,2026-07-05,CONFIRMED
2851,2992,thomasgarcia@example.com,1372,Month matter worker,"Bennett, Williams and Klein Cinemas",2,21.68,2026-07-23,CONFIRMED
2852,4741,michaelsellers@example.org,190,Choose power customer,Burns-Nguyen Cinemas,1,19.23,2026-07-23,CONFIRMED
2853,4554,pdrake@example.org,807,Western address,Padilla-Bennett Cinemas,3,60.18,2026-06-27,CONFIRMED
2854,2400,robertnguyen@example.com,1495,Note,"Meyers, Farrell and Miller Cinemas",2,17.8,2026-06-23,CONFIRMED
2855,2719,preynolds@example.net,255,War within prevent even,"Miller, Hansen and Salas Cinemas",6,143.28,2026-07-23,CONFIRMED
2856,501,mclaughlinjulie@example.net,573,Understand education,"Taylor, Morales and Fuller Cinemas",1,20.44,2026-06-12,CONFIRMED
2857,4195,anne20@example.com,375,Adult hour,"Velez, Howell and Stevenson Cinemas",6,123.72,2026-07-23,CONFIRMED
2858,4410,libarra@example.com,139,Name also,Shaffer-Yates Cinemas,5,40.9,2026-07-23,CONFIRMED
2859,1876,vanessamartinez@example.net,1433,Store although cause,Rodriguez Group Cinemas,4,66.24,2026-07-23,CONFIRMED
2860,1230,longkimberly@example.net,637,Single,Ibarra Ltd Cinemas,6,59.1,2026-07-23,CONFIRMED
2861,2645,brittany77@example.net,1773,Family part conference,Anderson-Kirk Cinemas,6,113.7,2026-06-23,CANCELLED
2862,1208,barbaralee@example.net,926,Make blue,Mclaughlin Inc Cinemas,5,54.15,2026-07-07,CONFIRMED
2863,3136,cookkaitlyn@example.net,1222,Performance one change,Knox and Sons Cinemas,1,19.4,2026-07-01,CONFIRMED
2864,2523,kingjulie@example.com,1979,Always beautiful,Hoffman PLC Cinemas,1,20.74,2026-07-04,CANCELLED
2865,3558,antonio26@example.org,1841,Month matter policy,Anderson Inc Cinemas,2,38.08,2026-07-23,CONFIRMED
2866,2741,stevenrichardson@example.org,1348,Baby dog food,"Stevens, Norris and Smith Cinemas",4,91.2,2026-07-23,CONFIRMED
2867,2741,stevenrichardson@example.org,933,Paper great,Clark-Miller Cinemas,4,38.2,2026-07-22,CONFIRMED
2868,1950,villajesse@example.com,537,Yeah now fish,Herrera LLC Cinemas,6,80.88,2026-07-16,CONFIRMED
2869,4634,gloria33@example.net,1195,Media worry grow,Whitehead-Hernandez Cinemas,5,62.6,2026-07-23,CONFIRMED
2870,2178,garyhernandez@example.net,1604,Sense gas,"Cain, Contreras and Jackson Cinemas",6,101.82,2026-07-23,CONFIRMED
2871,3788,seanwheeler@example.com,933,Paper great,Clark-Miller Cinemas,4,38.2,2026-07-22,CONFIRMED
2872,1378,fernandezbrandon@example.net,1500,On collection,"Clark, Park and Reed Cinemas",5,123.35,2026-07-23,CONFIRMED
2873,4479,delacruzmelanie@example.net,237,Other century office,George-Myers Cinemas,5,93.65,2026-06-25,CONFIRMED
2874,23,sararios@example.org,894,Strategy impact,Martinez-Lopez Cinemas,6,126.84,2026-07-07,CANCELLED
2875,3786,conleysarah@example.com,1133,Say dark,"Flowers, Morgan and Barnes Cinemas",1,18.35,2026-07-23,CONFIRMED
2876,4750,jennysanders@example.org,1284,Wrong social force,Weaver-Thompson Cinemas,3,69.27,2026-07-23,CONFIRMED
2877,227,brownreginald@example.net,292,Seat truth,Watson-Chan Cinemas,6,148.5,2026-06-26,CONFIRMED
2878,3111,matthewcollins@example.org,554,Discussion east wrong,"Martinez, Roman and Murphy Cinemas",6,57.12,2026-07-01,CONFIRMED
2879,1380,baileypaul@example.net,1824,Business relate class,"Larson, Daniels and James Cinemas",5,46.2,2026-07-21,CONFIRMED
2880,2868,acostadylan@example.net,1646,Art food,Morris-Merritt Cinemas,1,18.55,2026-07-20,CANCELLED
2881,1463,kim09@example.org,253,Whose third,"Bautista, Allen and Harrell Cinemas",6,87.36,2026-07-19,CONFIRMED
2882,1330,mitchellnicholas@example.com,1958,About I,Sullivan PLC Cinemas,5,90.55,2026-06-22,CONFIRMED
2883,2349,msanders@example.org,245,Ahead get federal happen,Ruiz-Rivera Cinemas,5,68.0,2026-07-23,CONFIRMED
2884,4122,harrisjamie@example.com,770,So yeah,Sims-Padilla Cinemas,6,138.0,2026-06-21,CONFIRMED
2885,1559,iedwards@example.net,1198,Cut,James Ltd Cinemas,5,55.55,2026-07-23,CONFIRMED
2886,2186,kwu@example.org,706,Only practice write,"Medina, Lee and Freeman Cinemas",6,56.64,2026-07-23,CONFIRMED
2887,4361,austinkline@example.net,1372,Month matter worker,"Bennett, Williams and Klein Cinemas",3,32.52,2026-07-23,CONFIRMED
2888,133,paynestephanie@example.net,784,Baby final,"Bell, Peterson and Price Cinemas",6,144.36,2026-07-03,CONFIRMED
2889,1694,oconnorvictoria@example.net,65,Far these,Sellers LLC Cinemas,1,13.56,2026-07-15,CONFIRMED
2890,1378,fernandezbrandon@example.net,1123,Miss stay,Garner LLC Cinemas,5,100.0,2026-07-23,CONFIRMED
2891,2948,daniellebrown@example.org,543,Present contain gas,Hill and Sons Cinemas,2,48.94,2026-07-23,CONFIRMED
2892,4444,cynthiapacheco@example.net,304,Machine old,"Good, Brewer and Fisher Cinemas",4,66.6,2026-07-23,CONFIRMED
2893,1659,andrewdelacruz@example.com,660,Someone find read,Delgado and Sons Cinemas,6,60.9,2026-07-01,CONFIRMED
2894,2790,sarah52@example.net,1643,Watch energy lose,Shaffer-Yates Cinemas,5,70.25,2026-07-23,CONFIRMED
2895,1426,lanceryan@example.com,1675,Clear order expert,Gibbs Group Cinemas,4,50.12,2026-07-23,CONFIRMED
2896,2623,maria36@example.com,575,Run hold southern,Christian Ltd Cinemas,1,17.02,2026-07-04,CONFIRMED
2897,1494,karenoliver@example.com,47,Development thus,"King, Taylor and Middleton Cinemas",1,9.9,2026-07-23,CONFIRMED
2898,927,virginiafisher@example.net,402,Choice short,Black-Mccoy Cinemas,2,44.44,2026-07-12,CONFIRMED
2899,695,crawfordhaley@example.org,53,Everyone under up,"Martinez, Rose and Jackson Cinemas",2,37.86,2026-07-20,CONFIRMED
2900,1076,yboyd@example.net,1083,Career wrong travel meet,"Hernandez, Cuevas and Webb Cinemas",1,13.13,2026-07-23,CONFIRMED
2901,879,greg64@example.org,851,Hope friend,"Sanders, Leblanc and Maldonado Cinemas",3,35.13,2026-07-23,CONFIRMED
2902,1033,jennifer74@example.net,1386,Purpose according we,Richardson Ltd Cinemas,3,42.15,2026-07-23,CONFIRMED
2903,2446,englishdenise@example.com,527,Some our,Rhodes-Holland Cinemas,6,114.48,2026-07-23,CONFIRMED
2904,1818,salinasgrace@example.net,1991,Employee forward,Harper-Johnson Cinemas,2,19.24,2026-07-23,CANCELLED
2905,4495,palmerkatherine@example.net,1422,Policy,"Boyd, Ellis and Maynard Cinemas",1,18.13,2026-07-23,CANCELLED
2906,904,chambersashley@example.net,1122,Power apply outside,Buchanan LLC Cinemas,1,15.41,2026-07-23,CANCELLED
2907,1950,villajesse@example.com,1522,Century he hair,Allen-Sanchez Cinemas,3,70.98,2026-07-21,CONFIRMED
2908,3456,melissastephens@example.org,625,Executive may,Hale-Durham Cinemas,5,102.85,2026-06-16,CONFIRMED
2909,3963,xbell@example.com,887,Already control,Morris-Armstrong Cinemas,4,48.0,2026-07-23,CONFIRMED
2910,482,njackson@example.net,1606,Democratic conference,Hernandez Inc Cinemas,5,67.15,2026-07-17,CONFIRMED
2911,654,julia17@example.org,476,Shake hospital officer fact,Christian-Booth Cinemas,3,32.4,2026-07-23,CONFIRMED
2912,2505,karengould@example.net,1386,Purpose according we,Richardson Ltd Cinemas,2,28.1,2026-07-23,CONFIRMED
2913,3202,grossangie@example.net,867,Develop,Griffin Group Cinemas,3,49.68,2026-07-23,CONFIRMED
2914,4522,robert99@example.net,742,Management hotel room,"Thomas, Becker and Mills Cinemas",6,57.3,2026-07-23,CONFIRMED
2915,3652,vmoore@example.org,22,Own pretty field,"Garrison, Ryan and Miller Cinemas",4,39.4,2026-06-16,CONFIRMED
2916,4071,williamsamanda@example.com,843,Special admit,"Phelps, Montoya and Barnett Cinemas",6,145.8,2026-07-23,CONFIRMED
2917,2592,rjohnson@example.net,826,Far view,"Williams, Newman and Jones Cinemas",1,15.79,2026-07-23,CONFIRMED
2918,1019,kathleen66@example.org,1656,Conference act capital,Ford-Olsen Cinemas,4,55.2,2026-07-23,CONFIRMED
2919,219,murraystephen@example.net,1281,Throw discover recognize,Medina LLC Cinemas,6,101.52,2026-07-03,CONFIRMED
2920,4445,rachael92@example.com,139,Name also,Shaffer-Yates Cinemas,4,32.72,2026-07-22,CONFIRMED
2921,2326,joseshaw@example.com,1279,Exist upon,"Martinez, Rose and Jackson Cinemas",5,123.2,2026-07-23,CANCELLED
2922,3434,owilliams@example.com,1103,Long chance,"Chan, Hart and Schmidt Cinemas",6,122.76,2026-07-23,CONFIRMED
2923,2233,monroeluke@example.com,1424,Natural here short,Jones-Taylor Cinemas,4,97.64,2026-06-25,CANCELLED
2924,27,denise39@example.net,223,More cultural whatever risk,Benson Inc Cinemas,3,24.42,2026-07-23,CONFIRMED
2925,4013,mallory90@example.org,90,Research once medical,"Kennedy, Cohen and Pennington Cinemas",3,55.56,2026-07-23,CONFIRMED
2926,3220,fredericktimothy@example.com,499,North billion well,"Baker, Mason and White Cinemas",5,99.95,2026-07-23,CONFIRMED
2927,2956,comptonlaura@example.net,259,Focus discussion land,Hall-Washington Cinemas,6,86.64,2026-07-23,CONFIRMED
2928,2925,jimenezterri@example.net,1376,Budget interview,"Bauer, Frazier and Sellers Cinemas",5,100.5,2026-06-28,CONFIRMED
2929,2414,renee38@example.org,898,Prevent trade cut,Coleman-Green Cinemas,3,64.92,2026-07-23,CONFIRMED
2930,728,dianaramirez@example.net,171,Force focus,Howe Inc Cinemas,2,30.32,2026-07-22,CONFIRMED
2931,1954,markfuentes@example.com,1095,Couple other,Rojas Inc Cinemas,1,10.3,2026-07-23,CONFIRMED
2932,3723,armstrongjoshua@example.org,1827,Operation week sing,Roberts Ltd Cinemas,4,93.36,2026-07-23,CONFIRMED
2933,4380,justinbennett@example.com,708,Fall structure woman,"Aguilar, Buckley and Ramirez Cinemas",3,66.54,2026-07-23,CONFIRMED
2934,320,kevin07@example.com,145,Six see rate customer,"Schaefer, Barry and Espinoza Cinemas",3,30.6,2026-07-16,CONFIRMED
2935,1353,jean10@example.com,343,Young deep husband,Ramirez Inc Cinemas,2,35.14,2026-07-23,CONFIRMED
2936,3256,laurenflynn@example.net,1622,Different account might,Herrera-Coleman Cinemas,4,49.56,2026-07-23,CONFIRMED
2937,2788,freemanjason@example.com,325,Second expert,Mooney PLC Cinemas,4,99.56,2026-07-23,CONFIRMED
2938,251,janet65@example.com,633,Above white sometimes,Miller Group Cinemas,6,105.6,2026-06-29,CONFIRMED
2939,4923,brandongonzalez@example.com,1163,Picture easy trip,Rodriguez-Hernandez Cinemas,4,66.64,2026-07-23,CONFIRMED
2940,3556,patrick78@example.org,1280,Drop,Lee PLC Cinemas,2,41.68,2026-06-26,CANCELLED
2941,1255,ebrown@example.net,1512,Inside government general,"Gonzalez, Santos and Gardner Cinemas",1,17.34,2026-07-23,CONFIRMED
2942,2258,dwhite@example.com,1382,Recent have,Howe Inc Cinemas,6,113.94,2026-06-30,CONFIRMED
2943,2557,rcochran@example.com,1302,Camera be around,"Duarte, Smith and Caldwell Cinemas",3,41.31,2026-07-22,CONFIRMED
2944,2627,baileymeagan@example.net,680,Which process,Rojas and Sons Cinemas,6,121.68,2026-07-23,CANCELLED
2945,2907,sanchezrobert@example.net,1432,Everyone time,Robertson-Hays Cinemas,1,15.11,2026-07-18,CONFIRMED
2946,915,elizabeth15@example.net,856,Though process,"Warner, Baker and Campbell Cinemas",5,95.45,2026-07-05,CONFIRMED
2947,2734,elowe@example.org,802,Decade in thing enter,Miller-Young Cinemas,1,15.15,2026-06-29,CONFIRMED
2948,1850,fgarcia@example.org,60,Ask manager,Gibson-Thomas Cinemas,1,21.21,2026-07-23,CONFIRMED
2949,1190,gcoleman@example.org,123,Range pressure but,"Bailey, Armstrong and Campbell Cinemas",1,12.52,2026-07-23,CONFIRMED
2950,3225,dthompson@example.org,1350,Along rule,Carney Group Cinemas,2,26.1,2026-06-23,CONFIRMED
2951,3485,klawson@example.com,741,Behind positive parent,"Turner, Long and Hendricks Cinemas",1,21.69,2026-07-23,CONFIRMED
2952,3841,dennisdarrell@example.org,629,Be activity,"Gonzales, Short and Weaver Cinemas",4,96.44,2026-07-23,CONFIRMED
2953,3795,michellemorgan@example.com,374,Again,"Miller, Friedman and Weaver Cinemas",4,90.08,2026-06-15,CANCELLED
2954,916,garciadebra@example.com,1275,Movement car as responsibility,Bradley-Novak Cinemas,2,24.46,2026-07-13,CONFIRMED
2955,4156,scottmartinez@example.net,1291,Although play position,Martinez LLC Cinemas,6,79.62,2026-07-23,CONFIRMED
2956,2611,tina73@example.net,1128,Including stand enjoy,"Gonzalez, Santos and Gardner Cinemas",3,24.27,2026-07-23,CANCELLED
2957,2391,heidi59@example.org,904,Prove method,"Carpenter, Morrow and Smith Cinemas",5,76.35,2026-07-14,CONFIRMED
2958,3867,adrian11@example.com,1317,Drop,Green-Ewing Cinemas,1,13.96,2026-07-23,CONFIRMED
2959,4690,bdiaz@example.net,1662,Sell apply,Green-Walters Cinemas,5,102.05,2026-06-16,CONFIRMED
2960,4971,margaretwilson@example.org,869,Though meeting,Robinson-Johnson Cinemas,4,74.92,2026-07-09,CONFIRMED
2961,3388,xwalker@example.com,745,Visit always,"English, Holloway and Jones Cinemas",1,20.16,2026-07-02,CONFIRMED
2962,1904,kelly83@example.org,366,Degree physical history activity,"Short, Brooks and Lang Cinemas",3,44.07,2026-07-21,CONFIRMED
2963,4207,dmontes@example.org,673,Treat,Jones-Krause Cinemas,4,52.72,2026-07-23,CONFIRMED
2964,4866,hsmith@example.com,1067,Daughter above,Turner Inc Cinemas,4,81.2,2026-07-23,CONFIRMED
2965,1015,dorothy44@example.net,912,Nothing letter lot sing,Colon LLC Cinemas,1,24.62,2026-07-03,CONFIRMED
2966,3602,patricia87@example.com,1989,Much minute,"Gonzales, Short and Weaver Cinemas",3,72.42,2026-07-23,CONFIRMED
2967,972,chantrevor@example.org,946,Time traditional,"Taylor, Morales and Fuller Cinemas",1,23.26,2026-07-23,CONFIRMED
2968,2682,gordonjack@example.com,1625,Father expect cup,Payne-Walton Cinemas,1,12.85,2026-06-25,CONFIRMED
2969,4470,scottcollins@example.net,1802,Policy similar run,Jennings Group Cinemas,3,24.6,2026-07-11,CONFIRMED
2970,321,cassandra33@example.net,1928,Able possible field,Davis Group Cinemas,3,52.56,2026-07-23,CONFIRMED
2971,3859,rbenson@example.com,1957,Care debate would,Warren Ltd Cinemas,1,14.15,2026-07-23,CONFIRMED
2972,3714,danielwelch@example.net,331,Job prepare either suffer,Joseph Inc Cinemas,1,22.22,2026-06-12,CONFIRMED
2973,2953,collin12@example.com,1803,Because picture consumer,"Evans, David and Hendrix Cinemas",4,37.6,2026-07-23,CONFIRMED
2974,4469,tamara83@example.com,324,Beat pass,Sullivan and Sons Cinemas,5,93.05,2026-07-23,CANCELLED
2975,3988,oscarking@example.com,1781,Economy material,Moore-Bright Cinemas,1,17.57,2026-06-21,CONFIRMED
2976,1168,robertchavez@example.org,220,Military everybody ability,"Moore, Gilmore and Martin Cinemas",2,27.46,2026-07-23,CONFIRMED
2977,1866,kelly56@example.com,1264,Themselves machine,Mendoza Group Cinemas,3,58.08,2026-06-27,CONFIRMED
2978,1027,brooksharold@example.com,1892,Future,"Patterson, Camacho and White Cinemas",1,10.98,2026-07-23,CONFIRMED
2979,2779,david43@example.com,953,Whose which,Harris-Hernandez Cinemas,2,28.78,2026-06-18,CONFIRMED
2980,506,brownraymond@example.net,10,Include available,Gallagher-Diaz Cinemas,6,127.2,2026-07-02,CONFIRMED
2981,2207,popederek@example.org,885,Avoid wall about law,"Schultz, Miller and Wolf Cinemas",5,101.1,2026-07-23,CONFIRMED
2982,3552,tuckerjennifer@example.com,1333,Type leg including,Warren Ltd Cinemas,6,129.3,2026-07-15,CONFIRMED
2983,2349,msanders@example.org,1359,Space type eye,Chang Ltd Cinemas,2,38.46,2026-07-23,CANCELLED
2984,2063,gdominguez@example.net,1508,Wonder peace ability,Villa Group Cinemas,2,46.08,2026-07-06,CONFIRMED
2985,3299,bruceochoa@example.com,1444,Character minute,Wright Group Cinemas,5,115.2,2026-07-05,CONFIRMED
2986,4993,jason36@example.org,302,Institution study along,Brown LLC Cinemas,2,30.28,2026-07-23,CONFIRMED
2987,1174,davismichelle@example.net,360,Church arrive program finally,Norris Inc Cinemas,6,75.42,2026-07-23,CONFIRMED
2988,4800,simonlindsay@example.net,1185,Determine hundred,Johnson and Sons Cinemas,3,29.94,2026-06-28,CONFIRMED
2989,3736,richardhernandez@example.net,317,Music guess,"Larson, Daniels and James Cinemas",3,59.4,2026-07-23,CONFIRMED
2990,3808,nancywebb@example.net,397,Southern student,Greene-Shelton Cinemas,2,38.82,2026-07-23,CONFIRMED
2991,1663,jessica23@example.net,1090,Appear close goal,Hansen-Schneider Cinemas,1,23.51,2026-07-03,CANCELLED
2992,1061,yware@example.com,1291,Although play position,Martinez LLC Cinemas,6,79.62,2026-07-21,CONFIRMED
2993,4361,austinkline@example.net,1647,Despite suddenly draw already,Mclaughlin Inc Cinemas,4,78.68,2026-06-29,CANCELLED
2994,4317,flewis@example.org,1082,Help require,Hunter Group Cinemas,4,42.68,2026-07-09,CANCELLED
2995,4742,mark23@example.org,596,Voice newspaper,"Hunter, Taylor and York Cinemas",2,18.64,2026-06-18,CANCELLED
2996,2434,brownlauren@example.org,196,Subject again,Carney Group Cinemas,3,45.72,2026-07-23,CONFIRMED
2997,4584,imiller@example.net,453,Minute region argue,"Marquez, Martinez and Bailey Cinemas",1,9.89,2026-07-15,CONFIRMED
2998,1276,daniel30@example.com,1567,Safe nice,Martin and Sons Cinemas,3,51.42,2026-07-01,CONFIRMED
2999,4015,connor01@example.net,1706,Do assume,Pena-Bass Cinemas,1,22.74,2026-06-28,CONFIRMED
3000,548,kevin42@example.net,598,Everything run after,Roth Ltd Cinemas,1,24.77,2026-07-23,CANCELLED
3001,3318,vargaspamela@example.net,593,Pay company,Bean-Evans Cinemas,5,121.5,2026-07-23,CANCELLED
3002,4686,lynchkelsey@example.net,616,Thank purpose appear,Jackson-Cooper Cinemas,2,34.88,2026-07-23,CONFIRMED
3003,832,smithbrittany@example.net,333,Social change,Grant-Diaz Cinemas,2,38.24,2026-07-23,CANCELLED
3004,808,theresa96@example.org,1860,Customer then,Buchanan LLC Cinemas,5,71.4,2026-07-06,CANCELLED
3005,4801,rileyjulie@example.com,1043,Tonight current born,Howe Inc Cinemas,5,51.05,2026-07-23,CONFIRMED
3006,467,frankward@example.com,311,Family third animal hotel,"Mckee, Gardner and Davenport Cinemas",4,96.8,2026-07-23,CONFIRMED
3007,4564,brownveronica@example.net,1031,Institution possible,Carney Group Cinemas,3,55.71,2026-07-23,CONFIRMED
3008,876,robertbradley@example.com,1820,Night good,Herrera LLC Cinemas,4,65.8,2026-07-23,CONFIRMED
3009,1143,curtisjacqueline@example.org,1734,Have pressure service,"Harrington, Johnson and Jones Cinemas",6,99.06,2026-07-08,CONFIRMED
3010,4328,christinajones@example.org,1456,Without thank land,Villarreal-Jackson Cinemas,6,139.68,2026-07-23,CANCELLED
3011,3748,rhansen@example.net,1808,Gun size cup,"James, Howard and Johnson Cinemas",1,8.34,2026-07-23,CONFIRMED
3012,606,wharris@example.com,684,Mrs call,Griffin Ltd Cinemas,2,22.64,2026-07-23,CONFIRMED
3013,2172,olivia93@example.net,193,Ball today despite,"Wright, Mcknight and Stephens Cinemas",4,50.52,2026-07-23,CANCELLED
3014,2879,brittneywashington@example.com,250,Local,"Nichols, Glover and Knox Cinemas",1,24.68,2026-07-23,CONFIRMED
3015,4495,palmerkatherine@example.net,573,Understand education,"Taylor, Morales and Fuller Cinemas",1,20.44,2026-06-11,CONFIRMED
3016,1697,tiffanyboone@example.net,640,Science experience successful,"Flowers, Morgan and Barnes Cinemas",2,32.74,2026-06-24,CONFIRMED
3017,4368,russell31@example.com,1917,Effect rock under prepare,"Cruz, Fowler and Haynes Cinemas",5,47.95,2026-06-29,CONFIRMED
3018,626,amanda72@example.com,348,Next leader finally,Moran PLC Cinemas,5,62.65,2026-07-02,CONFIRMED
3019,2862,zlopez@example.net,883,Prevent follow I,Barron-Brown Cinemas,3,28.62,2026-06-17,CONFIRMED
3020,2434,brownlauren@example.org,383,Wind design finally,Coleman-Long Cinemas,4,92.32,2026-07-23,CONFIRMED
3021,91,deborahgonzalez@example.net,1587,Argue call,White Inc Cinemas,2,49.18,2026-07-23,CONFIRMED
3022,804,figueroakatelyn@example.com,640,Science experience successful,"Flowers, Morgan and Barnes Cinemas",2,32.74,2026-06-24,CONFIRMED
3023,2262,jacquelineallen@example.org,825,Minute plan,Wright-Davis Cinemas,4,72.28,2026-06-27,CANCELLED
3024,3778,kjackson@example.net,1938,Consider product science,Clark Group Cinemas,5,92.2,2026-06-29,CONFIRMED
3025,816,richardsglenn@example.org,487,Speech need,Harper-Johnson Cinemas,5,100.75,2026-07-23,CONFIRMED
3026,803,jwerner@example.org,751,Item issue change,Trevino Group Cinemas,5,93.3,2026-07-23,CONFIRMED
3027,1296,connorholloway@example.net,506,Different community entire,"Herrera, Jensen and Ramirez Cinemas",2,30.52,2026-07-21,CONFIRMED
3028,3982,schneiderthomas@example.org,1111,Car feel small,Griffin Ltd Cinemas,2,46.62,2026-07-23,CONFIRMED
3029,1021,zsmith@example.com,1130,Either choose to,Jones-Contreras Cinemas,5,54.65,2026-07-23,CONFIRMED
3030,194,josephangela@example.org,417,Consumer character account,"Ramirez, Miller and Mccormick Cinemas",2,41.74,2026-07-04,CONFIRMED
3031,3370,ernest98@example.org,581,Program out these,"Medina, Lee and Freeman Cinemas",2,21.56,2026-07-16,CONFIRMED
3032,4471,ijohnson@example.com,1298,Might then increase dark,"Smith, Beard and Taylor Cinemas",5,60.8,2026-07-07,CONFIRMED
3033,3340,randall61@example.net,698,Run general bill,"Scott, Bartlett and Sloan Cinemas",5,95.5,2026-06-25,CONFIRMED
3034,1971,williamssabrina@example.com,426,Actually look total,Romero PLC Cinemas,4,81.6,2026-07-23,CANCELLED
3035,1760,reedbrenda@example.com,654,Eye single,Wright-Davis Cinemas,4,82.8,2026-07-22,CONFIRMED
3036,2505,karengould@example.net,892,Hundred hair,"Fisher, Payne and Thompson Cinemas",6,76.02,2026-07-08,CONFIRMED
3037,2467,michaelmyers@example.com,349,Rock blue,Chen Ltd Cinemas,5,79.2,2026-07-23,CONFIRMED
3038,780,wholt@example.net,461,Popular design good,Hudson-Sparks Cinemas,3,42.6,2026-07-23,CONFIRMED
3039,3894,shawkins@example.com,1835,Yeah middle,"Hendricks, Zuniga and Miller Cinemas",6,126.48,2026-07-23,CANCELLED
3040,1779,spotts@example.org,1657,Town direction,"Walton, Anderson and Cook Cinemas",1,20.03,2026-07-23,CONFIRMED
3041,1488,vgriffin@example.com,18,Thank behind,"Smith, Swanson and Glass Cinemas",5,64.6,2026-07-13,CONFIRMED
3042,1470,cruzolivia@example.org,1746,Suggest interest truth,Butler and Sons Cinemas,6,125.82,2026-07-23,CONFIRMED
3043,1184,nancy67@example.org,1770,Dream experience chair,Lynch LLC Cinemas,4,37.64,2026-07-23,CANCELLED
3044,1883,john00@example.com,1709,Office discussion,Hudson-Sparks Cinemas,6,87.84,2026-07-23,CONFIRMED
3045,3097,rachel62@example.com,752,Clearly main kid,"Travis, Larson and Dodson Cinemas",3,43.89,2026-07-04,CONFIRMED
3046,3550,wmarks@example.com,337,Oil south different,"Ray, Cunningham and Levine Cinemas",1,16.91,2026-07-15,CONFIRMED
3047,3764,samuel58@example.org,1232,Trouble safe,"Dorsey, Reyes and Dunn Cinemas",6,77.1,2026-07-23,CONFIRMED
3048,559,noblekimberly@example.org,1057,Movie money contain,"Lawson, Lopez and Myers Cinemas",5,92.05,2026-07-23,CONFIRMED
3049,4687,melinda85@example.com,1114,Stay help,"Silva, Snyder and Reeves Cinemas",5,88.05,2026-06-14,CANCELLED
3050,3203,qlong@example.com,119,Generation main,Acosta and Sons Cinemas,5,53.35,2026-07-23,CONFIRMED
3051,3934,zacharymorris@example.org,54,Choose son,Herman-Martin Cinemas,6,53.58,2026-06-29,CONFIRMED
3052,1383,garciarichard@example.com,1164,Inside relationship everything,Gibson-Thomas Cinemas,2,46.58,2026-07-16,CONFIRMED
3053,4393,angela81@example.com,940,School address wear value,Black-Mccoy Cinemas,6,109.68,2026-07-23,CONFIRMED
3054,4574,cassandrastone@example.org,1765,Across from phone,Trevino Group Cinemas,6,73.86,2026-07-23,CONFIRMED
3055,1595,jacquelinemurray@example.net,858,Move suffer security,"Sims, Weber and Villa Cinemas",2,42.02,2026-06-23,CONFIRMED
3056,3910,alexanderking@example.org,1709,Office discussion,Hudson-Sparks Cinemas,4,58.56,2026-07-23,CONFIRMED
3057,978,william55@example.net,1798,Back because,"Wilson, Trujillo and Moody Cinemas",5,103.45,2026-07-23,CONFIRMED
3058,3716,timothy77@example.com,597,Start,Harrell-Hebert Cinemas,6,142.44,2026-07-09,CONFIRMED
3059,1801,xcooke@example.net,28,Gas service,Williamson Group Cinemas,3,28.62,2026-07-11,CONFIRMED
3060,424,sanchezbrad@example.com,830,Approach statement,Miller-Booker Cinemas,6,118.02,2026-07-10,CONFIRMED
3061,1945,ugeorge@example.net,1945,Grow fear our sort,Knox and Sons Cinemas,4,85.08,2026-07-23,CONFIRMED
3062,3633,aliciaallen@example.net,528,South set also,"Diaz, Hill and Becker Cinemas",3,73.17,2026-07-02,CANCELLED
3063,3903,stevensbrandi@example.net,1259,Suggest job,"Carrillo, Henderson and Matthews Cinemas",4,96.56,2026-07-23,CONFIRMED
3064,2427,kyleduran@example.org,267,Far,James LLC Cinemas,5,69.55,2026-07-21,CONFIRMED
3065,1689,dana17@example.net,168,Husband energy know,Harris PLC Cinemas,3,57.06,2026-07-23,CONFIRMED
3066,173,zsantana@example.org,783,Impact every hard,Watson-Gray Cinemas,4,88.44,2026-06-20,CONFIRMED
3067,28,joseph17@example.net,659,Risk hospital process,Miller and Sons Cinemas,6,121.08,2026-07-23,CONFIRMED
3068,4357,brandon98@example.org,632,Around professor,Hoffman PLC Cinemas,2,45.84,2026-07-23,CONFIRMED
3069,1439,cynthiabutler@example.org,809,Summer six deal,"Bennett, Cantu and Kane Cinemas",2,19.84,2026-07-23,CONFIRMED
3070,4010,maxgarcia@example.net,1507,Attorney face,Smith Ltd Cinemas,5,68.8,2026-06-29,CONFIRMED
3071,3934,zacharymorris@example.org,253,Whose third,"Bautista, Allen and Harrell Cinemas",6,87.36,2026-07-17,CONFIRMED
3072,2710,oaguilar@example.com,787,Teach never,Harris-Wright Cinemas,4,90.16,2026-07-04,CONFIRMED
3073,4220,scotttravis@example.com,467,Fight wall why,Wright-Davis Cinemas,6,111.0,2026-07-23,CANCELLED
3074,4330,gnorton@example.org,517,Inside ask group,Mann LLC Cinemas,4,98.32,2026-07-02,CANCELLED
3075,1584,hernandezmelissa@example.net,25,Spend animal,"Evans, David and Hendrix Cinemas",3,38.55,2026-07-23,CONFIRMED
3076,3216,garciakaren@example.com,891,Wrong fear,Nguyen PLC Cinemas,1,16.23,2026-07-23,CONFIRMED
3077,1186,joshua15@example.net,1965,Food middle,Nunez LLC Cinemas,4,38.4,2026-07-11,CONFIRMED
3078,4767,brewermarcus@example.com,952,Natural foot note,Mitchell and Sons Cinemas,4,62.96,2026-07-01,CONFIRMED
3079,54,gregory14@example.org,407,Game sound,Castillo Group Cinemas,2,23.7,2026-07-23,CONFIRMED
3080,4782,xellis@example.org,1790,Trip blue,Gibbs Group Cinemas,5,57.95,2026-07-23,CONFIRMED
3081,485,dianawolf@example.org,317,Music guess,"Larson, Daniels and James Cinemas",3,59.4,2026-07-23,CONFIRMED
3082,3479,dianeparsons@example.com,337,Oil south different,"Ray, Cunningham and Levine Cinemas",3,50.73,2026-07-12,CONFIRMED
3083,3216,garciakaren@example.com,1589,Difficult west,"Ruiz, Martin and Jones Cinemas",4,78.24,2026-07-23,CANCELLED
3084,725,jenniferrice@example.com,1148,Season five,"Johnson, Lynch and Morton Cinemas",3,46.68,2026-06-24,CONFIRMED
3085,2961,deborahcoleman@example.com,1871,Market loss parent,Rodriguez Group Cinemas,5,73.35,2026-07-23,CONFIRMED
3086,3333,chungerin@example.com,954,Cultural huge,"Gonzalez, Santos and Gardner Cinemas",5,47.2,2026-07-23,CONFIRMED
3087,2912,clarkdavid@example.org,715,Chair what measure,"Fowler, Jones and Moore Cinemas",2,42.06,2026-06-24,CONFIRMED
3088,4064,bakerjessica@example.org,778,Truth better them,"Copeland, Jones and Salazar Cinemas",2,20.58,2026-06-22,CANCELLED
3089,3382,christopher70@example.com,875,Them model city,"Taylor, Morales and Fuller Cinemas",5,78.15,2026-07-23,CONFIRMED
3090,1739,roseeric@example.com,1540,Measure bill whatever,"Taylor, Williams and Hall Cinemas",1,10.65,2026-07-23,CONFIRMED
3091,4626,matthewstewart@example.com,940,School address wear value,Black-Mccoy Cinemas,4,73.12,2026-07-23,CANCELLED
3092,359,colemancassandra@example.org,586,Argue,Hebert Group Cinemas,6,147.3,2026-07-23,CONFIRMED
3093,3152,twagner@example.com,599,Reality,"Herring, Wilson and Mendoza Cinemas",2,47.86,2026-06-27,CANCELLED
3094,2546,samantha05@example.net,1036,Success near,"Morales, Miller and Harrell Cinemas",2,46.16,2026-07-02,CONFIRMED
3095,3123,lovemary@example.org,343,Young deep husband,Ramirez Inc Cinemas,4,70.28,2026-07-23,CONFIRMED
3096,3383,emily60@example.net,1538,Oil create,"Taylor, Williams and Hall Cinemas",3,56.22,2026-07-23,CONFIRMED
3097,4437,zjohnson@example.net,479,Make according energy,Warren Inc Cinemas,6,60.24,2026-07-21,CONFIRMED
3098,4187,ibrown@example.net,21,Instead,Wood-Watson Cinemas,3,34.74,2026-07-23,CONFIRMED
3099,4775,derek49@example.org,636,Same behind prove light,"Stevens, Norris and Smith Cinemas",2,32.52,2026-07-23,CONFIRMED
3100,4293,cynthia76@example.com,107,Human work case society,Horne Inc Cinemas,3,57.42,2026-07-23,CONFIRMED
3101,2027,kathryn64@example.com,1927,Thing amount,"Schaefer, Barry and Espinoza Cinemas",6,149.64,2026-07-23,CONFIRMED
3102,4835,wsmith@example.org,509,Month son benefit,Fleming Ltd Cinemas,6,123.24,2026-07-18,CONFIRMED
3103,235,jacob10@example.net,1396,Leg,"Gonzales, Smith and Davis Cinemas",5,66.0,2026-07-23,CONFIRMED
3104,2596,wellsjasmine@example.com,1308,Staff,"Boyd, Ellis and Maynard Cinemas",6,137.28,2026-07-23,CONFIRMED
3105,1824,lamdaniel@example.com,1631,Recent dream raise,Hall Ltd Cinemas,1,14.46,2026-06-13,CONFIRMED
3106,3953,stephanie78@example.org,116,Parent strategy not,Hernandez Inc Cinemas,3,40.23,2026-07-11,CONFIRMED
3107,1261,derrick71@example.net,588,For true we,Wright and Sons Cinemas,2,21.3,2026-07-23,CONFIRMED
3108,776,patricialopez@example.net,141,Offer and,"Hall, Jackson and Johnson Cinemas",1,20.93,2026-07-04,CONFIRMED
3109,2526,wilkinsalexander@example.net,1770,Dream experience chair,Lynch LLC Cinemas,3,28.23,2026-07-23,CANCELLED
3110,2879,brittneywashington@example.com,600,Near girl hospital,"Thomas, Moreno and Smith Cinemas",6,132.84,2026-07-23,CONFIRMED
3111,2557,rcochran@example.com,1483,Personal nearly else,Martinez and Sons Cinemas,6,133.14,2026-06-24,CONFIRMED
3112,4522,robert99@example.net,930,Similar item,"Vang, Wilkinson and Wilson Cinemas",4,85.72,2026-07-02,CONFIRMED
3113,4951,lindabrown@example.net,1268,Prove environmental,Singleton-King Cinemas,3,37.77,2026-07-23,CONFIRMED
3114,1217,adamskathryn@example.com,1644,Indeed,Henry-Joyce Cinemas,2,24.44,2026-07-23,CANCELLED
3115,3220,fredericktimothy@example.com,510,Believe,"Smith, Jackson and Porter Cinemas",2,46.3,2026-07-14,CONFIRMED
3116,2303,wdavis@example.com,1987,Relationship attention plant,"Vaughan, Gibson and Dawson Cinemas",2,32.48,2026-07-19,CONFIRMED
3117,4001,allisonmann@example.org,504,Rich condition,"Brooks, Burns and Davidson Cinemas",3,27.57,2026-07-23,CONFIRMED
3118,2194,smithmatthew@example.org,871,Sign be land,Jones Inc Cinemas,1,19.05,2026-07-23,CONFIRMED
3119,4074,ulogan@example.org,1880,Sort late his,"Whitney, Mayo and Clark Cinemas",6,48.6,2026-07-11,CONFIRMED
3120,2971,xstokes@example.com,618,Room movement,Johnson and Sons Cinemas,3,41.52,2026-06-27,CONFIRMED
3121,3817,robertsbenjamin@example.org,1734,Have pressure service,"Harrington, Johnson and Jones Cinemas",3,49.53,2026-07-11,CONFIRMED
3122,3993,hchurch@example.com,990,Hour this dinner,Davis LLC Cinemas,5,43.65,2026-07-23,CONFIRMED
3123,700,cwilson@example.org,1312,Hair,"Howard, Townsend and Hayes Cinemas",4,75.68,2026-07-23,CONFIRMED
3124,1547,jjacobs@example.net,895,Choose city,Vargas-Snyder Cinemas,3,52.26,2026-07-23,CONFIRMED
3125,4559,robert51@example.org,674,Necessary push,"Elliott, Villarreal and Sosa Cinemas",6,92.16,2026-07-23,CONFIRMED
3126,2449,crystalcole@example.net,203,According event change,Stafford Ltd Cinemas,2,18.84,2026-07-23,CANCELLED
3127,3429,fuentesleonard@example.com,718,News while this,Porter Inc Cinemas,1,17.79,2026-07-23,CANCELLED
3128,2029,bswanson@example.org,500,Source deep explain world,"Lopez, Gutierrez and Castro Cinemas",4,80.8,2026-07-23,CONFIRMED
3129,4500,parkschristopher@example.org,1360,Major speech where idea,Mccoy-Alvarado Cinemas,1,22.83,2026-07-23,CONFIRMED
3130,4392,davisjohn@example.com,78,South moment alone interview,"Gonzales, Smith and Davis Cinemas",2,36.28,2026-07-23,CONFIRMED
3131,2710,oaguilar@example.com,51,Start visit,"Chen, Faulkner and Casey Cinemas",5,121.1,2026-07-23,CONFIRMED
3132,2935,gmcdonald@example.net,318,Fire hand,Prince Inc Cinemas,1,9.01,2026-07-16,CONFIRMED
3133,2294,swalsh@example.com,784,Baby final,"Bell, Peterson and Price Cinemas",1,24.06,2026-07-17,CONFIRMED
3134,973,xcline@example.org,1628,Identify happy push,Flores Ltd Cinemas,4,62.68,2026-07-07,CONFIRMED
3135,1597,blee@example.com,173,Which concern,Johnson and Sons Cinemas,4,86.2,2026-07-23,CONFIRMED
3136,3580,rodriguezallison@example.org,321,Reality guess sister,"Brown, Armstrong and Johnson Cinemas",4,63.88,2026-07-23,CONFIRMED
3137,946,briannamclaughlin@example.net,942,But challenge reveal,Robinson Inc Cinemas,2,29.76,2026-07-14,CANCELLED
3138,503,smithcrystal@example.com,1992,Read difficult,Knight Group Cinemas,5,70.95,2026-07-23,CONFIRMED
3139,4121,richardsonjames@example.org,1198,Cut,James Ltd Cinemas,1,11.11,2026-07-23,CONFIRMED
3140,3252,tcase@example.org,227,People tax amount author,Ortega Group Cinemas,1,14.7,2026-07-23,CONFIRMED
3141,3978,ugoodman@example.net,1244,Push price should,Anderson-Silva Cinemas,3,25.38,2026-07-15,CONFIRMED
3142,1713,travis28@example.net,1260,Might short player,Casey-Romero Cinemas,6,56.34,2026-07-23,CONFIRMED
3143,1026,ulamb@example.com,441,Marriage read,James Ltd Cinemas,5,79.4,2026-07-23,CONFIRMED
3144,4415,ucoleman@example.net,1579,Into after,Nguyen-Jenkins Cinemas,5,63.5,2026-07-23,CONFIRMED
3145,75,seth29@example.org,1565,Site yeah,"Baker, May and Hughes Cinemas",6,121.8,2026-07-23,CONFIRMED
3146,4816,dominguezrebecca@example.org,1088,Its thousand not,"Boyd, Ellis and Maynard Cinemas",5,51.3,2026-07-23,CONFIRMED
3147,2782,michelleknapp@example.net,1339,National notice,Gonzalez-Mccarthy Cinemas,1,16.47,2026-07-23,CONFIRMED
3148,4252,ukhan@example.org,1365,Along particularly sure,Gonzalez LLC Cinemas,3,44.07,2026-07-04,CONFIRMED
3149,175,hurstmichael@example.org,1976,Some them industry,Evans Ltd Cinemas,3,52.53,2026-07-23,CANCELLED
3150,1523,ginamiller@example.org,1149,Himself many,"Chen, Faulkner and Casey Cinemas",6,64.74,2026-07-23,CONFIRMED
3151,3845,vanessasellers@example.com,1933,Receive rate,"Rich, Brown and Bruce Cinemas",1,15.14,2026-07-23,CANCELLED
3152,3824,lday@example.com,1336,Air parent,"Russell, Mercer and Patterson Cinemas",4,37.52,2026-07-23,CONFIRMED
3153,3471,stoutjennifer@example.org,135,Picture couple,White-Richards Cinemas,5,45.75,2026-06-16,CONFIRMED
3154,110,carolhenderson@example.net,733,Music base,"Duarte, Smith and Caldwell Cinemas",5,60.85,2026-07-16,CANCELLED
3155,563,craig18@example.com,1994,Particular,Hall-Barber Cinemas,3,37.95,2026-07-19,CONFIRMED
3156,417,baileynelson@example.com,1743,Choice standard,Martinez LLC Cinemas,3,42.75,2026-06-24,CONFIRMED
3157,2334,jameslong@example.net,1009,Another,Edwards and Sons Cinemas,1,15.5,2026-06-23,CONFIRMED
3158,3962,johnathan76@example.net,1050,Today future recognize,Barron-Brown Cinemas,6,110.04,2026-07-11,CONFIRMED
3159,1791,scott40@example.com,72,Central design affect,Rodriguez-Hernandez Cinemas,3,48.72,2026-07-23,CONFIRMED
3160,3653,jamie35@example.org,1166,Believe dark,"Garza, Williams and Walker Cinemas",3,55.14,2026-07-03,CONFIRMED
3161,3311,csmith@example.com,520,Least nothing best huge,Reid-Miller Cinemas,6,80.58,2026-07-07,CONFIRMED
3162,4232,phamkristi@example.org,1648,Pass go,James Ltd Cinemas,5,81.25,2026-06-19,CONFIRMED
3163,1411,crussell@example.net,1732,Difference research,Soto and Sons Cinemas,1,10.33,2026-07-23,CONFIRMED
3164,4027,michael26@example.com,53,Everyone under up,"Martinez, Rose and Jackson Cinemas",1,18.93,2026-07-18,CONFIRMED
3165,3735,parksandre@example.com,1168,Claim magazine century,Peterson-Mullins Cinemas,3,51.87,2026-07-23,CANCELLED
3166,3081,matthew75@example.com,1660,Really worker drop,"Jacobs, Calhoun and Wyatt Cinemas",2,41.38,2026-07-23,CONFIRMED
3167,1499,michael51@example.com,1883,Argue almost rise,Kennedy PLC Cinemas,3,31.08,2026-07-19,CANCELLED
3168,3070,timothy60@example.net,1924,Do environmental,Jones-Contreras Cinemas,1,21.19,2026-07-23,CONFIRMED
3169,796,anthonywhite@example.com,1764,Car education,"Webb, Thompson and Moore Cinemas",3,37.8,2026-07-23,CANCELLED
3170,1214,pweber@example.com,1785,Determine thought couple,Vega-Thomas Cinemas,5,86.1,2026-06-21,CONFIRMED
3171,948,xcarr@example.com,525,Protect official cause,Oconnell-Smith Cinemas,5,47.1,2026-07-23,CONFIRMED
3172,3353,melissamoore@example.org,1292,Next include manager,"Alexander, Cobb and Garcia Cinemas",5,124.75,2026-07-10,CONFIRMED
3173,1181,evansbrady@example.org,944,Summer begin,"Levy, Franco and Hoffman Cinemas",6,122.46,2026-07-13,CONFIRMED
3174,4312,yramsey@example.org,1230,Play resource by,"Lewis, Jordan and Young Cinemas",6,57.42,2026-06-17,CONFIRMED
3175,2161,grayalicia@example.org,755,Successful professor light,"Merritt, Williams and Boone Cinemas",6,80.52,2026-07-23,CONFIRMED
3176,987,kelleramanda@example.org,454,Course bill debate sort,"Burns, Barker and Horton Cinemas",2,23.26,2026-07-23,CANCELLED
3177,2859,rodriguezkevin@example.org,1163,Picture easy trip,Rodriguez-Hernandez Cinemas,2,33.32,2026-07-23,CANCELLED
3178,4988,woodaaron@example.net,1082,Help require,Hunter Group Cinemas,3,32.01,2026-07-06,CANCELLED
3179,3349,jeremy60@example.com,1489,Letter tough site,Williams-Harmon Cinemas,3,37.2,2026-07-23,CANCELLED
3180,632,clinton09@example.org,1255,Modern talk financial,Ramirez Inc Cinemas,4,73.88,2026-07-23,CANCELLED
3181,4674,diazamy@example.net,759,Continue serve,Wood-Williams Cinemas,5,92.45,2026-07-19,CONFIRMED
3182,2746,lesliephelps@example.com,418,Not pull ability word,Zuniga Group Cinemas,6,50.76,2026-07-23,CANCELLED
3183,2306,zramirez@example.org,784,Baby final,"Bell, Peterson and Price Cinemas",2,48.12,2026-07-11,CONFIRMED
3184,2510,paul74@example.net,499,North billion well,"Baker, Mason and White Cinemas",6,119.94,2026-07-23,CONFIRMED
3185,4506,fbest@example.net,1008,You increase main,Richardson-Jimenez Cinemas,4,98.56,2026-07-02,CONFIRMED
3186,3852,robert73@example.net,921,Market consider,Barnett PLC Cinemas,4,66.28,2026-07-23,CONFIRMED
3187,4826,lparker@example.net,245,Ahead get federal happen,Ruiz-Rivera Cinemas,4,54.4,2026-07-23,CONFIRMED
3188,3162,craig49@example.net,329,Another standard one on,Greene-Shelton Cinemas,4,75.36,2026-06-17,CONFIRMED
3189,3662,qhenderson@example.org,1483,Personal nearly else,Martinez and Sons Cinemas,6,133.14,2026-06-26,CANCELLED
3190,4805,umitchell@example.net,862,Write maintain,Hamilton LLC Cinemas,3,34.41,2026-07-12,CONFIRMED
3191,4401,jwilson@example.net,1747,Picture nearly,Chandler-Lynch Cinemas,1,13.82,2026-07-03,CONFIRMED
3192,1765,suarezstacy@example.com,954,Cultural huge,"Gonzalez, Santos and Gardner Cinemas",2,18.88,2026-07-23,CONFIRMED
3193,408,djensen@example.com,663,Space store visit,White Inc Cinemas,6,138.6,2026-07-23,CONFIRMED
3194,1619,jonathankennedy@example.org,1257,Human into,Gonzalez-Mccarthy Cinemas,5,49.15,2026-06-30,CONFIRMED
3195,2867,paigeyoung@example.org,920,Structure save,"Madden, Figueroa and Stafford Cinemas",5,65.55,2026-07-04,CONFIRMED
3196,270,michael35@example.net,211,Activity record,Newton PLC Cinemas,5,88.45,2026-07-23,CONFIRMED
3197,3029,tanya78@example.net,774,Off home,"Ray, Cunningham and Levine Cinemas",3,56.67,2026-07-23,CONFIRMED
3198,1358,charlesjohnston@example.com,267,Far,James LLC Cinemas,1,13.91,2026-07-14,CONFIRMED
3199,3192,gabriel32@example.com,530,Left life money occur,Mclaughlin Inc Cinemas,1,15.39,2026-06-16,CONFIRMED
3200,4107,ruth54@example.com,712,Former get occur,"Howard, Townsend and Hayes Cinemas",3,28.74,2026-06-20,CANCELLED
3201,1473,virginia57@example.net,1570,Window we,Hernandez Ltd Cinemas,5,120.0,2026-07-23,CANCELLED
3202,1932,gaineserika@example.org,1105,Care student economic,Chase-Washington Cinemas,6,138.18,2026-07-21,CANCELLED
3203,2347,nheath@example.org,1300,Challenge easy,Brown LLC Cinemas,3,40.65,2026-07-23,CONFIRMED
3204,1818,salinasgrace@example.net,1539,Forward while,Ibarra-Jackson Cinemas,2,48.6,2026-07-20,CONFIRMED
3205,4304,edward32@example.com,1807,Worker determine,Edwards Inc Cinemas,3,39.75,2026-07-23,CONFIRMED
3206,1213,blairbrandy@example.com,1772,Choice decide church,Figueroa-Ward Cinemas,3,73.23,2026-07-23,CONFIRMED
3207,1877,russelltammy@example.net,1580,Energy professor,Gibbs Group Cinemas,2,22.76,2026-07-08,CONFIRMED
3208,976,christopher32@example.net,301,Fast public decade smile,Henderson-Parks Cinemas,6,94.26,2026-07-11,CANCELLED
3209,2776,lawsonjames@example.com,268,Stage similar power,Shaw-Barnes Cinemas,4,46.4,2026-07-23,CONFIRMED
3210,1473,virginia57@example.net,1983,Goal other,Dunn-Pennington Cinemas,6,71.88,2026-07-11,CANCELLED
3211,1252,cmoon@example.net,903,Experience under prepare,Pratt LLC Cinemas,3,25.29,2026-06-24,CONFIRMED
3212,716,fowlermichael@example.org,1710,Employee,Ortega Group Cinemas,3,39.24,2026-07-23,CONFIRMED
3213,1487,lgonzalez@example.net,1085,Group hotel sense,"Fisher, Payne and Thompson Cinemas",2,23.28,2026-07-23,CONFIRMED
3214,1464,alexandrawest@example.com,1739,Pick,"Larsen, Hernandez and Ward Cinemas",5,43.65,2026-07-23,CONFIRMED
3215,573,rwhite@example.org,108,Policy seek,Pham Ltd Cinemas,6,111.3,2026-06-23,CONFIRMED
3216,12,samantharoberts@example.org,1761,Support worry seem,Moran PLC Cinemas,4,65.36,2026-06-25,CONFIRMED
3217,1713,travis28@example.net,1899,Allow tree miss,Welch-Hogan Cinemas,1,15.94,2026-07-23,CONFIRMED
3218,2898,ybridges@example.com,312,Writer probably,Simon and Sons Cinemas,3,36.66,2026-07-23,CONFIRMED
3219,87,amydavid@example.org,478,Speech,Vargas-Jensen Cinemas,1,16.34,2026-07-19,CONFIRMED
3220,1391,chapmanrobert@example.com,1824,Business relate class,"Larson, Daniels and James Cinemas",4,36.96,2026-07-08,CONFIRMED
3221,1004,xlivingston@example.org,1283,History admit yard example,"Kennedy, Mueller and Aguirre Cinemas",4,47.92,2026-07-23,CANCELLED
3222,96,forbessean@example.org,1745,Argue partner,Robinson Group Cinemas,4,37.36,2026-06-20,CONFIRMED
3223,3097,rachel62@example.com,844,Play suffer,"Miller, Friedman and Weaver Cinemas",4,45.28,2026-07-08,CONFIRMED
3224,1047,hannah26@example.org,1954,Service,"Hammond, Douglas and Johnson Cinemas",3,32.79,2026-06-21,CONFIRMED
3225,801,carterjames@example.org,476,Shake hospital officer fact,Christian-Booth Cinemas,3,32.4,2026-07-20,CONFIRMED
3226,4699,kellyleah@example.org,583,However decade,"Coleman, Vega and Richmond Cinemas",4,33.4,2026-07-23,CONFIRMED
3227,889,psmith@example.com,1436,Wear participant president,Robinson-Goodwin Cinemas,2,46.6,2026-06-21,CONFIRMED
3228,4824,tayloryvonne@example.com,161,Race choose toward,"Schultz, Miller and Wolf Cinemas",2,33.34,2026-07-23,CONFIRMED
3229,3345,henrybailey@example.net,573,Understand education,"Taylor, Morales and Fuller Cinemas",4,81.76,2026-06-11,CONFIRMED
3230,1185,ashleyturner@example.org,1581,Next coach front expect,Wood-Williams Cinemas,2,38.0,2026-07-23,CONFIRMED
3231,2323,zimmermanjustin@example.com,356,Nor rule,"Cain, Contreras and Jackson Cinemas",2,35.44,2026-06-25,CONFIRMED
3232,672,tina48@example.com,328,Improve stand why,"Wagner, Anderson and Robles Cinemas",4,61.36,2026-07-23,CONFIRMED
3233,4053,zimmermanashley@example.com,851,Hope friend,"Sanders, Leblanc and Maldonado Cinemas",3,35.13,2026-07-23,CANCELLED
3234,4028,emma83@example.net,211,Activity record,Newton PLC Cinemas,1,17.69,2026-07-23,CONFIRMED
3235,1739,roseeric@example.com,757,Table although whole,"James, Atkins and Alexander Cinemas",4,60.8,2026-07-23,CONFIRMED
3236,1078,peter58@example.com,1449,Box thing,Martinez and Sons Cinemas,3,30.48,2026-07-23,CANCELLED
3237,993,greenechristina@example.net,26,Miss free,"Figueroa, Mcpherson and Howard Cinemas",2,27.52,2026-07-23,CONFIRMED
3238,3785,jessica54@example.org,122,Impact compare after,Ryan-West Cinemas,1,16.84,2026-07-03,CONFIRMED
3239,2048,castilloerin@example.org,693,Whose usually adult,"Richardson, Stephens and Barnes Cinemas",1,10.25,2026-07-08,CONFIRMED
3240,3094,frazierwendy@example.com,1168,Claim magazine century,Peterson-Mullins Cinemas,4,69.16,2026-07-23,CONFIRMED
3241,3715,bbrown@example.org,101,Unit law,Morgan-Ortega Cinemas,4,82.4,2026-06-29,CONFIRMED
3242,1379,mitchelldanielle@example.org,875,Them model city,"Taylor, Morales and Fuller Cinemas",3,46.89,2026-07-23,CONFIRMED
3243,331,stacyjohnson@example.net,351,Vote decade,Marshall Group Cinemas,6,103.2,2026-06-29,CONFIRMED
3244,4932,greenrita@example.org,1961,Direction material,"Jordan, Swanson and Franklin Cinemas",2,40.0,2026-07-23,CONFIRMED
3245,1556,jonesstephen@example.org,509,Month son benefit,Fleming Ltd Cinemas,5,102.7,2026-07-19,CANCELLED
3246,2510,paul74@example.net,1470,Help analysis view,Orr-Miranda Cinemas,6,120.48,2026-07-17,CONFIRMED
3247,3747,ashleypoole@example.net,1687,Million travel,"Evans, David and Hendrix Cinemas",3,32.19,2026-07-04,CONFIRMED
3248,4976,melinda77@example.org,1936,Blood method practice,"Diaz, Hill and Becker Cinemas",3,57.69,2026-07-08,CANCELLED
3249,1941,douglashart@example.net,890,Run all support,"Henderson, Alexander and Galvan Cinemas",6,142.86,2026-07-23,CONFIRMED
3250,407,thomasjohnson@example.net,368,Many remain,"Velez, Howell and Stevenson Cinemas",2,37.64,2026-07-23,CANCELLED
3251,1817,nicholasfuentes@example.com,1846,Attention avoid beyond,Jackson-Mcclure Cinemas,6,67.56,2026-07-23,CONFIRMED
3252,4429,mallory55@example.com,1896,Civil bar college,Barrera Group Cinemas,5,95.8,2026-07-09,CONFIRMED
3253,2534,uwu@example.net,642,They school hit,"Flowers, Berry and Ramirez Cinemas",1,13.22,2026-06-22,CONFIRMED
3254,1456,taylormatthew@example.com,1261,College economy,Atkinson-Nelson Cinemas,2,38.06,2026-07-11,CONFIRMED
3255,864,harrismichelle@example.org,746,Have grow rate,Price-Schmitt Cinemas,2,32.18,2026-07-19,CONFIRMED
3256,4367,curtis26@example.com,1924,Do environmental,Jones-Contreras Cinemas,6,127.14,2026-07-23,CONFIRMED
3257,888,waterskyle@example.org,1542,Hold section painting,Evans-Chapman Cinemas,5,102.75,2026-07-02,CONFIRMED
3258,1589,hshepherd@example.net,1000,Media hospital,Mclaughlin Inc Cinemas,1,16.2,2026-07-23,CONFIRMED
3259,4114,wileycynthia@example.org,1498,Serious,Miller-Young Cinemas,2,23.82,2026-07-23,CONFIRMED
3260,3849,vazquezdavid@example.net,808,Least senior,"Gibson, Zimmerman and Warren Cinemas",3,51.96,2026-07-23,CONFIRMED
3261,1060,glee@example.net,130,Idea able,Smith-James Cinemas,2,49.06,2026-06-24,CONFIRMED
3262,4462,leahanderson@example.com,1718,Toward woman sometimes,"Lopez, Gomez and Garcia Cinemas",3,52.56,2026-07-21,CANCELLED
3263,3995,terrymichael@example.com,566,Blue soon boy,Price-Lee Cinemas,6,83.52,2026-06-19,CONFIRMED
3264,301,aaronthompson@example.org,774,Off home,"Ray, Cunningham and Levine Cinemas",3,56.67,2026-07-23,CONFIRMED
3265,555,nathan39@example.com,1014,Music reason sense list,"Martinez, Roman and Murphy Cinemas",2,40.06,2026-06-21,CONFIRMED
3266,3707,alan04@example.com,1999,Class if,Reyes Inc Cinemas,3,41.91,2026-07-08,CONFIRMED
3267,4130,lisaclark@example.org,544,Us consider baby,Davis-Montgomery Cinemas,6,50.76,2026-07-14,CANCELLED
3268,468,nicholasflores@example.com,1566,Herself father about,Daniels-Phillips Cinemas,5,65.85,2026-07-02,CONFIRMED
3269,2463,kristin46@example.com,835,Social which,"Payne, Escobar and Barrett Cinemas",4,52.56,2026-07-23,CANCELLED
3270,1557,brookskenneth@example.org,1191,Law stay fall,Lutz and Sons Cinemas,6,83.46,2026-06-22,CONFIRMED
3271,4180,qkelly@example.net,1246,Apply reduce,Diaz-Jimenez Cinemas,3,54.33,2026-06-21,CANCELLED
3272,4894,cnorris@example.org,757,Table although whole,"James, Atkins and Alexander Cinemas",3,45.6,2026-07-23,CONFIRMED
3273,4671,stevenking@example.org,1369,Tax write,Castillo Group Cinemas,6,85.74,2026-06-24,CONFIRMED
3274,1223,ericharris@example.net,764,Industry before,"Mckee, Gardner and Davenport Cinemas",6,117.12,2026-07-23,CONFIRMED
3275,4360,collinsmartha@example.com,664,Poor cause,Sanchez-Douglas Cinemas,6,51.6,2026-07-23,CONFIRMED
3276,393,ppatel@example.com,1799,Generation catch environmental,"Ray, Cunningham and Levine Cinemas",1,11.7,2026-06-16,CANCELLED
3277,865,justin16@example.com,1285,Laugh not since,"Nguyen, Marsh and Beck Cinemas",2,17.68,2026-07-05,CONFIRMED
3278,3841,dennisdarrell@example.org,1889,Situation defense woman message,"Underwood, Bartlett and Russell Cinemas",6,62.52,2026-07-17,CONFIRMED
3279,650,drobinson@example.org,1788,Never program,White-Morales Cinemas,2,43.8,2026-06-18,CONFIRMED
3280,3750,wwatson@example.net,651,Coach buy owner,"Perry, May and Liu Cinemas",5,90.2,2026-06-18,CONFIRMED
3281,2661,lopezmichelle@example.net,1550,Skin office oil,Smith Group Cinemas,6,138.96,2026-07-23,CONFIRMED
3282,3511,john52@example.net,913,Describe walk official,Lynch LLC Cinemas,6,67.38,2026-07-05,CANCELLED
3283,2536,xhughes@example.net,773,Toward others,"Henry, Edwards and Bartlett Cinemas",1,13.67,2026-07-23,CONFIRMED
3284,4568,erin55@example.net,1669,Decade alone,Horne Inc Cinemas,2,47.28,2026-06-19,CONFIRMED
3285,2092,gutierrezolivia@example.com,1504,Program difficult represent,"Williams, Mccoy and Cook Cinemas",6,141.12,2026-07-08,CONFIRMED
3286,3637,christine45@example.net,660,Someone find read,Delgado and Sons Cinemas,2,20.3,2026-06-27,CONFIRMED
3287,3460,jacquelinesullivan@example.net,1761,Support worry seem,Moran PLC Cinemas,5,81.7,2026-07-05,CONFIRMED
3288,360,hammondjeff@example.com,709,Manager,Rowe and Sons Cinemas,1,16.49,2026-07-14,CONFIRMED
3289,3324,barrykevin@example.com,432,Billion prevent,Smith-Carrillo Cinemas,5,120.75,2026-07-23,CONFIRMED
3290,2924,oclayton@example.com,1116,Deep better,"Moore, Alexander and Reed Cinemas",2,46.84,2026-07-23,CONFIRMED
3291,3773,claytara@example.net,387,Eight suggest almost,Hale-Durham Cinemas,6,127.32,2026-07-03,CONFIRMED
3292,2822,wbrooks@example.net,1337,Pay across stage,"Wallace, Perkins and Johnson Cinemas",4,82.4,2026-07-23,CONFIRMED
3293,4561,daniellemoore@example.org,1520,Through unit,Griffin Ltd Cinemas,5,74.5,2026-07-23,CONFIRMED
3294,4951,lindabrown@example.net,1293,Drop,Moran PLC Cinemas,3,35.85,2026-07-23,CONFIRMED
3295,2291,kelly68@example.net,1565,Site yeah,"Baker, May and Hughes Cinemas",5,101.5,2026-07-23,CONFIRMED
3296,2685,megan48@example.com,1480,Fact watch safe father,"James, Atkins and Alexander Cinemas",1,16.8,2026-07-23,CONFIRMED
3297,4429,mallory55@example.com,1198,Cut,James Ltd Cinemas,2,22.22,2026-07-23,CONFIRMED
3298,3825,brandon83@example.com,949,Daughter serious international,"Kennedy, Mueller and Aguirre Cinemas",4,84.64,2026-07-23,CONFIRMED
3299,400,hunter12@example.org,751,Item issue change,Trevino Group Cinemas,2,37.32,2026-07-23,CONFIRMED
3300,4940,ashleygentry@example.com,1027,Significant impact,Haynes-Moss Cinemas,3,62.1,2026-07-23,CANCELLED
3301,1091,brandondean@example.com,433,Minute region argue,"White, Burch and Reynolds Cinemas",4,90.52,2026-07-06,CONFIRMED
3302,93,jmoses@example.org,1894,Area base,"Cruz, Fowler and Haynes Cinemas",3,41.37,2026-07-04,CONFIRMED
3303,700,cwilson@example.org,1118,Identify all agreement stop,Moore Group Cinemas,6,91.74,2026-07-20,CONFIRMED
3304,2780,codyford@example.net,198,Open scientist,Hill-Evans Cinemas,5,70.75,2026-07-16,CANCELLED
3305,2545,marksaunders@example.org,1342,Write oil on,Scott-Miller Cinemas,5,40.0,2026-07-06,CONFIRMED
3306,2549,jessicamcguire@example.com,1424,Natural here short,Jones-Taylor Cinemas,5,122.05,2026-06-19,CONFIRMED
3307,2103,virginia82@example.net,1426,Practice organization which ready,"Warner, Baker and Campbell Cinemas",2,26.5,2026-07-23,CONFIRMED
3308,4944,courtney22@example.net,1634,Walk deal,Guzman-Montoya Cinemas,3,30.48,2026-07-23,CONFIRMED
3309,3971,xhumphrey@example.org,661,Open provide,Garrett-Stout Cinemas,6,131.28,2026-07-23,CONFIRMED
3310,3097,rachel62@example.com,589,Service exist Congress,Hill-Evans Cinemas,5,95.6,2026-07-23,CANCELLED
3311,1403,vbryant@example.org,1386,Purpose according we,Richardson Ltd Cinemas,4,56.2,2026-07-23,CONFIRMED
3312,4997,guzmancarl@example.com,1161,Lead hand stock night,Holloway and Sons Cinemas,2,30.42,2026-06-20,CONFIRMED
3313,4521,allenamy@example.net,1630,Where itself exactly,Lee PLC Cinemas,3,51.09,2026-07-06,CONFIRMED
3314,3920,jennifer12@example.org,1025,Trouble fight fast option,"Velez, Howell and Stevenson Cinemas",2,37.26,2026-07-10,CANCELLED
3315,326,fergusontrevor@example.net,1359,Space type eye,Chang Ltd Cinemas,6,115.38,2026-07-23,CONFIRMED
3316,2584,tpeters@example.com,1161,Lead hand stock night,Holloway and Sons Cinemas,4,60.84,2026-06-21,CONFIRMED
3317,4394,gmontgomery@example.org,1217,Clearly ask her,"Short, Brooks and Lang Cinemas",4,91.28,2026-07-06,CONFIRMED
3318,2708,carterchristopher@example.org,1769,Maybe people something,Payne PLC Cinemas,5,75.15,2026-06-27,CONFIRMED
3319,1066,lisa04@example.net,9,Very guess water spring,Hall Ltd Cinemas,5,51.1,2026-07-23,CONFIRMED
3320,2571,wvelazquez@example.net,1395,Section half,"Cruz, Fowler and Haynes Cinemas",4,97.0,2026-06-23,CANCELLED
3321,1090,lori01@example.com,1198,Cut,James Ltd Cinemas,4,44.44,2026-07-23,CONFIRMED
3322,4946,jonesanna@example.net,1359,Space type eye,Chang Ltd Cinemas,5,96.15,2026-07-23,CONFIRMED
3323,1178,wsanchez@example.org,1367,Career break,"Braun, Mays and Martinez Cinemas",3,29.97,2026-07-05,CONFIRMED
3324,1524,ericwheeler@example.org,1410,Administration fish,Jones Inc Cinemas,5,99.45,2026-07-23,CONFIRMED
3325,4269,sheilayoung@example.org,1741,Find development,"Russell, Meyer and Smith Cinemas",1,22.15,2026-07-05,CANCELLED
3326,3783,benjamin44@example.org,1692,Forward become,Roberts-Mccarty Cinemas,3,32.52,2026-07-04,CONFIRMED
3327,2217,richardsonbenjamin@example.com,1772,Choice decide church,Figueroa-Ward Cinemas,2,48.82,2026-07-23,CONFIRMED
3328,2618,hsmith@example.net,1506,Manage age foreign,Herman-Martin Cinemas,1,24.88,2026-06-20,CONFIRMED
3329,1913,barbara37@example.net,1986,Involve media right,"Case, Adams and Olson Cinemas",3,68.73,2026-07-14,CONFIRMED
3330,1956,hilledwin@example.net,903,Experience under prepare,Pratt LLC Cinemas,6,50.58,2026-06-23,CANCELLED
3331,3296,jlopez@example.net,1707,Piece individual foot manage,"Baker, Williams and Jones Cinemas",5,112.35,2026-07-03,CONFIRMED
3332,2528,gabriellelittle@example.com,1380,Meet both at,"Robinson, Jones and Welch Cinemas",6,77.52,2026-06-23,CONFIRMED
3333,4239,fstewart@example.org,619,Rock her,Reyes Inc Cinemas,2,45.58,2026-07-23,CONFIRMED
3334,3587,nealpatricia@example.com,1929,There magazine politics,Myers and Sons Cinemas,1,9.57,2026-07-23,CONFIRMED
3335,1182,aaron25@example.com,801,Where physical,"Andrade, Gordon and Cruz Cinemas",3,40.44,2026-06-24,CONFIRMED
3336,4567,sonyareese@example.org,10,Include available,Gallagher-Diaz Cinemas,2,42.4,2026-06-21,CONFIRMED
3337,796,anthonywhite@example.com,294,Positive describe,Fitzgerald-Scott Cinemas,4,77.72,2026-07-03,CONFIRMED
3338,4550,joan67@example.net,1484,Benefit so,Shah PLC Cinemas,4,97.2,2026-07-23,CONFIRMED
3339,1344,njames@example.org,64,Morning trial security,"Morales, Miller and Harrell Cinemas",6,142.86,2026-07-03,CONFIRMED
3340,4546,acampbell@example.org,1662,Sell apply,Green-Walters Cinemas,5,102.05,2026-06-13,CONFIRMED
3341,1566,millershannon@example.org,807,Western address,Padilla-Bennett Cinemas,1,20.06,2026-06-29,CONFIRMED
3342,2751,doyletravis@example.org,1957,Care debate would,Warren Ltd Cinemas,2,28.3,2026-07-23,CONFIRMED
3343,1172,christina80@example.org,1635,Pressure half debate,"French, Phelps and Berry Cinemas",2,29.58,2026-06-26,CONFIRMED
3344,4304,edward32@example.com,1354,Far bank sea,Mullins-Johnston Cinemas,3,57.54,2026-07-23,CANCELLED
3345,4975,xhayes@example.net,339,Couple news,Williams-Mckenzie Cinemas,1,8.52,2026-07-04,CONFIRMED
3346,3849,vazquezdavid@example.net,1254,Try think,Smith-Jones Cinemas,2,48.86,2026-07-22,CONFIRMED
3347,3146,walkertommy@example.org,1284,Wrong social force,Weaver-Thompson Cinemas,6,138.54,2026-07-23,CONFIRMED
3348,497,amanda14@example.net,1306,Man any bill,Schneider LLC Cinemas,1,9.27,2026-07-23,CONFIRMED
3349,4356,fsimpson@example.org,687,Born option program friend,Moreno Ltd Cinemas,4,97.04,2026-07-03,CONFIRMED
3350,3676,kathy37@example.net,1954,Service,"Hammond, Douglas and Johnson Cinemas",6,65.58,2026-06-20,CONFIRMED
3351,1809,ann26@example.org,1742,Cold term,Martinez-Lopez Cinemas,6,85.62,2026-07-23,CONFIRMED
3352,1499,michael51@example.com,284,Lead,Garcia LLC Cinemas,5,68.25,2026-06-23,CONFIRMED
3353,3974,samantha46@example.net,1631,Recent dream raise,Hall Ltd Cinemas,2,28.92,2026-06-13,CONFIRMED
3354,2773,avega@example.net,1154,Unit matter,Barron-Brown Cinemas,5,49.8,2026-06-25,CONFIRMED
3355,4883,xramos@example.com,1137,Total,Kim-Romero Cinemas,3,24.99,2026-06-16,CONFIRMED
3356,831,gking@example.org,502,Ground general today,"Miranda, Reese and Johnson Cinemas",2,19.16,2026-07-23,CONFIRMED
3357,4267,kimberly75@example.net,875,Them model city,"Taylor, Morales and Fuller Cinemas",4,62.52,2026-07-23,CONFIRMED
3358,4253,christopher05@example.org,1517,Cultural mind,"Miranda, Wheeler and Avila Cinemas",4,75.76,2026-07-23,CANCELLED
3359,2070,alyssaturner@example.com,1203,To dark college try,Li-Hernandez Cinemas,1,9.54,2026-06-28,CONFIRMED
3360,1629,stephen61@example.com,1542,Hold section painting,Evans-Chapman Cinemas,6,123.3,2026-06-27,CONFIRMED
3361,870,kennedymichele@example.org,1909,Writer degree book,Clark Ltd Cinemas,6,118.86,2026-07-23,CONFIRMED
3362,230,adam17@example.net,81,Personal word,"Strickland, Mccormick and Santos Cinemas",5,116.1,2026-07-20,CONFIRMED
3363,3123,lovemary@example.org,1805,Identify effort,"Taylor, Williams and Hall Cinemas",1,18.08,2026-06-25,CONFIRMED
3364,4785,griffithmatthew@example.com,510,Believe,"Smith, Jackson and Porter Cinemas",3,69.45,2026-07-11,CONFIRMED
3365,1523,ginamiller@example.org,1818,Receive material each beat,Spears Ltd Cinemas,5,91.35,2026-07-06,CONFIRMED
3366,2510,paul74@example.net,487,Speech need,Harper-Johnson Cinemas,5,100.75,2026-07-23,CONFIRMED
3367,2759,crodriguez@example.org,393,Watch,Barr PLC Cinemas,2,47.0,2026-07-23,CONFIRMED
3368,2061,ssmith@example.net,1854,Market break different,"Marshall, Murray and Miller Cinemas",6,125.88,2026-07-23,CONFIRMED
3369,3465,kevin40@example.net,1495,Note,"Meyers, Farrell and Miller Cinemas",5,44.5,2026-06-23,CONFIRMED
3370,1755,bradleyapril@example.com,1586,Others brother visit employee,"Morales, Miller and Harrell Cinemas",4,78.12,2026-06-28,CONFIRMED
3371,601,smithsusan@example.net,1271,Allow tree miss,"Russell, Meyer and Smith Cinemas",3,62.01,2026-06-10,CONFIRMED
3372,4856,ggibson@example.org,1301,Hear chance,"Perry, May and Liu Cinemas",1,23.0,2026-06-18,CONFIRMED
3373,4614,tinafrye@example.net,851,Hope friend,"Sanders, Leblanc and Maldonado Cinemas",4,46.84,2026-07-23,CONFIRMED
3374,1857,meganfowler@example.com,447,Weight,Gonzalez-Taylor Cinemas,5,69.15,2026-07-13,CONFIRMED
3375,929,yesenia70@example.org,1525,Involve tax name,Patterson-Lawrence Cinemas,5,92.95,2026-07-23,CONFIRMED
3376,1473,virginia57@example.net,1156,Sound itself,Bell PLC Cinemas,4,45.16,2026-07-09,CONFIRMED
3377,3121,lshepard@example.org,1249,Coach news,"Kennedy, Cohen and Pennington Cinemas",3,51.42,2026-07-23,CONFIRMED
3378,3705,aaron37@example.com,138,Moment professional cup,Todd Group Cinemas,6,79.26,2026-06-25,CONFIRMED
3379,62,beasleykimberly@example.org,1087,Line defense,"Smith, Yang and Ford Cinemas",5,76.55,2026-06-28,CONFIRMED
3380,163,ksparks@example.net,1966,Conference,"Marshall, Murray and Miller Cinemas",1,8.1,2026-07-23,CONFIRMED
3381,3993,hchurch@example.com,1892,Future,"Patterson, Camacho and White Cinemas",4,43.92,2026-07-23,CONFIRMED
3382,4299,christophermills@example.org,1315,Learn,"Weiss, Cole and Preston Cinemas",5,44.2,2026-06-24,CONFIRMED
3383,665,zfernandez@example.net,1452,Clear far,"Gonzales, Short and Weaver Cinemas",4,63.36,2026-07-04,CONFIRMED
3384,2038,andrew47@example.com,1690,Fund weight,"Compton, Owens and Decker Cinemas",3,25.17,2026-07-23,CONFIRMED
3385,2415,stephen64@example.com,1646,Art food,Morris-Merritt Cinemas,1,18.55,2026-07-23,CONFIRMED
3386,4656,amywright@example.org,1480,Fact watch safe father,"James, Atkins and Alexander Cinemas",4,67.2,2026-07-23,CONFIRMED
3387,890,rogersbenjamin@example.net,729,Main,Buchanan LLC Cinemas,4,50.56,2026-07-23,CONFIRMED
3388,3328,jacqueline60@example.net,1384,Firm court majority,Willis LLC Cinemas,1,18.93,2026-06-16,CANCELLED
3389,866,pricejoshua@example.com,563,Analysis serious,"Ramirez, Horne and Johnson Cinemas",6,90.36,2026-07-23,CONFIRMED
3390,2324,laurenrios@example.org,158,Keep manager,Jackson Ltd Cinemas,2,38.88,2026-07-13,CONFIRMED
3391,1797,changsamuel@example.org,1583,Him million view,Martinez and Sons Cinemas,1,17.99,2026-07-23,CONFIRMED
3392,4720,johnwallace@example.net,1178,Conference wait military,Smith LLC Cinemas,1,16.07,2026-07-23,CONFIRMED
3393,862,alex95@example.org,547,Such nation risk,Weiss Group Cinemas,4,32.92,2026-06-28,CANCELLED
3394,4603,owatkins@example.net,824,Couple,Morrison-Simmons Cinemas,1,11.12,2026-06-24,CONFIRMED
3395,3853,michaelwood@example.com,1012,Nothing every edge,Martinez-Dunlap Cinemas,6,81.48,2026-07-09,CONFIRMED
3396,1027,brooksharold@example.com,1461,Music oil among population,Lynch LLC Cinemas,1,17.92,2026-07-07,CONFIRMED
3397,4056,jonathan85@example.com,1806,Fine,"Freeman, Cox and Mitchell Cinemas",2,36.06,2026-06-24,CONFIRMED
3398,4663,sotomaria@example.net,52,House chance practice,Moran PLC Cinemas,1,16.47,2026-07-23,CONFIRMED
3399,585,madison75@example.net,103,Her cover,"Santos, Moody and Taylor Cinemas",4,63.04,2026-06-22,CONFIRMED
3400,1499,michael51@example.com,236,Worker eight,Blevins-Ballard Cinemas,5,85.2,2026-07-23,CANCELLED
3401,4029,ffarmer@example.net,401,Tonight provide newspaper,"Harper, Thomas and Turner Cinemas",2,33.2,2026-07-02,CONFIRMED
3402,278,snydertricia@example.com,1066,In each yeah,Bridges Ltd Cinemas,2,30.98,2026-07-23,CONFIRMED
3403,4499,natashaburke@example.net,1882,Off move knowledge,Clark Inc Cinemas,4,83.72,2026-07-21,CONFIRMED
3404,144,craigriley@example.com,526,At admit,Reed Group Cinemas,3,45.39,2026-07-23,CONFIRMED
3405,2505,karengould@example.net,1047,Process garden figure,"Smith, Jackson and Porter Cinemas",6,107.52,2026-06-19,CONFIRMED
3406,607,hannahhicks@example.net,896,Go exactly seem,Johnson-Nelson Cinemas,5,82.0,2026-06-28,CONFIRMED
3407,4717,angel66@example.com,1999,Class if,Reyes Inc Cinemas,2,27.94,2026-06-25,CONFIRMED
3408,306,tiffanyhill@example.net,54,Choose son,Herman-Martin Cinemas,4,35.72,2026-07-04,CONFIRMED
3409,376,samantharomero@example.net,1914,Eat alone,"Lopez, Gomez and Garcia Cinemas",4,34.0,2026-07-23,CONFIRMED
3410,1771,kerry49@example.org,1360,Major speech where idea,Mccoy-Alvarado Cinemas,2,45.66,2026-07-23,CONFIRMED
3411,980,pcaldwell@example.net,1988,Factor current political member,"Patterson, Camacho and White Cinemas",6,101.94,2026-07-23,CONFIRMED
3412,102,hlester@example.org,594,Arm interest,"Jones, Sanchez and Thomas Cinemas",4,89.96,2026-07-23,CONFIRMED
3413,293,boydrenee@example.net,53,Everyone under up,"Martinez, Rose and Jackson Cinemas",6,113.58,2026-07-09,CANCELLED
3414,1011,derek94@example.com,812,Fish interview,Gallegos-Turner Cinemas,1,8.42,2026-07-12,CONFIRMED
3415,3006,hawkinsjeffrey@example.net,934,Break open,Acosta and Sons Cinemas,1,14.83,2026-07-23,CONFIRMED
3416,4373,sullivanalfred@example.net,1415,Act indicate conference,"Arnold, Vargas and Ramirez Cinemas",5,80.3,2026-07-23,CONFIRMED
3417,4775,derek49@example.org,1312,Hair,"Howard, Townsend and Hayes Cinemas",3,56.76,2026-07-23,CONFIRMED
3418,65,reynoldsmichelle@example.org,1409,Where,"Nichols, Glover and Knox Cinemas",6,126.66,2026-07-09,CONFIRMED
3419,1842,laura80@example.org,1080,Record subject month,Martinez-Allen Cinemas,6,63.0,2026-06-18,CONFIRMED
3420,5000,wuvalerie@example.com,1212,Face nor market,Clark-Floyd Cinemas,1,15.91,2026-07-07,CONFIRMED
3421,1480,melissacollier@example.org,1700,Song to foreign,Buchanan LLC Cinemas,5,64.55,2026-07-23,CONFIRMED
3422,465,gregory51@example.com,1248,What no,Hill and Sons Cinemas,1,10.2,2026-07-23,CONFIRMED
3423,739,harrissamuel@example.org,1838,Mrs threat,"Skinner, Howe and Davis Cinemas",3,47.49,2026-07-23,CONFIRMED
3424,4152,chadforbes@example.net,1060,Choose picture age thus,Johnson Ltd Cinemas,1,16.23,2026-07-15,CONFIRMED
3425,2431,qmolina@example.org,1740,Ground full audience,Dickson-Park Cinemas,1,14.07,2026-07-23,CONFIRMED
3426,3346,jimmypugh@example.org,1423,Or fall forward institution,"Dorsey, Reyes and Dunn Cinemas",5,56.7,2026-07-20,CONFIRMED
3427,1031,vgraham@example.com,315,Car police,Bush-Ayala Cinemas,5,120.05,2026-06-15,CONFIRMED
3428,1550,wallen@example.com,241,Election option almost,"Sanchez, Terry and Turner Cinemas",1,18.49,2026-07-23,CONFIRMED
3429,385,edwardsjoshua@example.com,105,Key thus,"Bautista, Allen and Harrell Cinemas",2,29.2,2026-07-23,CONFIRMED
3430,3065,coxmaria@example.com,1861,Summer out,"Marquez, Martinez and Bailey Cinemas",6,135.42,2026-07-05,CONFIRMED
3431,3318,vargaspamela@example.net,1376,Budget interview,"Bauer, Frazier and Sellers Cinemas",1,20.1,2026-06-28,CONFIRMED
3432,4390,lopezjulia@example.com,97,Building truth success cause,Robertson-Hays Cinemas,2,23.88,2026-07-23,CONFIRMED
3433,4525,tracielong@example.com,1765,Across from phone,Trevino Group Cinemas,5,61.55,2026-07-23,CONFIRMED
3434,2609,ydavis@example.com,1744,Bring place,Andrews-Green Cinemas,2,17.26,2026-07-23,CONFIRMED
3435,2174,mking@example.com,870,Pattern civil,"Henson, Jones and Sanders Cinemas",2,46.52,2026-07-23,CONFIRMED
3436,4675,sarah78@example.org,1789,Financial,Wood-Watson Cinemas,1,20.17,2026-06-29,CONFIRMED
3437,1424,lisajohnson@example.org,302,Institution study along,Brown LLC Cinemas,3,45.42,2026-07-23,CONFIRMED
3438,4103,reidstacey@example.net,799,Set all rule,Hudson-Sparks Cinemas,3,25.08,2026-07-23,CONFIRMED
3439,1589,hshepherd@example.net,840,Very simply,Johnson-Powers Cinemas,5,103.6,2026-07-23,CANCELLED
3440,2088,vmendoza@example.com,1775,Source south ask,Shields LLC Cinemas,1,16.23,2026-06-28,CONFIRMED
3441,470,theresaphillips@example.com,711,Smile recognize section,Thomas Group Cinemas,3,57.99,2026-07-23,CONFIRMED
3442,4768,frankjackson@example.org,102,Similar choice draw,Costa-Johnston Cinemas,6,86.34,2026-06-29,CONFIRMED
3443,3477,donnajohnson@example.com,1499,Relate affect,Carter-Johnson Cinemas,1,11.81,2026-07-08,CONFIRMED
3444,4934,markrhodes@example.org,314,System pressure,Andrews-Aguirre Cinemas,2,28.38,2026-07-23,CONFIRMED
3445,71,maryking@example.com,116,Parent strategy not,Hernandez Inc Cinemas,4,53.64,2026-07-23,CANCELLED
3446,2792,mollyharrison@example.net,647,With time up,Smith-Gomez Cinemas,3,56.58,2026-07-18,CONFIRMED
3447,2642,brooke09@example.com,1024,Value process,Orr-Miranda Cinemas,3,69.33,2026-07-23,CONFIRMED
3448,522,ngallagher@example.com,1804,Blood information,Williams-Mckenzie Cinemas,6,74.4,2026-07-23,CONFIRMED
3449,1021,zsmith@example.com,5,Learn get,"Hendricks, Zuniga and Miller Cinemas",2,17.52,2026-06-26,CONFIRMED
3450,2387,vpatterson@example.com,853,Help eat same,"Hunter, Ford and Spencer Cinemas",5,117.1,2026-07-23,CONFIRMED
3451,1581,joseph00@example.com,1635,Pressure half debate,"French, Phelps and Berry Cinemas",5,73.95,2026-06-29,CONFIRMED
3452,1841,danielduncan@example.org,199,Yes month,Hoover-Parrish Cinemas,4,53.12,2026-07-23,CONFIRMED
3453,1731,jessica82@example.net,1515,Pretty performance woman,Smith-Ramirez Cinemas,6,138.42,2026-06-23,CONFIRMED
3454,2788,freemanjason@example.com,659,Risk hospital process,Miller and Sons Cinemas,3,60.54,2026-07-23,CONFIRMED
3455,3336,tina93@example.com,300,With international citizen,"Nguyen, Marsh and Beck Cinemas",4,95.48,2026-07-13,CONFIRMED
3456,4200,michael78@example.com,374,Again,"Miller, Friedman and Weaver Cinemas",5,112.6,2026-06-19,CANCELLED
3457,1208,barbaralee@example.net,1180,Wall before,Marshall Inc Cinemas,5,58.5,2026-06-23,CANCELLED
3458,4769,rosshannah@example.net,633,Above white sometimes,Miller Group Cinemas,2,35.2,2026-06-23,CONFIRMED
3459,1568,epearson@example.com,460,Door give hair,"James, Howard and Johnson Cinemas",6,141.24,2026-07-23,CONFIRMED
3460,1408,gduke@example.net,1179,Identify all agreement stop,Patterson LLC Cinemas,2,31.4,2026-07-23,CONFIRMED
3461,2775,morriskevin@example.net,1775,Source south ask,Shields LLC Cinemas,2,32.46,2026-06-27,CONFIRMED
3462,34,devon88@example.org,827,Population individual,Ross-Blair Cinemas,5,74.85,2026-07-19,CANCELLED
3463,3784,tanya82@example.net,856,Though process,"Warner, Baker and Campbell Cinemas",3,57.27,2026-06-23,CONFIRMED
3464,4420,psanders@example.org,1824,Business relate class,"Larson, Daniels and James Cinemas",4,36.96,2026-07-21,CANCELLED
3465,426,thomasjo@example.com,1007,Alone American,Lowery LLC Cinemas,4,70.16,2026-07-23,CONFIRMED
3466,3730,stevenayers@example.org,165,Place growth staff,"Davis, Rodriguez and Andrews Cinemas",6,147.66,2026-07-23,CONFIRMED
3467,501,mclaughlinjulie@example.net,791,Dog maybe another,Nguyen PLC Cinemas,1,13.62,2026-06-26,CANCELLED
3468,4731,thomas93@example.net,1060,Choose picture age thus,Johnson Ltd Cinemas,4,64.92,2026-07-15,CONFIRMED
3469,831,gking@example.org,601,Series contain,"Hendricks, Zuniga and Miller Cinemas",4,91.64,2026-06-13,CONFIRMED
3470,4412,atkinsonbrittany@example.org,914,Risk hospital process,Elliott-Holland Cinemas,3,59.88,2026-07-23,CONFIRMED
3471,264,meganford@example.net,1626,Present develop day,"Mckee, Gardner and Davenport Cinemas",1,18.77,2026-06-25,CONFIRMED
3472,3657,scottthomas@example.com,1697,Sea east admit too,"Lopez, Gomez and Garcia Cinemas",5,116.55,2026-07-23,CONFIRMED
3473,3110,scott17@example.org,1978,College together size mother,"Burns, Barker and Horton Cinemas",1,23.57,2026-07-06,CONFIRMED
3474,4902,nicholasschneider@example.org,1783,Start activity,Wang-Jackson Cinemas,2,44.02,2026-07-08,CONFIRMED
3475,1098,fwalton@example.com,419,Reveal service ability,Zuniga Group Cinemas,1,11.28,2026-07-13,CONFIRMED
3476,4191,wnunez@example.org,765,Affect evening down real,"Brown, James and Arroyo Cinemas",5,87.1,2026-06-26,CONFIRMED
3477,414,karen43@example.com,237,Other century office,George-Myers Cinemas,2,37.46,2026-06-25,CONFIRMED
3478,4217,wallacechristy@example.net,1511,Movie build green,"Chapman, Ball and Patterson Cinemas",4,50.48,2026-07-23,CANCELLED
3479,309,butlerolivia@example.com,1373,Food leave,"Gaines, Smith and Evans Cinemas",3,53.58,2026-07-13,CANCELLED
3480,691,justin46@example.com,596,Voice newspaper,"Hunter, Taylor and York Cinemas",2,18.64,2026-06-24,CONFIRMED
3481,994,michelle11@example.org,1952,Force sing,Meyers-Owens Cinemas,6,138.24,2026-07-23,CONFIRMED
3482,661,leslie32@example.com,1788,Never program,White-Morales Cinemas,4,87.6,2026-06-19,CONFIRMED
3483,2858,robertmoore@example.org,554,Discussion east wrong,"Martinez, Roman and Murphy Cinemas",5,47.6,2026-06-21,CONFIRMED
3484,1121,chad76@example.com,331,Job prepare either suffer,Joseph Inc Cinemas,4,88.88,2026-06-16,CONFIRMED
3485,209,kelsey70@example.net,1721,Everyone water message,Cook PLC Cinemas,4,69.24,2026-07-23,CANCELLED
3486,83,brenda83@example.org,900,Usually onto adult mean,Clark-Rivera Cinemas,2,43.6,2026-07-03,CONFIRMED
3487,3692,frose@example.org,83,Less agreement window,Huynh PLC Cinemas,4,49.88,2026-07-23,CONFIRMED
3488,532,osbornkelly@example.net,509,Month son benefit,Fleming Ltd Cinemas,2,41.08,2026-07-06,CONFIRMED
3489,893,kelleyderek@example.net,1866,Source game,Lyons PLC Cinemas,2,16.68,2026-07-02,CONFIRMED
3490,214,dwhite@example.org,802,Decade in thing enter,Miller-Young Cinemas,5,75.75,2026-06-25,CONFIRMED
3491,1146,cjohns@example.net,1871,Market loss parent,Rodriguez Group Cinemas,1,14.67,2026-07-23,CONFIRMED
3492,4681,griffinmary@example.net,1093,Challenge their check,Buchanan LLC Cinemas,6,94.86,2026-06-28,CONFIRMED
3493,2483,nromero@example.org,1141,Lead least,Jones-Taylor Cinemas,5,115.95,2026-07-23,CONFIRMED
3494,2992,thomasgarcia@example.com,1917,Effect rock under prepare,"Cruz, Fowler and Haynes Cinemas",5,47.95,2026-07-03,CONFIRMED
3495,3639,susan01@example.net,383,Wind design finally,Coleman-Long Cinemas,6,138.48,2026-07-23,CONFIRMED
3496,660,nicholasjohnson@example.net,1653,Bank job,Benson Inc Cinemas,3,44.49,2026-07-23,CONFIRMED
3497,178,josephenglish@example.com,1191,Law stay fall,Lutz and Sons Cinemas,6,83.46,2026-06-21,CONFIRMED
3498,3327,murrayrachel@example.org,68,Him song already,Smith-Clayton Cinemas,3,59.25,2026-07-17,CONFIRMED
3499,297,christensenkendra@example.org,998,Truth explain,"Cook, Jones and Jones Cinemas",2,47.2,2026-07-23,CANCELLED
3500,2865,castroanthony@example.org,1439,So,Clarke-Ramirez Cinemas,2,26.52,2026-07-23,CONFIRMED
3501,1091,brandondean@example.com,547,Such nation risk,Weiss Group Cinemas,1,8.23,2026-07-04,CONFIRMED
3502,2701,james14@example.com,952,Natural foot note,Mitchell and Sons Cinemas,2,31.48,2026-06-21,CONFIRMED
3503,4326,moonryan@example.net,1744,Bring place,Andrews-Green Cinemas,6,51.78,2026-07-23,CONFIRMED
3504,4259,drodriguez@example.com,1523,Energy guy,Cervantes PLC Cinemas,5,41.15,2026-06-29,CONFIRMED
3505,328,barrettashley@example.com,902,Meet speak,Hansen-Schneider Cinemas,2,41.9,2026-07-13,CONFIRMED
3506,2766,rebecca68@example.com,284,Lead,Garcia LLC Cinemas,3,40.95,2026-07-01,CONFIRMED
3507,1044,jeremyyates@example.net,1098,Type score ready,"Silva, Snyder and Reeves Cinemas",1,20.11,2026-07-23,CONFIRMED
3508,211,mmoore@example.com,1115,Beautiful that age although,Stevenson Group Cinemas,6,79.5,2026-06-29,CONFIRMED
3509,2327,dholt@example.com,476,Shake hospital officer fact,Christian-Booth Cinemas,3,32.4,2026-07-23,CONFIRMED
3510,309,butlerolivia@example.com,1027,Significant impact,Haynes-Moss Cinemas,5,103.5,2026-07-23,CONFIRMED
3511,2782,michelleknapp@example.net,1269,Network work,"Cox, Chavez and Davis Cinemas",2,45.88,2026-07-07,CONFIRMED
3512,4401,jwilson@example.net,467,Fight wall why,Wright-Davis Cinemas,6,111.0,2026-07-23,CONFIRMED
3513,1477,jrios@example.net,370,Community piece common cold,Taylor Ltd Cinemas,6,66.18,2026-07-23,CONFIRMED
3514,3506,timothy75@example.org,1262,Production open,Johnson Inc Cinemas,6,57.24,2026-06-16,CONFIRMED
3515,3625,josephward@example.com,1394,Project use dog,"Haas, Richardson and Lee Cinemas",4,89.4,2026-07-15,CONFIRMED
3516,3929,amydavis@example.org,1801,Answer reveal way few,Garner LLC Cinemas,3,53.43,2026-07-23,CANCELLED
3517,586,soniaharmon@example.net,1689,Provide right section,"Weiss, Cole and Preston Cinemas",2,24.1,2026-07-23,CONFIRMED
3518,3981,dawnroberts@example.net,966,Eight book owner,"Phelps, Kramer and Shannon Cinemas",4,67.2,2026-07-10,CONFIRMED
3519,1951,brentodom@example.com,1730,Week agree beautiful,"Young, Allen and Hernandez Cinemas",1,24.11,2026-07-23,CONFIRMED
3520,4591,alexandersmith@example.net,717,Both hotel,"Wilson, Stewart and Hobbs Cinemas",2,27.44,2026-07-23,CONFIRMED
3521,1939,john90@example.org,1867,Trip within production,Adams PLC Cinemas,4,56.88,2026-06-22,CANCELLED
3522,3236,teresaperry@example.com,879,Quality yard,"Martin, Cervantes and Stokes Cinemas",3,63.15,2026-07-23,CONFIRMED
3523,63,hendersonmichael@example.org,661,Open provide,Garrett-Stout Cinemas,1,21.88,2026-07-23,CONFIRMED
3524,2415,stephen64@example.com,473,Create authority,"Wright, Mcknight and Stephens Cinemas",2,28.3,2026-07-23,CONFIRMED
3525,4343,reevesheather@example.org,453,Minute region argue,"Marquez, Martinez and Bailey Cinemas",3,29.67,2026-07-22,CONFIRMED
3526,3962,johnathan76@example.net,926,Make blue,Mclaughlin Inc Cinemas,3,32.49,2026-07-06,CONFIRMED
3527,528,trancaitlin@example.com,1424,Natural here short,Jones-Taylor Cinemas,4,97.64,2026-06-15,CONFIRMED
3528,4983,dylan92@example.org,208,Past degree,Munoz-Stokes Cinemas,6,144.6,2026-06-10,CONFIRMED
3529,4403,sanchezsheila@example.net,1412,Character lay where bill,Mcdonald-Taylor Cinemas,4,92.48,2026-07-23,CONFIRMED
3530,1933,goodwinjack@example.org,675,Pattern far break,Scott-Perez Cinemas,4,98.0,2026-07-01,CONFIRMED
3531,1189,robertsbrandy@example.com,1759,Lose education,Price-Schmitt Cinemas,1,14.64,2026-07-23,CONFIRMED
3532,2364,andersonrichard@example.org,16,Smile wrong,"Ramirez, Horne and Johnson Cinemas",3,42.12,2026-07-01,CONFIRMED
3533,2819,kellyrichardson@example.com,618,Room movement,Johnson and Sons Cinemas,5,69.2,2026-07-05,CONFIRMED
3534,643,igarcia@example.net,159,Build pay,Barrera Group Cinemas,2,47.78,2026-06-20,CONFIRMED
3535,1046,marshtimothy@example.com,838,Leader,Ross-Blair Cinemas,5,124.5,2026-06-14,CONFIRMED
3536,2702,joshuacrawford@example.net,395,Approach different could,Wallace-Berry Cinemas,6,121.14,2026-07-23,CANCELLED
3537,3836,shawn00@example.com,82,Wife reflect nearly service,Hill-Guerra Cinemas,3,70.35,2026-06-27,CONFIRMED
3538,3750,wwatson@example.net,1857,Call reduce,"May, Malone and Reese Cinemas",4,70.68,2026-07-16,CONFIRMED
3539,4913,nicholas69@example.org,1646,Art food,Morris-Merritt Cinemas,4,74.2,2026-07-16,CONFIRMED
3540,4892,campbellkristen@example.com,1419,View rich brother,Harrington Group Cinemas,1,8.29,2026-07-23,CONFIRMED
3541,1334,anthonyjohnston@example.net,1179,Identify all agreement stop,Patterson LLC Cinemas,2,31.4,2026-07-23,CONFIRMED
3542,73,gspencer@example.com,1841,Month matter policy,Anderson Inc Cinemas,3,57.12,2026-07-23,CONFIRMED
3543,4905,smithjustin@example.net,1107,A,Morgan and Sons Cinemas,2,49.92,2026-07-03,CONFIRMED
3544,3650,nancy96@example.com,1132,Culture woman stage bank,"Calhoun, Wilson and Oneal Cinemas",1,23.08,2026-07-23,CONFIRMED
3545,1230,longkimberly@example.net,170,Though though walk,Morton and Sons Cinemas,6,84.36,2026-07-23,CONFIRMED
3546,4849,hdavid@example.net,1160,Military she,Haynes-Jackson Cinemas,1,9.53,2026-07-14,CONFIRMED
3547,3905,michaelsummers@example.net,921,Market consider,Barnett PLC Cinemas,4,66.28,2026-07-23,CONFIRMED
3548,3153,slawson@example.net,555,One long low,"Ramsey, Martinez and Sherman Cinemas",4,51.6,2026-07-23,CONFIRMED
3549,4311,mirandanancy@example.org,569,President wind,Peterson-Wagner Cinemas,5,86.4,2026-06-18,CONFIRMED
3550,1174,davismichelle@example.net,673,Treat,Jones-Krause Cinemas,5,65.9,2026-07-23,CONFIRMED
3551,4981,karenbowers@example.com,1628,Identify happy push,Flores Ltd Cinemas,4,62.68,2026-07-16,CONFIRMED
3552,4330,gnorton@example.org,1111,Car feel small,Griffin Ltd Cinemas,5,116.55,2026-07-23,CONFIRMED
3553,4477,huntnicholas@example.com,1844,Ability stuff successful,"Patel, Palmer and Jones Cinemas",2,30.82,2026-07-23,CONFIRMED
3554,636,adrianchang@example.org,1834,North structure,Harrell-Hebert Cinemas,2,35.32,2026-06-30,CONFIRMED
3555,2554,kdean@example.net,836,Open,"Chase, Prince and Wilcox Cinemas",1,19.32,2026-07-23,CONFIRMED
3556,41,stevensmichael@example.org,1772,Choice decide church,Figueroa-Ward Cinemas,4,97.64,2026-07-23,CANCELLED
3557,135,cobbmary@example.net,175,Indeed just history,"Navarro, Marsh and Hurst Cinemas",3,33.06,2026-07-23,CANCELLED
3558,3533,bmaddox@example.com,1902,Do name environmental,Blevins-Ballard Cinemas,2,19.22,2026-07-23,CONFIRMED
3559,1090,lori01@example.com,1799,Generation catch environmental,"Ray, Cunningham and Levine Cinemas",4,46.8,2026-06-10,CONFIRMED
3560,51,mrandolph@example.net,1227,Owner institution team,Ibarra Ltd Cinemas,2,27.38,2026-07-17,CONFIRMED
3561,650,drobinson@example.org,847,Dream attention whether,Delgado and Sons Cinemas,6,73.2,2026-06-28,CONFIRMED
3562,908,teresamiller@example.org,1784,Natural great floor mission,Jackson Ltd Cinemas,4,93.32,2026-07-23,CONFIRMED
3563,3558,antonio26@example.org,474,Sit team move,Carroll-Snyder Cinemas,5,99.85,2026-07-23,CONFIRMED
3564,348,millerjessica@example.com,867,Develop,Griffin Group Cinemas,5,82.8,2026-07-23,CONFIRMED
3565,4335,mgarcia@example.net,493,Father wife,Smith-Gomez Cinemas,6,121.56,2026-07-08,CANCELLED
3566,3024,gmoses@example.net,1815,Film store south,"Turner, Long and Hendricks Cinemas",6,66.6,2026-07-08,CANCELLED
3567,1473,virginia57@example.net,550,Series public wonder,Delacruz Group Cinemas,5,60.6,2026-07-23,CONFIRMED
3568,1817,nicholasfuentes@example.com,1022,Site yeah,Sanchez-Douglas Cinemas,4,44.4,2026-07-23,CONFIRMED
3569,4403,sanchezsheila@example.net,350,His same,Salazar-Brown Cinemas,6,99.84,2026-07-23,CONFIRMED
3570,3021,rnguyen@example.net,1151,Common story,Davis Inc Cinemas,5,58.4,2026-07-23,CONFIRMED
3571,4767,brewermarcus@example.com,1461,Music oil among population,Lynch LLC Cinemas,5,89.6,2026-07-07,CONFIRMED
3572,1759,wgarcia@example.com,473,Create authority,"Wright, Mcknight and Stephens Cinemas",6,84.9,2026-07-23,CANCELLED
3573,544,qirwin@example.com,174,Approach suggest save,Wilkerson-Davis Cinemas,3,74.4,2026-06-24,CONFIRMED
3574,398,sheliacohen@example.net,1174,Theory discover,Davis Group Cinemas,6,123.9,2026-07-23,CONFIRMED
3575,1174,davismichelle@example.net,243,Job prepare either suffer,Johnson Ltd Cinemas,1,11.5,2026-06-28,CONFIRMED
3576,2256,joshuawilson@example.net,347,Minute season political,Ward-Chase Cinemas,5,79.7,2026-06-21,CONFIRMED
3577,4717,angel66@example.com,464,Quickly them simply project,Moran PLC Cinemas,4,34.92,2026-07-23,CONFIRMED
3578,4005,james50@example.org,1422,Policy,"Boyd, Ellis and Maynard Cinemas",4,72.52,2026-07-23,CANCELLED
3579,160,rodriguezbrianna@example.com,523,Decision continue,Sherman and Sons Cinemas,1,22.14,2026-07-23,CONFIRMED
3580,3452,simmonslaura@example.net,1994,Particular,Hall-Barber Cinemas,3,37.95,2026-07-21,CONFIRMED
3581,3007,alvarezjason@example.org,1208,Anyone enjoy,"Trevino, Henderson and Gonzalez Cinemas",1,8.48,2026-06-19,CONFIRMED
3582,4426,ballardkara@example.org,340,Summer wish,"Howard, Brennan and Moore Cinemas",6,96.66,2026-07-23,CANCELLED
3583,3248,roblesjeffrey@example.com,1799,Generation catch environmental,"Ray, Cunningham and Levine Cinemas",5,58.5,2026-06-12,CONFIRMED
3584,4095,hughesjoseph@example.net,1121,Central short so,"Gibson, Zimmerman and Warren Cinemas",6,147.36,2026-07-09,CONFIRMED
3585,1323,raydawn@example.org,230,They street month current,Elliott Group Cinemas,6,140.22,2026-06-29,CONFIRMED
3586,2507,jaredtaylor@example.org,1987,Relationship attention plant,"Vaughan, Gibson and Dawson Cinemas",2,32.48,2026-07-17,CONFIRMED
3587,738,vunderwood@example.com,113,Art miss house,Scott-Perez Cinemas,1,14.73,2026-06-17,CONFIRMED
3588,571,ronaldjohnson@example.com,1491,To much however create,Howe Inc Cinemas,6,99.9,2026-06-29,CONFIRMED
3589,1649,jonfrazier@example.org,595,Value practice have,Robinson-Kennedy Cinemas,3,65.1,2026-06-18,CONFIRMED
3590,116,owhite@example.org,229,Human bank,Ferguson and Sons Cinemas,5,64.45,2026-07-23,CANCELLED
3591,807,patriciawilson@example.com,817,Chance minute guy,Reese Group Cinemas,3,32.67,2026-07-23,CONFIRMED
3592,303,parcher@example.org,977,Pick man,"Turner, Ponce and Barrett Cinemas",5,73.7,2026-07-06,CANCELLED
3593,1108,zhorton@example.com,1490,Drop tend current,Nelson and Sons Cinemas,2,20.6,2026-07-23,CONFIRMED
3594,1772,nhardin@example.net,1555,School go,Hall Ltd Cinemas,1,12.74,2026-07-06,CANCELLED
3595,1543,deleontammy@example.org,1705,Power,"Snyder, Walker and Harris Cinemas",3,29.7,2026-07-23,CONFIRMED
3596,2661,lopezmichelle@example.net,906,Produce,Rojas and Sons Cinemas,6,100.32,2026-07-05,CONFIRMED
3597,4578,ckelly@example.com,1474,Cultural over,"Clark, Park and Reed Cinemas",3,32.04,2026-07-17,CONFIRMED
3598,4021,eric94@example.org,508,Common strategy,"Bray, Nicholson and Walker Cinemas",2,28.94,2026-07-23,CONFIRMED
3599,3702,jesusroth@example.com,443,Tough their,"Duarte, Lee and Matthews Cinemas",3,52.92,2026-07-23,CONFIRMED
3600,4143,hutchinsonerik@example.net,1206,Itself certain site itself,Davis-Montgomery Cinemas,4,99.8,2026-07-23,CONFIRMED
3601,1422,greenedaniel@example.net,293,Save job shoulder,Clark Group Cinemas,4,41.88,2026-07-23,CONFIRMED
3602,4036,knightdennis@example.com,789,Result discuss standard,Grant-Diaz Cinemas,4,59.84,2026-06-27,CONFIRMED
3603,905,robertmorris@example.org,267,Far,James LLC Cinemas,6,83.46,2026-07-21,CONFIRMED
3604,364,tammy53@example.org,1469,Left song medical,"Phelps, Montoya and Barnett Cinemas",5,77.6,2026-06-15,CONFIRMED
3605,2120,betty00@example.net,1921,Thing,Reed Group Cinemas,5,84.35,2026-07-23,CONFIRMED
3606,2123,wilsonadam@example.org,1047,Process garden figure,"Smith, Jackson and Porter Cinemas",4,71.68,2026-06-14,CONFIRMED
3607,3268,jodi94@example.com,5,Learn get,"Hendricks, Zuniga and Miller Cinemas",4,35.04,2026-07-01,CONFIRMED
3608,2250,emullen@example.net,999,Individual price,Miller LLC Cinemas,6,59.34,2026-06-30,CONFIRMED
3609,2110,martin00@example.com,50,Role imagine,"Clarke, Lane and Wilson Cinemas",4,76.64,2026-07-09,CONFIRMED
3610,398,sheliacohen@example.net,858,Move suffer security,"Sims, Weber and Villa Cinemas",4,84.04,2026-06-25,CONFIRMED
3611,934,wsmith@example.com,1175,Great true safe,Lutz and Sons Cinemas,3,60.15,2026-07-23,CONFIRMED
3612,4147,davidgrant@example.net,835,Social which,"Payne, Escobar and Barrett Cinemas",1,13.14,2026-07-23,CONFIRMED
3613,4694,hillmelissa@example.net,1722,Candidate door,Elliott Group Cinemas,4,58.12,2026-07-23,CONFIRMED
3614,2445,karen17@example.com,1717,Offer serious,Weaver-Thompson Cinemas,3,71.25,2026-07-23,CONFIRMED
3615,3483,brandonwillis@example.net,98,Big once,Johnson and Sons Cinemas,1,13.02,2026-07-23,CONFIRMED
3616,1179,jill69@example.net,920,Structure save,"Madden, Figueroa and Stafford Cinemas",1,13.11,2026-07-01,CONFIRMED
3617,3812,vincentcopeland@example.net,407,Game sound,Castillo Group Cinemas,4,47.4,2026-07-23,CONFIRMED
3618,3623,wfloyd@example.com,249,Time feel,Singleton-King Cinemas,4,48.16,2026-07-07,CONFIRMED
3619,1376,christy19@example.org,381,Free issue,Vaughn Inc Cinemas,3,26.85,2026-07-23,CANCELLED
3620,2361,dustinallen@example.org,65,Far these,Sellers LLC Cinemas,5,67.8,2026-07-10,CANCELLED
3621,3321,johnsilva@example.org,1097,Tonight try,Price-Schmitt Cinemas,1,24.94,2026-07-23,CONFIRMED
3622,4907,apowell@example.net,1318,Think,Santos-Roach Cinemas,6,111.06,2026-06-19,CONFIRMED
3623,2356,douglasrosales@example.com,1878,Central challenge trouble,Newton PLC Cinemas,1,17.8,2026-07-23,CONFIRMED
3624,4758,chloesmith@example.com,1902,Do name environmental,Blevins-Ballard Cinemas,3,28.83,2026-07-23,CONFIRMED
3625,4575,ocervantes@example.net,1450,Tonight provide newspaper,"Jordan, Murphy and Sanchez Cinemas",3,54.6,2026-06-13,CANCELLED
3626,2633,jessicawatson@example.com,1719,Difficult page send always,"Meyer, Dawson and Harper Cinemas",5,72.75,2026-06-24,CONFIRMED
3627,1890,starkaustin@example.org,262,Charge a data red,"Sanchez, Terry and Turner Cinemas",5,124.75,2026-07-23,CANCELLED
3628,1033,jennifer74@example.net,281,Discover threat if,Davenport-Reynolds Cinemas,4,41.44,2026-07-23,CONFIRMED
3629,4142,smithkimberly@example.com,1853,Through itself,"Mcdonald, Moore and Richards Cinemas",5,80.05,2026-07-21,CONFIRMED
3630,791,timothyrodriguez@example.org,1281,Throw discover recognize,Medina LLC Cinemas,1,16.92,2026-07-15,CANCELLED
3631,2575,francislatoya@example.com,620,Health,Harrison-Leach Cinemas,5,57.5,2026-07-07,CONFIRMED
3632,2461,kphillips@example.net,64,Morning trial security,"Morales, Miller and Harrell Cinemas",4,95.24,2026-07-11,CONFIRMED
3633,406,scottmark@example.org,1231,Machine value television,Burns-Nguyen Cinemas,2,40.54,2026-06-15,CONFIRMED
3634,2352,diana86@example.org,432,Billion prevent,Smith-Carrillo Cinemas,1,24.15,2026-07-23,CONFIRMED
3635,1671,wayne74@example.com,1276,Share let,Carroll-Morris Cinemas,5,77.8,2026-06-26,CONFIRMED
3636,2255,joshua84@example.com,1899,Allow tree miss,Welch-Hogan Cinemas,4,63.76,2026-07-23,CONFIRMED
3637,1236,marcusramirez@example.org,995,Him somebody professional,Miller LLC Cinemas,3,53.7,2026-06-17,CONFIRMED
3638,3105,joanwright@example.org,1258,Hear rise,Hill and Sons Cinemas,4,40.88,2026-06-26,CANCELLED
3639,3634,lance16@example.net,625,Executive may,Hale-Durham Cinemas,4,82.28,2026-06-10,CONFIRMED
3640,1968,catherine68@example.com,712,Former get occur,"Howard, Townsend and Hayes Cinemas",2,19.16,2026-06-19,CONFIRMED
3641,4241,mnguyen@example.org,1399,Agreement every,"Martin, Jordan and Edwards Cinemas",1,15.53,2026-06-21,CONFIRMED
3642,2634,wrightcarolyn@example.com,1926,Stop though page,Grant-Diaz Cinemas,6,70.8,2026-07-23,CONFIRMED
3643,812,xgoodman@example.com,391,Toward thousand,Powers Group Cinemas,5,90.85,2026-07-23,CONFIRMED
3644,3775,andreadiaz@example.org,732,Agree mother may,"Turner, Long and Hendricks Cinemas",5,119.25,2026-07-23,CONFIRMED
3645,3280,bruce59@example.net,542,Treatment television girl,Lowery LLC Cinemas,5,40.65,2026-06-23,CONFIRMED
3646,1596,barneswilliam@example.org,1812,Leg,Wagner and Sons Cinemas,4,51.16,2026-07-23,CONFIRMED
3647,2914,jenkinscarl@example.org,488,Draw maintain,"Campbell, Long and Silva Cinemas",2,38.72,2026-07-03,CONFIRMED
3648,196,ymurray@example.org,1514,Avoid loss,Harris-Wright Cinemas,2,21.68,2026-07-02,CONFIRMED
3649,1179,jill69@example.net,1832,Good new,Davis-Abbott Cinemas,4,71.48,2026-07-23,CANCELLED
3650,4762,yphillips@example.com,1942,Party,"Nguyen, Ellis and Wright Cinemas",3,24.42,2026-06-20,CONFIRMED
3651,4385,roger42@example.com,1224,Else coach,Ochoa-Adams Cinemas,4,47.68,2026-06-19,CONFIRMED
3652,467,frankward@example.com,1795,Front trouble adult,"Robinson, Jones and Welch Cinemas",5,64.7,2026-07-07,CONFIRMED
3653,4220,scotttravis@example.com,1482,Tell alone floor,Nolan Group Cinemas,4,38.08,2026-07-23,CONFIRMED
3654,3975,johnparker@example.net,888,Itself consumer,"Meyer, Dawson and Harper Cinemas",2,49.76,2026-06-17,CONFIRMED
3655,1077,barbara56@example.com,1407,Father reason,Owens-Mayer Cinemas,2,28.64,2026-07-12,CANCELLED
3656,2220,robert05@example.org,1002,Go yourself over,"Brown, Hammond and Campbell Cinemas",1,20.65,2026-06-26,CONFIRMED
3657,3991,megan63@example.net,1566,Herself father about,Daniels-Phillips Cinemas,5,65.85,2026-07-06,CONFIRMED
3658,1594,rtaylor@example.net,989,Game example,Tucker-Olson Cinemas,5,118.4,2026-07-20,CONFIRMED
3659,1286,james72@example.org,1912,Program girl section,Johnson and Sons Cinemas,2,24.74,2026-07-03,CONFIRMED
3660,3564,diazpamela@example.org,75,Sometimes charge,"Thomas, White and Jensen Cinemas",3,30.99,2026-07-23,CONFIRMED
3661,3016,hshah@example.com,1086,Final must wait,"Lloyd, Walker and Brock Cinemas",6,51.96,2026-07-23,CONFIRMED
3662,2773,avega@example.net,132,Step different,"White, Smith and Warner Cinemas",3,59.01,2026-07-01,CONFIRMED
3663,266,taramejia@example.org,1171,Box nor,"Santiago, Smith and Cannon Cinemas",2,22.56,2026-07-23,CONFIRMED
3664,759,xalvarez@example.net,384,Boy issue,Todd Group Cinemas,4,68.8,2026-07-23,CONFIRMED
3665,2317,steven08@example.net,1289,Him believe fire,Wilson Inc Cinemas,4,95.48,2026-07-23,CONFIRMED
3666,1381,james14@example.net,1475,Improve fish fact,Knight Group Cinemas,1,15.05,2026-07-23,CONFIRMED
3667,4270,jonathan59@example.com,930,Similar item,"Vang, Wilkinson and Wilson Cinemas",3,64.29,2026-07-02,CONFIRMED
3668,1826,taylor70@example.net,123,Range pressure but,"Bailey, Armstrong and Campbell Cinemas",3,37.56,2026-07-23,CANCELLED
3669,2484,brian30@example.net,1108,Because yard bring,Peterson-Dunn Cinemas,6,71.64,2026-07-02,CONFIRMED
3670,4269,sheilayoung@example.org,1205,Daughter black situation,"Hunter, Taylor and York Cinemas",3,32.58,2026-07-23,CONFIRMED
3671,1089,allisonbarr@example.com,1009,Another,Edwards and Sons Cinemas,4,62.0,2026-06-24,CONFIRMED
3672,3063,lewistara@example.net,1710,Employee,Ortega Group Cinemas,4,52.32,2026-07-23,CONFIRMED
3673,4020,haneycarrie@example.com,1799,Generation catch environmental,"Ray, Cunningham and Levine Cinemas",2,23.4,2026-06-12,CONFIRMED
3674,4406,hornmatthew@example.org,1255,Modern talk financial,Ramirez Inc Cinemas,1,18.47,2026-07-23,CONFIRMED
3675,586,soniaharmon@example.net,1431,Both gas food,Allen-Sanchez Cinemas,4,53.56,2026-06-26,CONFIRMED
3676,3606,miguelschultz@example.com,1492,Ball parent,"Arnold, Thomas and Moss Cinemas",3,71.04,2026-06-25,CONFIRMED
3677,1249,regina11@example.com,290,Three low,Hoffman PLC Cinemas,3,30.75,2026-07-23,CANCELLED
3678,1016,justin89@example.com,1716,Realize arm,"Hamilton, Green and Edwards Cinemas",2,21.56,2026-06-25,CANCELLED
3679,4943,cassidyward@example.com,279,Amount attorney room,Rodriguez-Hernandez Cinemas,5,55.8,2026-07-23,CONFIRMED
3680,4695,kennedyevan@example.com,1924,Do environmental,Jones-Contreras Cinemas,2,42.38,2026-07-23,CONFIRMED
3681,265,dawn31@example.org,1355,Table mission forward,"Howard, Townsend and Hayes Cinemas",1,19.46,2026-07-23,CONFIRMED
3682,3237,nwhite@example.org,62,Factor remember,Herrera-Coleman Cinemas,1,10.03,2026-07-12,CONFIRMED
3683,3072,chadcox@example.com,738,Magazine painting yard single,Gallagher-Diaz Cinemas,6,117.6,2026-06-27,CONFIRMED
3684,171,imitchell@example.net,1699,Fall anyone along,Anderson Inc Cinemas,2,31.28,2026-07-23,CANCELLED
3685,3438,colonjames@example.org,429,Without big project,Thomas and Sons Cinemas,2,40.98,2026-06-18,CONFIRMED
3686,2882,kimberlystevens@example.net,1437,Certain,"Wong, Dawson and Martin Cinemas",1,13.78,2026-07-23,CONFIRMED
3687,1033,jennifer74@example.net,1575,Character personal she list,Weaver-Thompson Cinemas,1,20.73,2026-07-23,CONFIRMED
3688,2215,angela87@example.org,1674,Can land few case,Dominguez Ltd Cinemas,6,69.54,2026-06-27,CONFIRMED
3689,55,sandraheath@example.net,1210,Staff year,Anderson Inc Cinemas,3,55.23,2026-07-23,CONFIRMED
3690,1293,andreathompson@example.net,446,Medical scientist,Andrews-Aguirre Cinemas,3,70.83,2026-06-18,CONFIRMED
3691,2925,jimenezterri@example.net,32,Behind run hand with,"White, Burch and Reynolds Cinemas",3,66.78,2026-07-23,CONFIRMED
3692,1841,danielduncan@example.org,164,Thousand move,Santos-Wood Cinemas,2,28.0,2026-07-14,CONFIRMED
3693,1192,christopherharris@example.org,412,I prevent,Smith-Clayton Cinemas,3,31.77,2026-07-23,CONFIRMED
3694,4755,wwilliams@example.org,1521,Student notice,Marshall Group Cinemas,1,9.32,2026-06-29,CONFIRMED
3695,2129,caitlinwilliams@example.org,1024,Value process,Orr-Miranda Cinemas,3,69.33,2026-07-23,CONFIRMED
3696,1003,icuevas@example.com,1332,Along think race,Watson-Chan Cinemas,4,36.8,2026-07-13,CONFIRMED
3697,4606,juliadavid@example.net,378,Section image school,"Warner, Carr and Archer Cinemas",5,110.85,2026-07-01,CONFIRMED
3698,1326,holly18@example.net,1440,Investment job environment,Cervantes PLC Cinemas,4,71.04,2026-07-20,CONFIRMED
3699,3564,diazpamela@example.org,295,Politics,"Myers, Gamble and Sanford Cinemas",2,35.36,2026-07-23,CONFIRMED
3700,2909,andrew17@example.org,1167,Follow perhaps social himself,"Greene, Rogers and Haley Cinemas",1,23.39,2026-07-23,CANCELLED
3701,3602,patricia87@example.com,881,Direction blood,Chase-Washington Cinemas,5,113.8,2026-07-23,CONFIRMED
3702,3550,wmarks@example.com,259,Focus discussion land,Hall-Washington Cinemas,4,57.76,2026-07-23,CONFIRMED
3703,267,smithmichael@example.org,671,Table mother two,"Walker, Turner and Brown Cinemas",5,61.45,2026-07-01,CANCELLED
3704,561,christinapeters@example.net,1392,Affect else claim,"Smith, Schroeder and Oconnor Cinemas",6,134.64,2026-07-23,CONFIRMED
3705,3950,qdunn@example.net,1801,Answer reveal way few,Garner LLC Cinemas,3,53.43,2026-07-23,CONFIRMED
3706,1121,chad76@example.com,200,Meet while car,Landry-Hill Cinemas,5,89.3,2026-07-23,CONFIRMED
3707,1862,weavervicki@example.com,926,Make blue,Mclaughlin Inc Cinemas,3,32.49,2026-07-10,CONFIRMED
3708,2061,ssmith@example.net,1046,Data tend,Brown-Cohen Cinemas,1,20.95,2026-07-23,CONFIRMED
3709,2074,tara61@example.net,580,Cell true,"Black, Collins and Powell Cinemas",3,38.61,2026-07-11,CONFIRMED
3710,4410,libarra@example.com,1966,Conference,"Marshall, Murray and Miller Cinemas",5,40.5,2026-07-23,CONFIRMED
3711,352,holtrobert@example.com,1166,Believe dark,"Garza, Williams and Walker Cinemas",5,91.9,2026-06-27,CONFIRMED
3712,2726,patrick93@example.net,859,Necessary much,"Vang, Wilkinson and Wilson Cinemas",6,109.92,2026-07-02,CONFIRMED
3713,4536,john65@example.org,894,Strategy impact,Martinez-Lopez Cinemas,5,105.7,2026-07-11,CONFIRMED
3714,3079,john31@example.net,106,Blue near serve,"Young, Allen and Hernandez Cinemas",4,99.16,2026-07-16,CONFIRMED
3715,4345,andersonjason@example.org,54,Choose son,Herman-Martin Cinemas,6,53.58,2026-07-08,CONFIRMED
3716,1587,sotomegan@example.com,1685,Indicate however,Moore Group Cinemas,5,73.0,2026-07-06,CONFIRMED
3717,1783,heather72@example.org,1426,Practice organization which ready,"Warner, Baker and Campbell Cinemas",1,13.25,2026-07-23,CONFIRMED
3718,5000,wuvalerie@example.com,1289,Him believe fire,Wilson Inc Cinemas,2,47.74,2026-07-23,CANCELLED
3719,3229,smitchell@example.com,751,Item issue change,Trevino Group Cinemas,1,18.66,2026-07-23,CONFIRMED
3720,1123,dcurry@example.net,1676,May military most,Hernandez Ltd Cinemas,5,114.1,2026-07-23,CONFIRMED
3721,4924,ramosronald@example.com,738,Magazine painting yard single,Gallagher-Diaz Cinemas,3,58.8,2026-06-22,CONFIRMED
3722,554,victor76@example.com,1915,Each bed good friend,"Smith, Beard and Taylor Cinemas",6,135.42,2026-07-23,CANCELLED
3723,1490,jtaylor@example.com,420,Picture popular,"Taylor, Morales and Fuller Cinemas",3,52.98,2026-07-23,CONFIRMED
3724,4031,fcastillo@example.net,1361,Mrs student,Williams-Mckenzie Cinemas,1,10.61,2026-06-22,CONFIRMED
3725,2288,irobinson@example.com,808,Least senior,"Gibson, Zimmerman and Warren Cinemas",6,103.92,2026-07-23,CONFIRMED
3726,702,stephenjohnson@example.net,571,Simply back human,Hoffman and Sons Cinemas,5,115.85,2026-06-18,CONFIRMED
3727,4310,adrienne29@example.org,178,Law degree police,"Gibson, Zimmerman and Warren Cinemas",5,40.85,2026-07-23,CONFIRMED
3728,2857,heather69@example.net,674,Necessary push,"Elliott, Villarreal and Sosa Cinemas",4,61.44,2026-07-23,CONFIRMED
3729,186,klara@example.net,1817,Either account speech,Benson Inc Cinemas,1,11.41,2026-07-12,CONFIRMED
3730,2135,margaret22@example.net,1535,Simple throughout,Sanders PLC Cinemas,4,85.4,2026-07-23,CONFIRMED
3731,2483,nromero@example.org,595,Value practice have,Robinson-Kennedy Cinemas,3,65.1,2026-06-17,CONFIRMED
3732,3277,knoxmark@example.org,93,Friend develop heart,Raymond LLC Cinemas,3,38.31,2026-07-23,CONFIRMED
3733,1412,jamesmaxwell@example.org,1209,While court,"Moore, Alexander and Reed Cinemas",3,48.78,2026-07-20,CONFIRMED
3734,3282,benjamin76@example.net,144,National than,Woods-Mccarthy Cinemas,1,19.26,2026-07-23,CONFIRMED
3735,2076,hshort@example.com,1437,Certain,"Wong, Dawson and Martin Cinemas",4,55.12,2026-07-23,CONFIRMED
3736,4734,fernandezjaime@example.net,753,Hot modern believe,Smith-James Cinemas,6,107.1,2026-07-23,CONFIRMED
3737,2272,millsanthony@example.net,207,Let building,Hansen-Schneider Cinemas,4,55.96,2026-07-23,CONFIRMED
3738,733,millerlindsey@example.org,993,Read girl,Valdez-Jacobs Cinemas,3,63.96,2026-07-23,CANCELLED
3739,3118,guerracarrie@example.net,779,System real ability,"Murphy, Lee and Garcia Cinemas",1,9.56,2026-06-18,CONFIRMED
3740,2608,greenbrenda@example.org,1673,Much opportunity computer,"Coleman, Vega and Richmond Cinemas",6,142.32,2026-06-28,CONFIRMED
3741,1576,davismary@example.org,872,Responsibility,Joseph Inc Cinemas,5,103.95,2026-07-13,CONFIRMED
3742,1029,jason57@example.net,1825,Owner office,"Miranda, Wheeler and Avila Cinemas",3,28.11,2026-07-01,CONFIRMED
3743,1236,marcusramirez@example.org,927,List no,Rodriguez Inc Cinemas,6,119.34,2026-07-22,CONFIRMED
3744,2042,wherring@example.org,1726,Energy,"Zamora, Sutton and Campbell Cinemas",2,25.8,2026-06-25,CONFIRMED
3745,258,samantha54@example.net,277,Artist,"Cooke, Meadows and Robles Cinemas",1,10.09,2026-07-23,CANCELLED
3746,4308,jennifer04@example.net,1903,Staff,Carroll-Snyder Cinemas,1,21.14,2026-06-24,CONFIRMED
3747,2663,umanning@example.net,187,Almost agency already,Black-Mccoy Cinemas,4,54.4,2026-07-23,CONFIRMED
3748,793,eric85@example.org,746,Have grow rate,Price-Schmitt Cinemas,1,16.09,2026-07-09,CONFIRMED
3749,3189,paynedominic@example.net,1574,Play choose worry,"Hatfield, Edwards and Brown Cinemas",4,46.12,2026-07-03,CONFIRMED
3750,1487,lgonzalez@example.net,1458,Sure voice on,Gibson-Thomas Cinemas,6,107.1,2026-07-16,CONFIRMED
3751,1785,zparker@example.net,1961,Direction material,"Jordan, Swanson and Franklin Cinemas",3,60.0,2026-07-23,CONFIRMED
3752,1008,jessicaeaton@example.org,513,Face,Curry-Allen Cinemas,5,42.9,2026-07-23,CONFIRMED
3753,642,keithbaker@example.net,407,Game sound,Castillo Group Cinemas,4,47.4,2026-07-23,CONFIRMED
3754,4610,qbailey@example.com,1055,Mother hotel development list,"Guerrero, Watson and Perry Cinemas",2,16.52,2026-06-28,CONFIRMED
3755,4805,umitchell@example.net,1727,Image,Nguyen-Jenkins Cinemas,4,95.8,2026-07-23,CONFIRMED
3756,819,veronicacampbell@example.net,1256,Body whom,"Mcdonald, Lee and Rodriguez Cinemas",6,94.5,2026-07-23,CONFIRMED
3757,3286,melissachristian@example.net,7,Could social,"Allen, Gonzales and Reeves Cinemas",4,82.04,2026-07-23,CONFIRMED
3758,3704,kgillespie@example.net,764,Industry before,"Mckee, Gardner and Davenport Cinemas",5,97.6,2026-07-23,CONFIRMED
3759,1858,gregorycarpenter@example.com,715,Chair what measure,"Fowler, Jones and Moore Cinemas",2,42.06,2026-06-23,CONFIRMED
3760,862,alex95@example.org,218,Visit PM this,"Anderson, Velazquez and Stewart Cinemas",5,85.85,2026-07-23,CANCELLED
3761,4116,vasquezcrystal@example.org,1630,Where itself exactly,Lee PLC Cinemas,5,85.15,2026-07-05,CONFIRMED
3762,1550,wallen@example.com,109,More experience read,Parks Ltd Cinemas,4,89.96,2026-07-23,CONFIRMED
3763,3064,stacy45@example.com,321,Reality guess sister,"Brown, Armstrong and Johnson Cinemas",1,15.97,2026-07-23,CONFIRMED
3764,1356,ldawson@example.net,935,Claim opportunity ability,Ho-Mendez Cinemas,2,38.02,2026-07-19,CONFIRMED
3765,3283,stephen37@example.com,1411,Purpose current,Robinson-Gay Cinemas,2,22.98,2026-07-23,CONFIRMED
3766,3985,imartinez@example.net,1162,Amount hour level,Adams PLC Cinemas,5,102.75,2026-07-23,CONFIRMED
3767,1389,elizabethmoore@example.org,226,There,"Frye, Hoffman and Santiago Cinemas",5,85.05,2026-07-23,CONFIRMED
3768,3692,frose@example.org,1059,Service spring,Morrison-Simmons Cinemas,6,99.72,2026-07-23,CONFIRMED
3769,4848,kendra09@example.net,1450,Tonight provide newspaper,"Jordan, Murphy and Sanchez Cinemas",2,36.4,2026-06-13,CONFIRMED
3770,3455,samuel08@example.net,1490,Drop tend current,Nelson and Sons Cinemas,4,41.2,2026-07-23,CONFIRMED
3771,2503,bmiller@example.net,603,Check pick expert,"Brown, James and Arroyo Cinemas",5,79.15,2026-07-23,CONFIRMED
3772,108,omarmiller@example.net,719,Drop avoid before,Wagner-Hernandez Cinemas,1,15.68,2026-06-22,CANCELLED
3773,4714,jasonwaters@example.com,247,Development me need,Martinez Ltd Cinemas,1,11.31,2026-07-23,CONFIRMED
3774,2668,ojames@example.org,194,Of him draw,"Herrera, Jensen and Ramirez Cinemas",6,88.98,2026-07-23,CONFIRMED
3775,4723,vmorrison@example.net,654,Eye single,Wright-Davis Cinemas,2,41.4,2026-07-23,CONFIRMED
3776,1524,ericwheeler@example.org,1867,Trip within production,Adams PLC Cinemas,6,85.32,2026-06-27,CONFIRMED
3777,590,ruth45@example.org,1463,Know never,Turner Inc Cinemas,2,41.7,2026-06-19,CONFIRMED
3778,671,philliphayden@example.net,1991,Employee forward,Harper-Johnson Cinemas,4,38.48,2026-07-20,CONFIRMED
3779,4232,phamkristi@example.org,1493,Move fill another,"Li, Jensen and Vazquez Cinemas",6,79.68,2026-07-20,CANCELLED
3780,1576,davismary@example.org,347,Minute season political,Ward-Chase Cinemas,2,31.88,2026-06-22,CANCELLED
3781,1370,jamesmullins@example.com,746,Have grow rate,Price-Schmitt Cinemas,2,32.18,2026-07-06,CONFIRMED
3782,657,isaiahthomas@example.net,1654,Foreign,"Nguyen, Marsh and Beck Cinemas",4,38.88,2026-07-23,CONFIRMED
3783,295,andrea19@example.com,972,Less admit involve,"Howard, Brennan and Moore Cinemas",3,68.55,2026-07-23,CONFIRMED
3784,4479,delacruzmelanie@example.net,1165,Account large lot,"Miller, Hansen and Salas Cinemas",4,45.44,2026-07-23,CONFIRMED
3785,798,dpoole@example.com,1708,Nothing wonder career,Davis PLC Cinemas,3,65.55,2026-07-01,CANCELLED
3786,2385,vreilly@example.net,807,Western address,Padilla-Bennett Cinemas,6,120.36,2026-07-06,CANCELLED
3787,3828,morrisonstephanie@example.org,1801,Answer reveal way few,Garner LLC Cinemas,5,89.05,2026-07-23,CONFIRMED
3788,1246,qwhitaker@example.org,385,Share name attention,"Whitney, Mayo and Clark Cinemas",1,16.69,2026-07-23,CONFIRMED
3789,39,lindseysandra@example.org,263,Easy win leg,"Howard, Brennan and Moore Cinemas",4,85.08,2026-07-23,CONFIRMED
3790,2281,sduffy@example.net,1570,Window we,Hernandez Ltd Cinemas,6,144.0,2026-07-23,CONFIRMED
3791,1250,ingrambrandon@example.com,1383,Where leader its,Sharp Ltd Cinemas,4,77.28,2026-07-23,CONFIRMED
3792,2011,maria44@example.com,634,Line mother chance,Harris-Jensen Cinemas,2,25.42,2026-07-18,CANCELLED
3793,4449,smoore@example.net,1723,Interview not though,"Edwards, Baker and Anderson Cinemas",3,71.46,2026-07-23,CONFIRMED
3794,4388,scott23@example.com,1109,Human director building,Garrett-Stout Cinemas,6,133.92,2026-07-23,CONFIRMED
3795,3491,nkelly@example.net,1516,Hotel,Smith Ltd Cinemas,4,73.88,2026-07-23,CONFIRMED
3796,3206,amycunningham@example.org,1430,Reveal study bad,"Hernandez, Cuevas and Webb Cinemas",4,46.6,2026-06-19,CONFIRMED
3797,624,hudsonglen@example.net,1671,Camera rise consider,Casey-Romero Cinemas,3,29.58,2026-07-23,CONFIRMED
3798,3921,jeremyjackson@example.org,846,Science order share son,Miller Group Cinemas,5,101.65,2026-07-23,CONFIRMED
3799,4021,eric94@example.org,1552,Series thus,Smith Ltd Cinemas,1,22.83,2026-07-23,CANCELLED
3800,666,jscott@example.com,1242,Nearly section,"Carrillo, Henderson and Matthews Cinemas",3,70.86,2026-07-23,CONFIRMED
3801,4965,suebarajas@example.net,1,Series career agree,"Munoz, Krueger and Solomon Cinemas",3,72.69,2026-06-27,CONFIRMED
3802,1191,wayne01@example.net,1408,Own modern oil,Wright Group Cinemas,5,93.4,2026-06-27,CONFIRMED
3803,2310,anthony55@example.net,1416,In wide,Sherman-Munoz Cinemas,4,42.4,2026-07-23,CONFIRMED
3804,1591,cliffordprice@example.org,1794,Better ok building hand,Ochoa-Adams Cinemas,2,16.26,2026-07-23,CONFIRMED
3805,770,dgarcia@example.org,1805,Identify effort,"Taylor, Williams and Hall Cinemas",1,18.08,2026-06-15,CONFIRMED
3806,1025,jonesjerry@example.net,878,Trouble Mrs single,"Ray, Cunningham and Levine Cinemas",4,40.84,2026-06-12,CONFIRMED
3807,1592,hharper@example.net,1915,Each bed good friend,"Smith, Beard and Taylor Cinemas",6,135.42,2026-07-23,CONFIRMED
3808,4352,kdillon@example.org,1368,Though effort policy,"Castro, Irwin and Rodriguez Cinemas",2,33.36,2026-07-23,CANCELLED
3809,4089,christine91@example.com,591,Deal opportunity opportunity,"Gaines, Smith and Evans Cinemas",1,11.29,2026-07-23,CONFIRMED
3810,2687,jillian89@example.org,1470,Help analysis view,Orr-Miranda Cinemas,5,100.4,2026-07-23,CONFIRMED
3811,3830,travis85@example.net,1107,A,Morgan and Sons Cinemas,6,149.76,2026-06-26,CANCELLED
3812,3788,seanwheeler@example.com,417,Consumer character account,"Ramirez, Miller and Mccormick Cinemas",3,62.61,2026-07-02,CONFIRMED
3813,1646,dawn85@example.org,1847,Material everything interest,"Friedman, Wood and Cox Cinemas",6,146.52,2026-07-23,CONFIRMED
3814,844,dana58@example.net,712,Former get occur,"Howard, Townsend and Hayes Cinemas",1,9.58,2026-06-19,CONFIRMED
3815,4788,ugonzalez@example.net,790,Speak,"Miller, Hansen and Salas Cinemas",3,42.0,2026-07-23,CONFIRMED
3816,2880,beverlyflores@example.org,1880,Sort late his,"Whitney, Mayo and Clark Cinemas",5,40.5,2026-07-11,CONFIRMED
3817,157,icollins@example.com,1175,Great true safe,Lutz and Sons Cinemas,3,60.15,2026-07-23,CONFIRMED
3818,288,llambert@example.org,569,President wind,Peterson-Wagner Cinemas,4,69.12,2026-06-17,CONFIRMED
3819,3145,dparker@example.org,407,Game sound,Castillo Group Cinemas,2,23.7,2026-07-23,CONFIRMED
3820,3409,johndaniels@example.com,1222,Performance one change,Knox and Sons Cinemas,2,38.8,2026-07-07,CANCELLED
3821,1682,gquinn@example.com,1282,Institution anyone significant,Gallegos-Turner Cinemas,6,97.44,2026-06-15,CONFIRMED
3822,994,michelle11@example.org,672,Mr if get,Hebert Group Cinemas,5,85.25,2026-07-23,CONFIRMED
3823,2153,newmanthomas@example.com,1166,Believe dark,"Garza, Williams and Walker Cinemas",1,18.38,2026-06-25,CONFIRMED
3824,4165,darrylmendez@example.com,600,Near girl hospital,"Thomas, Moreno and Smith Cinemas",6,132.84,2026-07-23,CONFIRMED
3825,3536,williamsroberto@example.org,1057,Movie money contain,"Lawson, Lopez and Myers Cinemas",2,36.82,2026-07-23,CONFIRMED
3826,4889,rsmith@example.net,1021,How even,"Bell, Peterson and Price Cinemas",4,50.32,2026-06-27,CONFIRMED
3827,1309,wangjoshua@example.com,680,Which process,Rojas and Sons Cinemas,4,81.12,2026-07-23,CONFIRMED
3828,2197,jmccormick@example.org,610,Remember hotel really authority,Aguirre-Bennett Cinemas,6,55.44,2026-07-23,CONFIRMED
3829,2779,david43@example.com,839,Left year school,"Hammond, Douglas and Johnson Cinemas",4,71.0,2026-07-14,CONFIRMED
3830,1353,jean10@example.com,1982,Skill how fear,"Roberts, Stanton and Smith Cinemas",4,48.68,2026-06-24,CONFIRMED
3831,4950,proach@example.net,1056,Environmental couple,Buchanan LLC Cinemas,6,102.18,2026-07-07,CONFIRMED
3832,888,waterskyle@example.org,887,Already control,Morris-Armstrong Cinemas,1,12.0,2026-07-23,CONFIRMED
3833,2061,ssmith@example.net,279,Amount attorney room,Rodriguez-Hernandez Cinemas,5,55.8,2026-07-23,CONFIRMED
3834,65,reynoldsmichelle@example.org,643,Look alone admit,Gibson and Sons Cinemas,6,117.12,2026-07-23,CONFIRMED
3835,1269,tommy17@example.net,759,Continue serve,Wood-Williams Cinemas,4,73.96,2026-07-23,CONFIRMED
3836,457,whitelevi@example.org,923,Movie as,Walker-Holt Cinemas,1,15.34,2026-07-16,CONFIRMED
3837,4873,josebutler@example.com,825,Minute plan,Wright-Davis Cinemas,6,108.42,2026-06-29,CONFIRMED
3838,1052,perryjessica@example.net,1693,American something,"Freeman, Hall and Allison Cinemas",2,46.62,2026-07-09,CONFIRMED
3839,2201,travis09@example.com,1401,Oil,Lynch LLC Cinemas,1,18.57,2026-07-23,CONFIRMED
3840,3056,patricia74@example.org,338,Later floor,Wyatt Ltd Cinemas,3,43.35,2026-07-14,CONFIRMED
3841,3949,olsenvalerie@example.net,316,Friend,"Diaz, Hill and Becker Cinemas",4,83.24,2026-06-25,CONFIRMED
3842,1594,rtaylor@example.net,30,Either writer tonight,Casey-Romero Cinemas,3,40.77,2026-07-02,CONFIRMED
3843,17,katiepowell@example.net,1682,Against discuss give,"Richardson, Stephens and Barnes Cinemas",6,77.04,2026-06-27,CONFIRMED
3844,2994,elizabeth11@example.org,978,Break film tax,Brown LLC Cinemas,3,71.76,2026-07-23,CONFIRMED
3845,4577,huangrhonda@example.com,932,The point state,Perez Inc Cinemas,2,30.64,2026-07-23,CONFIRMED
3846,438,lucasteresa@example.com,1658,Laugh across,Anderson-Silva Cinemas,5,118.5,2026-06-27,CONFIRMED
3847,2359,samanthastone@example.org,1696,Edge attack,"Blevins, Delgado and Bennett Cinemas",6,85.26,2026-07-13,CONFIRMED
3848,3439,stevengray@example.net,1605,Somebody both argue difference,Lyons PLC Cinemas,2,31.02,2026-07-07,CONFIRMED
3849,2681,samuelhill@example.org,61,Baby rather,"Ramsey, Martinez and Sherman Cinemas",1,20.4,2026-07-01,CONFIRMED
3850,1489,joseph50@example.org,516,Modern side expert,Smith-Clayton Cinemas,2,27.02,2026-07-23,CONFIRMED
3851,1609,mary19@example.org,840,Very simply,Johnson-Powers Cinemas,3,62.16,2026-07-23,CONFIRMED
3852,1739,roseeric@example.com,1374,Already wish,Adams PLC Cinemas,4,48.56,2026-07-23,CANCELLED
3853,2826,lbell@example.org,403,Item but TV,Marshall Inc Cinemas,2,19.58,2026-07-23,CONFIRMED
3854,2874,matajaclyn@example.com,715,Chair what measure,"Fowler, Jones and Moore Cinemas",1,21.03,2026-06-22,CONFIRMED
3855,2110,martin00@example.com,319,What no,"Porter, Patel and Jackson Cinemas",1,22.89,2026-07-23,CONFIRMED
3856,4063,richardrojas@example.com,1694,Fall letter,Gibson-Gardner Cinemas,6,141.84,2026-07-23,CONFIRMED
3857,1984,ggray@example.net,468,Bit they pick,Hale-Durham Cinemas,4,61.12,2026-06-20,CONFIRMED
3858,4501,mark79@example.net,132,Step different,"White, Smith and Warner Cinemas",1,19.67,2026-07-02,CONFIRMED
3859,1946,zclements@example.com,1939,True care,"Murphy, Lee and Garcia Cinemas",4,37.76,2026-07-01,CONFIRMED
3860,2772,jacob18@example.org,579,Term between,Johnson-Powers Cinemas,3,66.45,2026-07-23,CANCELLED
3861,2212,stevenmills@example.org,689,She,George-Myers Cinemas,6,72.18,2026-07-02,CONFIRMED
3862,2674,hollychang@example.net,1009,Another,Edwards and Sons Cinemas,5,77.5,2026-06-17,CANCELLED
3863,2860,jacqueline69@example.net,405,Approach heavy human,Carney Group Cinemas,3,65.49,2026-07-02,CANCELLED
3864,1806,ealexander@example.net,1055,Mother hotel development list,"Guerrero, Watson and Perry Cinemas",6,49.56,2026-06-23,CONFIRMED
3865,1481,zachary32@example.org,724,Reason rock bit,"Foster, Smith and Grimes Cinemas",6,113.46,2026-06-15,CONFIRMED
3866,85,courtney01@example.org,1066,In each yeah,Bridges Ltd Cinemas,4,61.96,2026-07-23,CONFIRMED
3867,1472,staylor@example.net,252,Public benefit family,"Warner, Carr and Archer Cinemas",1,18.3,2026-07-18,CONFIRMED
3868,2151,ghunt@example.net,1394,Project use dog,"Haas, Richardson and Lee Cinemas",1,22.35,2026-07-20,CONFIRMED
3869,340,ucarlson@example.com,1297,Cut group few,Patterson-Lawrence Cinemas,2,36.86,2026-07-23,CONFIRMED
3870,2095,jennifercordova@example.net,1749,Career talk,Bradley-Novak Cinemas,4,91.92,2026-07-23,CONFIRMED
3871,2395,daisy57@example.com,907,Only away,Haynes-Moss Cinemas,6,87.24,2026-07-23,CANCELLED
3872,188,timothy27@example.org,849,Product leave,"Howard, Townsend and Hayes Cinemas",4,94.0,2026-07-11,CONFIRMED
3873,4443,harrisjesus@example.net,122,Impact compare after,Ryan-West Cinemas,1,16.84,2026-07-07,CONFIRMED
3874,1624,ncampbell@example.com,1309,Strategy pressure other,Weber-Richards Cinemas,2,25.1,2026-06-16,CONFIRMED
3875,321,cassandra33@example.net,1445,Cover defense,Wilson-Williams Cinemas,1,10.48,2026-07-23,CONFIRMED
3876,3935,jolson@example.org,530,Left life money occur,Mclaughlin Inc Cinemas,1,15.39,2026-06-23,CONFIRMED
3877,4045,qshepherd@example.org,1309,Strategy pressure other,Weber-Richards Cinemas,3,37.65,2026-06-15,CONFIRMED
3878,2739,matthew26@example.net,1219,Fear somebody,"Davis, Wood and Paul Cinemas",1,10.08,2026-07-23,CONFIRMED
3879,207,padillapatricia@example.org,725,Class if,Kirk Inc Cinemas,2,35.82,2026-07-23,CONFIRMED
3880,4489,kelly56@example.net,1693,American something,"Freeman, Hall and Allison Cinemas",4,93.24,2026-07-17,CONFIRMED
3881,1777,rogersrobert@example.net,834,Suggest drug born,"Jones, Abbott and Pope Cinemas",6,117.54,2026-07-07,CONFIRMED
3882,4479,delacruzmelanie@example.net,618,Room movement,Johnson and Sons Cinemas,1,13.84,2026-07-01,CONFIRMED
3883,3708,plin@example.net,712,Former get occur,"Howard, Townsend and Hayes Cinemas",5,47.9,2026-06-19,CONFIRMED
3884,2073,pfry@example.net,332,Her there,"Mckee, Gardner and Davenport Cinemas",1,10.21,2026-06-27,CONFIRMED
3885,4611,yballard@example.net,1311,A,"Alvarez, Pierce and Baker Cinemas",4,73.68,2026-07-14,CONFIRMED
3886,3539,paulabrooks@example.net,601,Series contain,"Hendricks, Zuniga and Miller Cinemas",3,68.73,2026-06-13,CANCELLED
3887,4751,kjohnson@example.com,373,Establish three city,"Howard, Brennan and Moore Cinemas",5,121.5,2026-07-23,CONFIRMED
3888,3164,vtodd@example.net,1258,Hear rise,Hill and Sons Cinemas,4,40.88,2026-06-25,CONFIRMED
3889,4855,rhernandez@example.org,184,Hour story stay,Peterson-Mullins Cinemas,6,86.94,2026-07-06,CONFIRMED
3890,2183,jessetaylor@example.com,1552,Series thus,Smith Ltd Cinemas,5,114.15,2026-07-23,CONFIRMED
3891,2415,stephen64@example.com,1991,Employee forward,Harper-Johnson Cinemas,3,28.86,2026-07-23,CONFIRMED
3892,4103,reidstacey@example.net,97,Building truth success cause,Robertson-Hays Cinemas,6,71.64,2026-07-23,CANCELLED
3893,3316,moorejoy@example.com,171,Force focus,Howe Inc Cinemas,1,15.16,2026-07-17,CONFIRMED
3894,1576,davismary@example.org,290,Three low,Hoffman PLC Cinemas,1,10.25,2026-07-23,CONFIRMED
3895,3468,vburgess@example.net,1359,Space type eye,Chang Ltd Cinemas,2,38.46,2026-07-23,CANCELLED
3896,364,tammy53@example.org,213,Agent also,Owens-Mayer Cinemas,3,63.42,2026-07-21,CONFIRMED
3897,825,stephaniewilson@example.org,8,General above price,Flores Ltd Cinemas,1,21.7,2026-07-08,CANCELLED
3898,2743,hooperwilliam@example.com,421,Executive,"Harrington, Johnson and Jones Cinemas",2,49.48,2026-06-17,CONFIRMED
3899,3799,quinnjohn@example.com,63,Model remember,Hall-Mckinney Cinemas,4,38.92,2026-07-23,CONFIRMED
3900,4914,catherine60@example.org,1233,Charge a,Buchanan LLC Cinemas,5,85.35,2026-07-21,CONFIRMED
3901,3760,deborahsmith@example.com,692,Manage myself lose,Mcclain Inc Cinemas,4,89.72,2026-07-23,CONFIRMED
3902,2840,regina46@example.org,698,Run general bill,"Scott, Bartlett and Sloan Cinemas",5,95.5,2026-06-26,CONFIRMED
3903,4248,wendywoods@example.net,146,Perform heavy hit,Miller and Sons Cinemas,3,53.82,2026-07-23,CONFIRMED
3904,4340,brandongarza@example.com,473,Create authority,"Wright, Mcknight and Stephens Cinemas",5,70.75,2026-07-23,CONFIRMED
3905,645,hernandezreginald@example.net,1257,Human into,Gonzalez-Mccarthy Cinemas,2,19.66,2026-06-30,CONFIRMED
3906,2147,adkinsjessica@example.net,1693,American something,"Freeman, Hall and Allison Cinemas",2,46.62,2026-07-07,CONFIRMED
3907,4676,ysoto@example.net,182,Week color,Rowe-Jones Cinemas,1,13.3,2026-06-24,CANCELLED
3908,1132,marksbrandon@example.net,895,Choose city,Vargas-Snyder Cinemas,5,87.1,2026-07-23,CONFIRMED
3909,4222,christinehowell@example.org,1079,Participant foreign major you,Anderson Group Cinemas,6,52.86,2026-07-01,CONFIRMED
3910,3905,michaelsummers@example.net,825,Minute plan,Wright-Davis Cinemas,5,90.35,2026-07-02,CONFIRMED
3911,1126,hjenkins@example.org,121,Knowledge poor around,"Henry, Edwards and Bartlett Cinemas",4,90.4,2026-07-23,CONFIRMED
3912,2605,hatkinson@example.com,628,Front its,Miller-Booker Cinemas,4,93.48,2026-07-12,CONFIRMED
3913,131,ebruce@example.net,948,Particular movie,Williams-Mckenzie Cinemas,1,10.08,2026-07-23,CONFIRMED
3914,4078,colson@example.com,528,South set also,"Diaz, Hill and Becker Cinemas",4,97.56,2026-07-14,CONFIRMED
3915,3822,jonesmichelle@example.net,909,Your north,"Duarte, Smith and Caldwell Cinemas",4,85.28,2026-07-23,CONFIRMED
3916,3245,cthompson@example.net,172,Bad many worry agreement,Guzman-Montoya Cinemas,6,69.48,2026-07-23,CONFIRMED
3917,416,marthaduffy@example.com,1798,Back because,"Wilson, Trujillo and Moody Cinemas",6,124.14,2026-07-23,CONFIRMED
3918,3276,tlewis@example.net,1499,Relate affect,Carter-Johnson Cinemas,1,11.81,2026-07-08,CONFIRMED
3919,3977,shelly47@example.net,839,Left year school,"Hammond, Douglas and Johnson Cinemas",3,53.25,2026-07-23,CONFIRMED
3920,3556,patrick78@example.org,1215,Term four,Hunter Group Cinemas,2,22.98,2026-06-28,CONFIRMED
3921,3783,benjamin44@example.org,282,Start accept civil,Marshall Group Cinemas,4,46.88,2026-07-23,CONFIRMED
3922,4092,paulhatfield@example.org,1981,Rich ahead,Hudson-Sparks Cinemas,4,34.52,2026-07-21,CONFIRMED
3923,1540,wongjacqueline@example.org,1679,Visit growth,"Williams, Newman and Jones Cinemas",4,52.68,2026-07-23,CONFIRMED
3924,750,melanie46@example.net,48,Hospital attorney computer,"Patterson, Camacho and White Cinemas",4,98.28,2026-07-23,CONFIRMED
3925,4779,kleinjesus@example.org,724,Reason rock bit,"Foster, Smith and Grimes Cinemas",1,18.91,2026-06-26,CONFIRMED
3926,4330,gnorton@example.org,749,Computer maybe,Hall-Mckinney Cinemas,5,108.95,2026-07-07,CONFIRMED
3927,1760,reedbrenda@example.com,312,Writer probably,Simon and Sons Cinemas,6,73.32,2026-07-23,CONFIRMED
3928,1137,matthewvaughn@example.org,317,Music guess,"Larson, Daniels and James Cinemas",5,99.0,2026-07-23,CONFIRMED
3929,4687,melinda85@example.com,1569,Lot stage education,"Mooney, Conley and Fox Cinemas",3,53.4,2026-06-24,CONFIRMED
3930,2960,warddavid@example.org,698,Run general bill,"Scott, Bartlett and Sloan Cinemas",5,95.5,2026-06-22,CONFIRMED
3931,553,jasonreid@example.net,866,Important to mean,"May, Valenzuela and Lee Cinemas",3,47.88,2026-06-30,CANCELLED
3932,3173,johngarcia@example.org,164,Thousand move,Santos-Wood Cinemas,3,42.0,2026-07-11,CONFIRMED
3933,392,ashleywalton@example.com,1191,Law stay fall,Lutz and Sons Cinemas,5,69.55,2026-07-02,CONFIRMED
3934,1227,elizabethjohnson@example.org,1920,Laugh most court,Welch-Hogan Cinemas,4,76.64,2026-07-06,CANCELLED
3935,3181,melissa83@example.com,1760,Congress article,Garcia LLC Cinemas,1,17.96,2026-07-23,CONFIRMED
3936,494,kimberly19@example.com,539,Pass exactly,"Thompson, Harper and Welch Cinemas",4,79.92,2026-07-23,CONFIRMED
3937,3107,christophersolomon@example.org,1130,Either choose to,Jones-Contreras Cinemas,6,65.58,2026-07-23,CONFIRMED
3938,1273,olivia27@example.net,1022,Site yeah,Sanchez-Douglas Cinemas,2,22.2,2026-07-21,CONFIRMED
3939,4319,janetpena@example.org,1784,Natural great floor mission,Jackson Ltd Cinemas,4,93.32,2026-07-23,CONFIRMED
3940,2935,gmcdonald@example.net,971,Great all,Jimenez Ltd Cinemas,3,64.83,2026-07-23,CONFIRMED
3941,3958,nicoleshields@example.org,943,Almost no answer,Wheeler PLC Cinemas,2,25.84,2026-07-11,CONFIRMED
3942,3494,robertsonlisa@example.com,469,Authority glass,"Vang, Wilkinson and Wilson Cinemas",3,68.16,2026-07-23,CONFIRMED
3943,4449,smoore@example.net,774,Off home,"Ray, Cunningham and Levine Cinemas",2,37.78,2026-07-23,CONFIRMED
3944,1849,aknight@example.org,1063,Bit sing,"Miranda, Wheeler and Avila Cinemas",6,140.52,2026-07-16,CONFIRMED
3945,4131,dalehudson@example.org,1927,Thing amount,"Schaefer, Barry and Espinoza Cinemas",4,99.76,2026-07-23,CONFIRMED
3946,675,vparks@example.org,276,Partner usually glass example,"Johns, Figueroa and Graham Cinemas",5,118.7,2026-07-20,CONFIRMED
3947,116,owhite@example.org,1799,Generation catch environmental,"Ray, Cunningham and Levine Cinemas",5,58.5,2026-06-14,CONFIRMED
3948,2986,hartmanvictor@example.com,735,Remember stay,Robinson Group Cinemas,5,65.2,2026-06-19,CONFIRMED
3949,1805,ryanrosales@example.org,1906,Turn through,Reilly-Gibson Cinemas,2,43.98,2026-07-10,CONFIRMED
3950,3950,qdunn@example.net,1144,Have reach water hit,Henderson LLC Cinemas,5,87.3,2026-07-17,CONFIRMED
3951,4836,rwells@example.org,1579,Into after,Nguyen-Jenkins Cinemas,3,38.1,2026-07-23,CONFIRMED
3952,534,murphygeorge@example.org,1970,Bank if prevent,Russell Inc Cinemas,5,109.9,2026-06-30,CONFIRMED
3953,2931,dsmith@example.net,1095,Couple other,Rojas Inc Cinemas,4,41.2,2026-07-23,CONFIRMED
3954,3311,csmith@example.com,708,Fall structure woman,"Aguilar, Buckley and Ramirez Cinemas",4,88.72,2026-07-23,CONFIRMED
3955,3616,elizabeth41@example.net,942,But challenge reveal,Robinson Inc Cinemas,4,59.52,2026-07-16,CONFIRMED
3956,2240,bartlettapril@example.net,1852,Page over,"Greene, Rogers and Haley Cinemas",4,49.56,2026-07-23,CONFIRMED
3957,468,nicholasflores@example.com,1406,Capital consumer own,Hunter Group Cinemas,5,86.55,2026-07-23,CONFIRMED
3958,536,larsenharold@example.net,430,Commercial president,"Schwartz, Estrada and Hernandez Cinemas",5,64.8,2026-07-23,CONFIRMED
3959,190,lpage@example.com,1396,Leg,"Gonzales, Smith and Davis Cinemas",6,79.2,2026-07-23,CANCELLED
3960,2064,michaelmartinez@example.net,1334,Ever tonight interesting,"Weiss, Cole and Preston Cinemas",3,28.65,2026-07-20,CONFIRMED
3961,1968,catherine68@example.com,1045,Major manager,Harrell Group Cinemas,3,49.59,2026-07-23,CONFIRMED
3962,2577,usims@example.net,938,Sing successful thus sometimes,Hall Ltd Cinemas,6,58.92,2026-07-23,CANCELLED
3963,2924,oclayton@example.com,585,Save control simply,Jimenez Ltd Cinemas,5,122.9,2026-07-23,CONFIRMED
3964,1279,chambersvanessa@example.org,819,Maybe finish,Peterson-Dunn Cinemas,1,17.5,2026-07-23,CANCELLED
3965,3083,wmayer@example.com,1307,Ball great,"Thomas, White and Jensen Cinemas",4,51.0,2026-07-23,CONFIRMED
3966,999,michael44@example.com,573,Understand education,"Taylor, Morales and Fuller Cinemas",6,122.64,2026-06-13,CANCELLED
3967,625,uhubbard@example.com,1485,Summer machine,Davis-Williams Cinemas,1,20.13,2026-07-08,CONFIRMED
3968,4006,bpham@example.com,590,Will close crime,"Baker, May and Hughes Cinemas",1,19.62,2026-06-16,CONFIRMED
3969,14,martinezcatherine@example.net,197,Tell,"Duarte, Smith and Caldwell Cinemas",5,119.0,2026-07-23,CONFIRMED
3970,354,richard37@example.org,119,Generation main,Acosta and Sons Cinemas,4,42.68,2026-07-23,CONFIRMED
3971,4330,gnorton@example.org,1946,Center cell budget,"Moore, Alexander and Reed Cinemas",5,57.55,2026-06-30,CONFIRMED
3972,1527,melissa91@example.com,1964,Participant better world,"Mooney, Conley and Fox Cinemas",3,52.74,2026-07-02,CONFIRMED
3973,3821,matthewmoses@example.org,1470,Help analysis view,Orr-Miranda Cinemas,1,20.08,2026-07-15,CONFIRMED
3974,4391,solomonmichael@example.org,1965,Food middle,Nunez LLC Cinemas,5,48.0,2026-07-15,CONFIRMED
3975,3431,csnyder@example.net,1693,American something,"Freeman, Hall and Allison Cinemas",5,116.55,2026-07-13,CONFIRMED
3976,26,bowmanjoel@example.net,605,Price writer spring question,Mckinney-Butler Cinemas,5,95.35,2026-07-23,CONFIRMED
3977,3615,kguerrero@example.com,1889,Situation defense woman message,"Underwood, Bartlett and Russell Cinemas",6,62.52,2026-07-17,CONFIRMED
3978,1159,amy17@example.com,25,Spend animal,"Evans, David and Hendrix Cinemas",2,25.7,2026-07-23,CONFIRMED
3979,4415,ucoleman@example.net,804,Year report,Chavez PLC Cinemas,6,91.68,2026-07-23,CONFIRMED
3980,1184,nancy67@example.org,1184,Need door draw,"Henson, Jones and Sanders Cinemas",6,66.0,2026-07-19,CANCELLED
3981,1008,jessicaeaton@example.org,536,Study respond,"Davis, Johnson and Williams Cinemas",2,28.32,2026-07-18,CONFIRMED
3982,3836,shawn00@example.com,298,Sea professor might,"Young, Henry and Wright Cinemas",1,16.53,2026-07-09,CANCELLED
3983,3720,davidlopez@example.net,1561,While everybody woman,"Webb, Thompson and Moore Cinemas",1,23.25,2026-07-23,CONFIRMED
3984,1523,ginamiller@example.org,563,Analysis serious,"Ramirez, Horne and Johnson Cinemas",6,90.36,2026-07-23,CONFIRMED
3985,2806,brady75@example.org,895,Choose city,Vargas-Snyder Cinemas,3,52.26,2026-07-23,CONFIRMED
3986,1569,marissa74@example.net,1719,Difficult page send always,"Meyer, Dawson and Harper Cinemas",3,43.65,2026-07-02,CONFIRMED
3987,4833,hughesalexis@example.com,1993,Quite record tell,"Herrera, Jensen and Ramirez Cinemas",4,48.4,2026-07-23,CONFIRMED
3988,3303,djimenez@example.com,1393,Practice,Nichols-Lam Cinemas,5,58.35,2026-07-23,CONFIRMED
3989,1815,meganpatrick@example.com,655,Less among change,English-Dominguez Cinemas,4,41.48,2026-07-23,CANCELLED
3990,4006,bpham@example.com,871,Sign be land,Jones Inc Cinemas,4,76.2,2026-07-23,CONFIRMED
3991,4296,tonyaramos@example.com,674,Necessary push,"Elliott, Villarreal and Sosa Cinemas",3,46.08,2026-07-23,CONFIRMED
3992,294,hamiltonkendra@example.net,832,Game other,Johnson LLC Cinemas,1,14.45,2026-07-18,CONFIRMED
3993,4650,tcoleman@example.org,964,Actually green,Hunter Group Cinemas,5,80.6,2026-07-23,CANCELLED
3994,4422,wjohnson@example.net,4,Member turn improve,"Davis, Rodriguez and Andrews Cinemas",5,115.25,2026-06-22,CANCELLED
3995,4216,jonathan78@example.net,369,Enter under,"Black, Collins and Powell Cinemas",3,56.46,2026-07-05,CONFIRMED
3996,1768,raymond84@example.com,1602,Time enjoy drug,Stafford Ltd Cinemas,5,42.2,2026-07-23,CONFIRMED
3997,1991,ewatts@example.org,1754,Hit trouble,Rodriguez Group Cinemas,5,69.55,2026-07-23,CONFIRMED
3998,606,wharris@example.com,1960,Realize,Landry-Hill Cinemas,5,78.6,2026-07-06,CONFIRMED
3999,3948,jennifer36@example.com,1113,Key fire set,"Phillips, Walters and Evans Cinemas",6,96.24,2026-07-23,CONFIRMED
4000,2961,deborahcoleman@example.com,909,Your north,"Duarte, Smith and Caldwell Cinemas",5,106.6,2026-07-23,CONFIRMED
4001,4455,staceyparsons@example.org,240,Industry water,Bradley-Davis Cinemas,5,69.75,2026-07-23,CONFIRMED
4002,3015,jasonhess@example.net,1123,Miss stay,Garner LLC Cinemas,6,120.0,2026-07-23,CONFIRMED
4003,3438,colonjames@example.org,1358,World candidate,Wood-Watson Cinemas,1,12.58,2026-06-28,CONFIRMED
4004,3968,richardsonmark@example.org,402,Choice short,Black-Mccoy Cinemas,3,66.66,2026-07-12,CONFIRMED
4005,43,elizabeth14@example.org,1305,Leader,Hernandez Ltd Cinemas,6,82.8,2026-07-23,CANCELLED
4006,793,eric85@example.org,487,Speech need,Harper-Johnson Cinemas,4,80.6,2026-07-23,CONFIRMED
4007,1475,brandon68@example.com,310,Drug,Smith Group Cinemas,5,75.2,2026-07-13,CONFIRMED
4008,2422,isharp@example.com,1179,Identify all agreement stop,Patterson LLC Cinemas,6,94.2,2026-07-23,CANCELLED
4009,2036,millerwendy@example.net,760,Hand politics,"Williams, Newman and Jones Cinemas",3,43.2,2026-07-04,CONFIRMED
4010,3774,hallcourtney@example.com,1874,Between up rich lead,"Miranda, Reese and Johnson Cinemas",3,53.76,2026-07-15,CONFIRMED
4011,4619,gmartinez@example.org,1009,Another,Edwards and Sons Cinemas,6,93.0,2026-06-13,CANCELLED
4012,3380,ggarner@example.org,47,Development thus,"King, Taylor and Middleton Cinemas",3,29.7,2026-07-23,CONFIRMED
4013,2400,robertnguyen@example.com,936,Traditional one,Mcclain Inc Cinemas,1,12.58,2026-07-23,CANCELLED
4014,3420,cflores@example.com,921,Market consider,Barnett PLC Cinemas,6,99.42,2026-07-23,CONFIRMED
4015,2384,chess@example.org,165,Place growth staff,"Davis, Rodriguez and Andrews Cinemas",4,98.44,2026-07-23,CONFIRMED
4016,2563,williamruiz@example.org,254,Whose campaign help,Turner Inc Cinemas,2,25.02,2026-07-23,CONFIRMED
4017,2342,wchavez@example.net,795,President economy,Horne Inc Cinemas,3,25.8,2026-07-23,CONFIRMED
4018,3576,khenderson@example.org,1443,Alone institution education,Rojas Inc Cinemas,5,75.45,2026-07-23,CONFIRMED
4019,2638,oward@example.net,238,Scene understand,Ortiz Ltd Cinemas,6,80.4,2026-07-23,CONFIRMED
4020,129,karen72@example.com,1743,Choice standard,Martinez LLC Cinemas,2,28.5,2026-06-12,CONFIRMED
4021,3379,mannbrandi@example.org,131,Growth continue,Thomas-Wiggins Cinemas,6,87.84,2026-07-23,CONFIRMED
4022,4034,craig57@example.org,1723,Interview not though,"Edwards, Baker and Anderson Cinemas",2,47.64,2026-07-23,CONFIRMED
4023,1525,scott76@example.com,1795,Front trouble adult,"Robinson, Jones and Welch Cinemas",1,12.94,2026-07-06,CANCELLED
4024,1651,jameswood@example.net,1178,Conference wait military,Smith LLC Cinemas,5,80.35,2026-07-23,CONFIRMED
4025,1904,kelly83@example.org,1270,Road gun,Whitehead-Hernandez Cinemas,2,35.02,2026-07-23,CONFIRMED
4026,680,cruzkaren@example.net,419,Reveal service ability,Zuniga Group Cinemas,3,33.84,2026-07-19,CONFIRMED
4027,1421,jeffreyroberts@example.net,1065,Impact color whatever,"Cooper, Watts and Farrell Cinemas",2,43.42,2026-07-23,CONFIRMED
4028,912,jesse84@example.net,712,Former get occur,"Howard, Townsend and Hayes Cinemas",2,19.16,2026-06-24,CONFIRMED
4029,2278,udavis@example.org,1930,Operation work,Johnson-Powers Cinemas,3,69.87,2026-07-23,CONFIRMED
4030,2713,carladavis@example.com,1640,Treatment forward name,Lee-Fox Cinemas,4,60.04,2026-07-23,CONFIRMED
4031,4683,eileenortiz@example.com,615,Respond land open,Maldonado-Becker Cinemas,4,79.0,2026-07-12,CONFIRMED
4032,4411,wcarter@example.com,1024,Value process,Orr-Miranda Cinemas,1,23.11,2026-07-23,CONFIRMED
4033,1245,jeremynelson@example.com,562,Reach avoid,Bean-Evans Cinemas,5,49.5,2026-07-19,CONFIRMED
4034,897,kevinli@example.net,1297,Cut group few,Patterson-Lawrence Cinemas,6,110.58,2026-07-23,CONFIRMED
4035,4939,zcardenas@example.net,200,Meet while car,Landry-Hill Cinemas,5,89.3,2026-07-23,CONFIRMED
4036,3131,cynthiataylor@example.net,382,Certain cell,Walker-Holt Cinemas,5,115.8,2026-07-18,CONFIRMED
4037,4795,hleonard@example.net,587,Face,Martinez-Allen Cinemas,6,72.24,2026-07-02,CANCELLED
4038,2939,caseykenneth@example.org,115,Service hope value,"Larsen, Hernandez and Ward Cinemas",2,37.12,2026-07-23,CANCELLED
4039,483,bradbennett@example.com,1274,Service know,Berger Ltd Cinemas,4,69.2,2026-07-23,CONFIRMED
4040,2180,zuniganathan@example.com,1319,Option provide fly,Newman-Brown Cinemas,1,16.52,2026-07-23,CONFIRMED
4041,2437,kerritownsend@example.org,671,Table mother two,"Walker, Turner and Brown Cinemas",5,61.45,2026-07-06,CONFIRMED
4042,2002,wsteele@example.org,1200,Last before material,Hamilton LLC Cinemas,2,23.76,2026-07-23,CONFIRMED
4043,4104,terry27@example.net,1984,Discover adult no,Williams Ltd Cinemas,4,59.36,2026-06-28,CANCELLED
4044,1163,dhale@example.net,1742,Cold term,Martinez-Lopez Cinemas,1,14.27,2026-07-23,CONFIRMED
4045,2348,smithbrittney@example.com,113,Art miss house,Scott-Perez Cinemas,5,73.65,2026-06-24,CONFIRMED
4046,569,bdixon@example.org,1466,So head north,"Salazar, Miller and Arnold Cinemas",2,41.16,2026-06-16,CANCELLED
4047,1328,mitchellkimberly@example.net,70,Local choose as,Baldwin-Garcia Cinemas,1,17.16,2026-06-16,CONFIRMED
4048,151,kayla33@example.net,708,Fall structure woman,"Aguilar, Buckley and Ramirez Cinemas",4,88.72,2026-07-23,CANCELLED
4049,4657,jamesobrien@example.net,653,Front trouble adult,"Foster, Robbins and Roberts Cinemas",5,45.15,2026-07-23,CONFIRMED
4050,1790,frankrobert@example.org,1180,Wall before,Marshall Inc Cinemas,2,23.4,2026-06-27,CONFIRMED
4051,4461,jstephens@example.com,1235,Industry clearly trade,"Walker, Turner and Brown Cinemas",1,12.72,2026-06-17,CONFIRMED
4052,3313,jhaley@example.org,1171,Box nor,"Santiago, Smith and Cannon Cinemas",6,67.68,2026-07-23,CONFIRMED
4053,1773,zacharyschneider@example.net,1548,Huge school trip,"Jordan, Swanson and Franklin Cinemas",2,17.22,2026-06-24,CONFIRMED
4054,4964,steve25@example.com,510,Believe,"Smith, Jackson and Porter Cinemas",3,69.45,2026-07-14,CONFIRMED
4055,4294,brittany58@example.org,1937,Whole evening large,Gallagher-Diaz Cinemas,5,86.35,2026-07-23,CONFIRMED
4056,849,mollysmith@example.org,217,Cultural money something,Mendoza Group Cinemas,3,71.46,2026-07-17,CONFIRMED
4057,1646,dawn85@example.org,1685,Indicate however,Moore Group Cinemas,5,73.0,2026-06-23,CONFIRMED
4058,3744,timothyblackburn@example.com,1731,But,Roberts Group Cinemas,4,47.96,2026-06-17,CONFIRMED
4059,558,smithjohn@example.org,871,Sign be land,Jones Inc Cinemas,6,114.3,2026-07-23,CONFIRMED
4060,3955,rebecca55@example.com,1029,Call popular,Baxter PLC Cinemas,3,71.13,2026-07-16,CONFIRMED
4061,4643,david32@example.com,1647,Despite suddenly draw already,Mclaughlin Inc Cinemas,1,19.67,2026-07-03,CONFIRMED
4062,617,cynthia35@example.net,108,Policy seek,Pham Ltd Cinemas,4,74.2,2026-06-25,CONFIRMED
4063,4272,jonesmark@example.com,669,True often million,"Bennett, Williams and Klein Cinemas",1,18.77,2026-07-23,CONFIRMED
4064,166,murraymichael@example.net,1966,Conference,"Marshall, Murray and Miller Cinemas",1,8.1,2026-07-23,CONFIRMED
4065,4390,lopezjulia@example.com,425,American memory player,"Anderson, Thompson and Gill Cinemas",5,71.75,2026-07-20,CONFIRMED
4066,3444,haroldarmstrong@example.com,1394,Project use dog,"Haas, Richardson and Lee Cinemas",3,67.05,2026-07-13,CONFIRMED
4067,1515,danielscott@example.com,135,Picture couple,White-Richards Cinemas,5,45.75,2026-06-21,CONFIRMED
4068,4307,nathanielsmith@example.net,102,Similar choice draw,Costa-Johnston Cinemas,5,71.95,2026-06-30,CONFIRMED
4069,3975,johnparker@example.net,1007,Alone American,Lowery LLC Cinemas,3,52.62,2026-07-23,CONFIRMED
4070,4432,jeffrey30@example.org,1426,Practice organization which ready,"Warner, Baker and Campbell Cinemas",5,66.25,2026-07-23,CONFIRMED
4071,3179,vaughndiana@example.net,159,Build pay,Barrera Group Cinemas,1,23.89,2026-06-21,CONFIRMED
4072,4155,seanthompson@example.net,368,Many remain,"Velez, Howell and Stevenson Cinemas",4,75.28,2026-07-23,CONFIRMED
4073,1663,jessica23@example.net,1092,Enough kid anyone already,Garner LLC Cinemas,4,40.84,2026-07-23,CANCELLED
4074,2123,wilsonadam@example.org,797,Idea gun during,Harrison-Leach Cinemas,5,89.5,2026-07-23,CONFIRMED
4075,598,burtondiane@example.net,1741,Find development,"Russell, Meyer and Smith Cinemas",2,44.3,2026-07-04,CONFIRMED
4076,947,zgrimes@example.net,1697,Sea east admit too,"Lopez, Gomez and Garcia Cinemas",1,23.31,2026-07-23,CONFIRMED
4077,2292,tinaflynn@example.com,1557,Free sign,Wheeler PLC Cinemas,5,63.05,2026-07-23,CONFIRMED
4078,1325,russell62@example.org,976,Paper throw upon,"Schwartz, Estrada and Hernandez Cinemas",1,11.5,2026-06-23,CONFIRMED
4079,3061,schultzderek@example.net,831,Page,"Jones, Sanchez and Thomas Cinemas",2,23.94,2026-07-14,CANCELLED
4080,2723,kathleengreene@example.com,1000,Media hospital,Mclaughlin Inc Cinemas,2,32.4,2026-07-23,CONFIRMED
4081,4514,amorrison@example.net,29,Dream experience chair,Garcia LLC Cinemas,1,8.46,2026-07-05,CONFIRMED
4082,650,drobinson@example.org,573,Understand education,"Taylor, Morales and Fuller Cinemas",6,122.64,2026-06-13,CONFIRMED
4083,2796,lroberson@example.net,978,Break film tax,Brown LLC Cinemas,5,119.6,2026-07-23,CONFIRMED
4084,4662,emily73@example.net,897,Mind,"Russell, Murphy and Davis Cinemas",5,115.65,2026-07-23,CANCELLED
4085,3615,kguerrero@example.com,1686,Course matter network,Costa-Johnston Cinemas,5,88.05,2026-07-23,CONFIRMED
4086,3755,jasonwashington@example.com,1334,Ever tonight interesting,"Weiss, Cole and Preston Cinemas",6,57.3,2026-07-07,CANCELLED
4087,1975,christopher56@example.net,267,Far,James LLC Cinemas,4,55.64,2026-07-19,CONFIRMED
4088,3006,hawkinsjeffrey@example.net,17,Seek up,Sellers LLC Cinemas,3,27.18,2026-07-23,CONFIRMED
4089,2593,jamesvaldez@example.com,89,Former east,"Mckee, Gardner and Davenport Cinemas",6,149.1,2026-07-02,CANCELLED
4090,2625,brooke45@example.net,1910,Decide,James and Sons Cinemas,1,19.63,2026-06-26,CONFIRMED
4091,4234,sheriperez@example.net,1627,Mouth himself,"Evans, David and Hendrix Cinemas",3,33.69,2026-07-23,CONFIRMED
4092,2501,lopezrichard@example.net,1814,Various commercial,"Mckee, Gardner and Davenport Cinemas",2,37.24,2026-07-23,CONFIRMED
4093,1073,sfrancis@example.com,1594,Course vote team,"Nichols, Glover and Knox Cinemas",3,74.4,2026-07-23,CONFIRMED
4094,3345,henrybailey@example.net,782,Give speak,"Carroll, Choi and Collier Cinemas",5,117.35,2026-07-23,CANCELLED
4095,2938,andrew94@example.com,909,Your north,"Duarte, Smith and Caldwell Cinemas",4,85.28,2026-07-23,CONFIRMED
4096,2017,bakersarah@example.org,1697,Sea east admit too,"Lopez, Gomez and Garcia Cinemas",5,116.55,2026-07-23,CONFIRMED
4097,696,dana36@example.com,1130,Either choose to,Jones-Contreras Cinemas,6,65.58,2026-07-23,CONFIRMED
4098,1818,salinasgrace@example.net,1567,Safe nice,Martin and Sons Cinemas,6,102.84,2026-06-27,CONFIRMED
4099,4205,christinamartin@example.net,1549,Share,Moore-Bright Cinemas,5,95.35,2026-07-23,CANCELLED
4100,3321,johnsilva@example.org,386,Fast public decade smile,Matthews PLC Cinemas,1,18.85,2026-07-23,CONFIRMED
4101,4445,rachael92@example.com,1082,Help require,Hunter Group Cinemas,5,53.35,2026-07-09,CONFIRMED
4102,52,ashley66@example.com,1665,Game church,"Sanchez, Terry and Turner Cinemas",4,99.56,2026-07-08,CONFIRMED
4103,4202,nball@example.com,900,Usually onto adult mean,Clark-Rivera Cinemas,2,43.6,2026-07-05,CONFIRMED
4104,1380,baileypaul@example.net,1718,Toward woman sometimes,"Lopez, Gomez and Garcia Cinemas",4,70.08,2026-07-18,CANCELLED
4105,4018,angelaholder@example.org,377,Trade market drop mind,Morris-Armstrong Cinemas,4,37.32,2026-07-23,CONFIRMED
4106,3479,dianeparsons@example.com,282,Start accept civil,Marshall Group Cinemas,3,35.16,2026-07-23,CONFIRMED
4107,565,kyle14@example.com,1625,Father expect cup,Payne-Walton Cinemas,1,12.85,2026-06-27,CONFIRMED
4108,2877,jlevy@example.com,885,Avoid wall about law,"Schultz, Miller and Wolf Cinemas",5,101.1,2026-07-23,CONFIRMED
4109,4439,leerhonda@example.org,1845,Better government well,Allen-Peterson Cinemas,2,37.44,2026-07-07,CONFIRMED
4110,709,tamaraparker@example.org,850,Fight we,"Braun, Mays and Martinez Cinemas",3,26.28,2026-07-23,CANCELLED
4111,944,alexbutler@example.org,1799,Generation catch environmental,"Ray, Cunningham and Levine Cinemas",2,23.4,2026-06-15,CONFIRMED
4112,3937,javierjohnson@example.org,250,Local,"Nichols, Glover and Knox Cinemas",6,148.08,2026-07-23,CONFIRMED
4113,2430,awalker@example.net,498,Specific single already accept,"French, Phelps and Berry Cinemas",6,129.06,2026-07-23,CONFIRMED
4114,920,holmesrachel@example.org,1223,Compare well,Hill-Guerra Cinemas,6,130.98,2026-06-26,CANCELLED
4115,3242,nicholas81@example.com,373,Establish three city,"Howard, Brennan and Moore Cinemas",2,48.6,2026-07-23,CANCELLED
4116,4987,brianahoover@example.net,1690,Fund weight,"Compton, Owens and Decker Cinemas",2,16.78,2026-07-23,CONFIRMED
4117,2084,sharonedwards@example.net,1617,Deep summer wife,Medina LLC Cinemas,4,97.12,2026-07-23,CONFIRMED
4118,3066,smyers@example.com,541,Always way,Norris Inc Cinemas,3,30.54,2026-06-16,CONFIRMED
4119,1927,owoodward@example.org,626,Staff law Mr friend,Chavez Inc Cinemas,4,92.28,2026-07-23,CONFIRMED
4120,3510,katelynrobinson@example.org,374,Again,"Miller, Friedman and Weaver Cinemas",3,67.56,2026-06-27,CANCELLED
4121,4775,derek49@example.org,1666,Deal me each,Mccarthy-Hobbs Cinemas,5,73.0,2026-06-13,CANCELLED
4122,3232,thomascook@example.org,615,Respond land open,Maldonado-Becker Cinemas,6,118.5,2026-07-05,CONFIRMED
4123,1477,jrios@example.net,1567,Safe nice,Martin and Sons Cinemas,4,68.56,2026-06-30,CONFIRMED
4124,3093,andersonvanessa@example.com,1287,Rock around,"Arnold, Carroll and Gutierrez Cinemas",3,27.72,2026-07-09,CANCELLED
4125,2671,brockfelicia@example.org,451,Rise organization,"Taylor, Williams and Hall Cinemas",5,107.95,2026-06-27,CONFIRMED
4126,4191,wnunez@example.org,717,Both hotel,"Wilson, Stewart and Hobbs Cinemas",1,13.72,2026-07-23,CONFIRMED
4127,3110,scott17@example.org,645,Effort exactly,"Mcdonald, Lee and Rodriguez Cinemas",2,40.4,2026-07-01,CANCELLED
4128,2847,charleschen@example.net,403,Item but TV,Marshall Inc Cinemas,3,29.37,2026-07-23,CONFIRMED
4129,3789,lisasantiago@example.org,867,Develop,Griffin Group Cinemas,3,49.68,2026-07-23,CONFIRMED
4130,2100,kgarcia@example.com,400,Later human should,Andersen and Sons Cinemas,5,82.35,2026-07-23,CONFIRMED
4131,3141,hdoyle@example.com,903,Experience under prepare,Pratt LLC Cinemas,4,33.72,2026-06-25,CONFIRMED
4132,983,ryantraci@example.org,650,Really speak though,"Hall, Jackson and Johnson Cinemas",6,116.28,2026-07-23,CONFIRMED
4133,336,rritter@example.com,1634,Walk deal,Guzman-Montoya Cinemas,2,20.32,2026-07-23,CANCELLED
4134,1804,brandonmcdonald@example.com,1557,Free sign,Wheeler PLC Cinemas,5,63.05,2026-07-23,CONFIRMED
4135,4796,rebeccaterry@example.com,200,Meet while car,Landry-Hill Cinemas,5,89.3,2026-07-23,CONFIRMED
4136,4944,courtney22@example.net,1289,Him believe fire,Wilson Inc Cinemas,4,95.48,2026-07-23,CONFIRMED
4137,3261,gmccormick@example.org,1138,Cultural detail talk,"Stevens, Howell and Mitchell Cinemas",1,13.97,2026-07-14,CANCELLED
4138,2348,smithbrittney@example.com,659,Risk hospital process,Miller and Sons Cinemas,3,60.54,2026-07-23,CONFIRMED
4139,868,wtapia@example.org,753,Hot modern believe,Smith-James Cinemas,2,35.7,2026-07-18,CANCELLED
4140,3323,mark70@example.org,53,Everyone under up,"Martinez, Rose and Jackson Cinemas",4,75.72,2026-07-09,CONFIRMED
4141,2020,jortiz@example.net,1776,First report debate,"Moore, Alexander and Reed Cinemas",3,26.49,2026-07-20,CANCELLED
4142,3916,hendersonerin@example.org,1535,Simple throughout,Sanders PLC Cinemas,1,21.35,2026-07-23,CONFIRMED
4143,1090,lori01@example.com,759,Continue serve,Wood-Williams Cinemas,6,110.94,2026-07-22,CONFIRMED
4144,1019,kathleen66@example.org,1882,Off move knowledge,Clark Inc Cinemas,4,83.72,2026-07-23,CONFIRMED
4145,1568,epearson@example.com,1461,Music oil among population,Lynch LLC Cinemas,1,17.92,2026-07-07,CONFIRMED
4146,384,elizabeth39@example.net,115,Service hope value,"Larsen, Hernandez and Ward Cinemas",6,111.36,2026-07-23,CONFIRMED
4147,2614,kathleenellis@example.com,1180,Wall before,Marshall Inc Cinemas,1,11.7,2026-06-20,CONFIRMED
4148,3619,beasleyrobert@example.com,859,Necessary much,"Vang, Wilkinson and Wilson Cinemas",4,73.28,2026-06-22,CONFIRMED
4149,2403,charles07@example.net,1232,Trouble safe,"Dorsey, Reyes and Dunn Cinemas",1,12.85,2026-07-23,CONFIRMED
4150,130,debra34@example.com,1726,Energy,"Zamora, Sutton and Campbell Cinemas",5,64.5,2026-06-29,CONFIRMED
4151,72,hammondlaura@example.net,1753,Do leader very,Jordan-Campbell Cinemas,6,104.52,2026-07-23,CANCELLED
4152,1052,perryjessica@example.net,884,Run once kid,Johnston Inc Cinemas,6,131.22,2026-07-01,CONFIRMED
4153,1957,phillip11@example.net,1995,Appear degree far,Smith LLC Cinemas,2,33.94,2026-07-23,CONFIRMED
4154,3726,nancyrichardson@example.com,10,Include available,Gallagher-Diaz Cinemas,5,106.0,2026-06-20,CONFIRMED
4155,4239,fstewart@example.org,91,Walk effort,"Williams, Newman and Jones Cinemas",5,83.0,2026-07-04,CONFIRMED
4156,4739,xberry@example.net,1046,Data tend,Brown-Cohen Cinemas,3,62.85,2026-07-23,CONFIRMED
4157,4616,nicholsheather@example.net,431,Discussion teacher,Robinson-Goodwin Cinemas,6,70.98,2026-07-23,CANCELLED
4158,3903,stevensbrandi@example.net,197,Tell,"Duarte, Smith and Caldwell Cinemas",4,95.2,2026-07-23,CONFIRMED
4159,635,patriciacarr@example.net,110,Loss be federal right,Andrews-Green Cinemas,3,29.13,2026-06-15,CONFIRMED
4160,2725,larryfox@example.net,101,Unit law,Morgan-Ortega Cinemas,3,61.8,2026-06-18,CONFIRMED
4161,324,kristiwade@example.net,915,Hour way hair,"Ortiz, Reid and Wilkinson Cinemas",5,86.25,2026-07-05,CONFIRMED
4162,3977,shelly47@example.net,563,Analysis serious,"Ramirez, Horne and Johnson Cinemas",3,45.18,2026-07-23,CONFIRMED
4163,673,gordondavid@example.net,1699,Fall anyone along,Anderson Inc Cinemas,3,46.92,2026-07-23,CONFIRMED
4164,1445,cassandramontgomery@example.com,1667,Good stay catch,Nguyen-Jenkins Cinemas,6,118.74,2026-06-14,CONFIRMED
4165,3628,alicia60@example.org,335,Town next serious wish,Ward-Blake Cinemas,5,63.9,2026-07-23,CONFIRMED
4166,163,ksparks@example.net,1355,Table mission forward,"Howard, Townsend and Hayes Cinemas",2,38.92,2026-07-23,CONFIRMED
4167,3446,plopez@example.net,786,Total report draw,Owens-Mayer Cinemas,1,8.39,2026-06-30,CONFIRMED
4168,1501,maria53@example.net,1536,North trade,"Calhoun, Wilson and Oneal Cinemas",5,119.75,2026-07-21,CONFIRMED
4169,1355,michele20@example.com,961,Attack explain save,Hill Inc Cinemas,1,8.98,2026-07-06,CONFIRMED
4170,1920,pluna@example.net,131,Growth continue,Thomas-Wiggins Cinemas,6,87.84,2026-07-23,CONFIRMED
4171,2732,josephcastro@example.org,1349,Serve successful behavior develop,Fitzgerald-Scott Cinemas,6,115.5,2026-07-23,CONFIRMED
4172,2120,betty00@example.net,1919,End system hold,Taylor-Gallagher Cinemas,1,23.63,2026-07-20,CONFIRMED
4173,3562,holtrobert@example.net,316,Friend,"Diaz, Hill and Becker Cinemas",3,62.43,2026-06-20,CONFIRMED
4174,1274,wpowell@example.net,181,Interest physical,Gonzalez-Mccarthy Cinemas,3,25.65,2026-07-23,CONFIRMED
4175,2953,collin12@example.com,883,Prevent follow I,Barron-Brown Cinemas,5,47.7,2026-06-23,CONFIRMED
4176,1527,melissa91@example.com,465,Staff because,Wright-Davis Cinemas,6,97.08,2026-07-15,CONFIRMED
4177,4220,scotttravis@example.com,333,Social change,Grant-Diaz Cinemas,1,19.12,2026-07-23,CANCELLED
4178,3015,jasonhess@example.net,686,Decide star,Soto-Lopez Cinemas,5,64.7,2026-07-02,CONFIRMED
4179,4344,skelly@example.com,1694,Fall letter,Gibson-Gardner Cinemas,4,94.56,2026-07-23,CONFIRMED
4180,4917,williamsonlaura@example.net,51,Start visit,"Chen, Faulkner and Casey Cinemas",5,121.1,2026-07-23,CONFIRMED
4181,1503,johnwright@example.org,754,Later,Johnson-Alvarez Cinemas,5,58.5,2026-07-19,CONFIRMED
4182,1351,wedwards@example.com,866,Important to mean,"May, Valenzuela and Lee Cinemas",4,63.84,2026-06-27,CONFIRMED
4183,495,danielthomas@example.com,307,Behavior cultural,Maldonado-Becker Cinemas,6,64.56,2026-07-23,CONFIRMED
4184,4206,david28@example.org,1683,Call pick,Holden LLC Cinemas,1,15.75,2026-06-23,CANCELLED
4185,2031,osmith@example.org,1550,Skin office oil,Smith Group Cinemas,5,115.8,2026-07-23,CONFIRMED
4186,3123,lovemary@example.org,486,Few late hospital,"Wolfe, Chavez and Mcbride Cinemas",2,48.86,2026-07-23,CONFIRMED
4187,1104,billydavis@example.net,1627,Mouth himself,"Evans, David and Hendrix Cinemas",1,11.23,2026-07-23,CONFIRMED
4188,1109,deborahrobinson@example.com,1424,Natural here short,Jones-Taylor Cinemas,2,48.82,2026-06-23,CONFIRMED
4189,3833,tamaramurphy@example.org,1996,Important hear power,Gonzalez-Wilson Cinemas,2,34.9,2026-06-24,CANCELLED
4190,2253,rodneylin@example.com,1090,Appear close goal,Hansen-Schneider Cinemas,5,117.55,2026-07-14,CONFIRMED
4191,1198,watsonjose@example.net,403,Item but TV,Marshall Inc Cinemas,1,9.79,2026-07-23,CONFIRMED
4192,1482,ediaz@example.org,1997,Probably factor,Smith Ltd Cinemas,4,36.0,2026-07-23,CANCELLED
4193,245,samuel83@example.com,76,Structure whom,"James, Howard and Johnson Cinemas",5,70.75,2026-07-23,CONFIRMED
4194,1948,melissa92@example.net,142,Commercial firm,Lambert-Anderson Cinemas,5,63.05,2026-07-19,CONFIRMED
4195,712,ghatfield@example.com,1443,Alone institution education,Rojas Inc Cinemas,2,30.18,2026-07-23,CONFIRMED
4196,4463,mmccann@example.net,895,Choose city,Vargas-Snyder Cinemas,1,17.42,2026-07-23,CONFIRMED
4197,1056,bowmankylie@example.com,1863,Show give,Ramirez Inc Cinemas,4,54.4,2026-07-02,CONFIRMED
4198,2173,chatfield@example.org,1287,Rock around,"Arnold, Carroll and Gutierrez Cinemas",6,55.44,2026-07-21,CANCELLED
4199,557,mason53@example.org,389,Student recognize authority,Rodriguez-Miller Cinemas,3,57.12,2026-07-20,CONFIRMED
4200,480,jrobinson@example.net,45,Hour individual,Wright Group Cinemas,6,106.68,2026-07-23,CONFIRMED
4201,4582,klee@example.org,1026,Bad production brother even,"Moore, Gilmore and Martin Cinemas",6,84.6,2026-06-21,CONFIRMED
4202,1159,amy17@example.com,7,Could social,"Allen, Gonzales and Reeves Cinemas",2,41.02,2026-07-23,CONFIRMED
4203,4450,morgananthony@example.net,1940,Continue offer anyone,"Marshall, Murray and Miller Cinemas",1,21.18,2026-06-30,CONFIRMED
4204,2717,sherrygamble@example.org,30,Either writer tonight,Casey-Romero Cinemas,5,67.95,2026-07-01,CONFIRMED
4205,4915,vanessa28@example.net,1340,Blue require lot,Clark Inc Cinemas,2,17.5,2026-07-23,CONFIRMED
4206,2048,castilloerin@example.org,1848,Year newspaper,Stafford Ltd Cinemas,4,32.36,2026-06-29,CANCELLED
4207,1865,webbvictoria@example.com,531,Respond both,Joyce-Benitez Cinemas,5,60.0,2026-07-23,CONFIRMED
4208,3598,clarkjustin@example.net,487,Speech need,Harper-Johnson Cinemas,4,80.6,2026-07-23,CONFIRMED
4209,3710,ismith@example.net,536,Study respond,"Davis, Johnson and Williams Cinemas",1,14.16,2026-07-15,CONFIRMED
4210,1724,jeffreyhansen@example.net,223,More cultural whatever risk,Benson Inc Cinemas,5,40.7,2026-07-23,CONFIRMED
4211,115,xgomez@example.com,1707,Piece individual foot manage,"Baker, Williams and Jones Cinemas",5,112.35,2026-07-08,CONFIRMED
4212,3195,whitecody@example.org,735,Remember stay,Robinson Group Cinemas,5,65.2,2026-06-22,CONFIRMED
4213,2567,jenniferprice@example.com,365,However figure,"Carlson, Ware and Moore Cinemas",1,24.81,2026-07-23,CONFIRMED
4214,330,elizabeth58@example.org,480,Give yeah,"Chen, Faulkner and Casey Cinemas",3,27.06,2026-07-23,CONFIRMED
4215,1537,michaelyoung@example.org,1478,Apply because tell,Wyatt Ltd Cinemas,6,142.32,2026-06-21,CANCELLED
4216,2097,jonathanhayes@example.net,118,Year respond,White-Morales Cinemas,5,119.85,2026-07-23,CONFIRMED
4217,4067,perezelizabeth@example.net,1681,Not practice,Joseph Inc Cinemas,6,112.02,2026-07-07,CONFIRMED
4218,4287,maryramirez@example.org,164,Thousand move,Santos-Wood Cinemas,1,14.0,2026-07-17,CONFIRMED
4219,2290,kristinawilliams@example.net,1234,Movie management,"Wheeler, Rocha and Rodriguez Cinemas",3,57.9,2026-07-23,CONFIRMED
4220,37,gstone@example.net,1746,Suggest interest truth,Butler and Sons Cinemas,4,83.88,2026-07-23,CONFIRMED
4221,1730,clarkdavid@example.net,951,How rest,"Larson, Daniels and James Cinemas",4,79.8,2026-07-11,CONFIRMED
4222,3203,qlong@example.com,510,Believe,"Smith, Jackson and Porter Cinemas",3,69.45,2026-07-13,CONFIRMED
4223,4887,chasedarrell@example.org,1348,Baby dog food,"Stevens, Norris and Smith Cinemas",3,68.4,2026-07-23,CONFIRMED
4224,3629,brandifoster@example.net,438,Paper fight,Bush-Ayala Cinemas,1,15.88,2026-06-21,CONFIRMED
4225,2746,lesliephelps@example.com,268,Stage similar power,Shaw-Barnes Cinemas,6,69.6,2026-07-23,CONFIRMED
4226,2037,kbuchanan@example.com,912,Nothing letter lot sing,Colon LLC Cinemas,2,49.24,2026-07-04,CANCELLED
4227,288,llambert@example.org,1446,When,Colon LLC Cinemas,3,38.76,2026-07-19,CONFIRMED
4228,1257,wyattnicole@example.com,531,Respond both,Joyce-Benitez Cinemas,3,36.0,2026-07-23,CONFIRMED
4229,2767,steven11@example.org,751,Item issue change,Trevino Group Cinemas,6,111.96,2026-07-23,CONFIRMED
4230,3588,matthewmay@example.net,1307,Ball great,"Thomas, White and Jensen Cinemas",5,63.75,2026-07-23,CONFIRMED
4231,175,hurstmichael@example.org,681,Anything trial,Gibson and Sons Cinemas,6,87.42,2026-07-23,CONFIRMED
4232,1434,brownbenjamin@example.org,838,Leader,Ross-Blair Cinemas,3,74.7,2026-06-15,CONFIRMED
4233,743,maxwelltheodore@example.org,1376,Budget interview,"Bauer, Frazier and Sellers Cinemas",3,60.3,2026-06-18,CONFIRMED
4234,776,patricialopez@example.net,1011,Until nothing then,"Sims, Weber and Villa Cinemas",1,10.55,2026-07-23,CONFIRMED
4235,3035,natasharodriguez@example.net,765,Affect evening down real,"Brown, James and Arroyo Cinemas",6,104.52,2026-06-22,CONFIRMED
4236,472,nelsonandrew@example.org,154,Remain method,"White, Burch and Reynolds Cinemas",5,99.9,2026-06-24,CONFIRMED
4237,1724,jeffreyhansen@example.net,537,Yeah now fish,Herrera LLC Cinemas,1,13.48,2026-07-06,CONFIRMED
4238,3871,alexander19@example.org,1480,Fact watch safe father,"James, Atkins and Alexander Cinemas",4,67.2,2026-07-23,CONFIRMED
4239,3134,keithlara@example.net,1062,Too responsibility,"Anderson, Velazquez and Stewart Cinemas",1,23.27,2026-07-23,CANCELLED
4240,1650,tburgess@example.org,1636,Recent middle music,"Murphy, Lee and Garcia Cinemas",2,27.46,2026-07-23,CONFIRMED
4241,1276,daniel30@example.com,1559,Home reflect player,Butler and Sons Cinemas,6,125.4,2026-07-23,CANCELLED
4242,4620,smithalyssa@example.org,370,Community piece common cold,Taylor Ltd Cinemas,4,44.12,2026-07-23,CONFIRMED
4243,1129,joanna88@example.org,197,Tell,"Duarte, Smith and Caldwell Cinemas",3,71.4,2026-07-23,CANCELLED
4244,4424,stevenferguson@example.org,1638,Community say,Avila LLC Cinemas,1,10.91,2026-06-24,CONFIRMED
4245,1454,umayo@example.org,827,Population individual,Ross-Blair Cinemas,6,89.82,2026-07-08,CONFIRMED
4246,2486,kennethgolden@example.com,887,Already control,Morris-Armstrong Cinemas,6,72.0,2026-07-23,CANCELLED
4247,1623,chelsea70@example.org,1583,Him million view,Martinez and Sons Cinemas,1,17.99,2026-07-16,CANCELLED
4248,245,samuel83@example.com,1932,Arm sometimes table,"Castro, Garcia and Daniels Cinemas",5,84.4,2026-06-29,CONFIRMED
4249,3565,shawn21@example.org,725,Class if,Kirk Inc Cinemas,2,35.82,2026-07-23,CONFIRMED
4250,3681,nguyenjane@example.org,833,Mother line budget spring,Ortiz Ltd Cinemas,4,60.24,2026-06-11,CONFIRMED
4251,3291,robertsingh@example.com,1844,Ability stuff successful,"Patel, Palmer and Jones Cinemas",1,15.41,2026-07-23,CONFIRMED
4252,669,daviladaniel@example.org,1641,Boy word south,Christian Ltd Cinemas,1,24.74,2026-07-06,CONFIRMED
4253,2595,jbell@example.com,1164,Inside relationship everything,Gibson-Thomas Cinemas,1,23.29,2026-07-19,CONFIRMED
4254,2791,stuart76@example.com,429,Without big project,Thomas and Sons Cinemas,2,40.98,2026-06-21,CONFIRMED
4255,2223,wmartin@example.net,1067,Daughter above,Turner Inc Cinemas,2,40.6,2026-07-23,CONFIRMED
4256,4526,tholt@example.net,416,Network nor father,Clark Group Cinemas,1,11.56,2026-07-05,CANCELLED
4257,894,ppruitt@example.com,250,Local,"Nichols, Glover and Knox Cinemas",5,123.4,2026-07-23,CONFIRMED
4258,2804,michelle13@example.com,260,Simple Mr financial,"Gonzales, Short and Weaver Cinemas",2,34.98,2026-07-19,CONFIRMED
4259,2911,isaiahbrown@example.net,943,Almost no answer,Wheeler PLC Cinemas,2,25.84,2026-07-13,CONFIRMED
4260,830,banderson@example.com,1920,Laugh most court,Welch-Hogan Cinemas,2,38.32,2026-07-01,CONFIRMED
4261,3765,nclark@example.com,1017,List civil just education,Price-Lee Cinemas,5,41.85,2026-07-17,CONFIRMED
4262,2152,tanyamcdonald@example.net,31,Her price,Campbell and Sons Cinemas,2,18.66,2026-06-22,CONFIRMED
4263,2462,christina94@example.org,923,Movie as,Walker-Holt Cinemas,5,76.7,2026-07-07,CONFIRMED
4264,4666,paul85@example.org,269,Relate,Sullivan and Sons Cinemas,1,21.2,2026-07-23,CONFIRMED
4265,2076,hshort@example.com,247,Development me need,Martinez Ltd Cinemas,4,45.24,2026-07-23,CONFIRMED
4266,1686,fgutierrez@example.com,1672,Career just,"Ray, Cunningham and Levine Cinemas",6,110.94,2026-07-17,CONFIRMED
4267,56,caitlynbennett@example.org,203,According event change,Stafford Ltd Cinemas,2,18.84,2026-07-23,CONFIRMED
4268,2952,john31@example.com,1061,Attention in line,Bryan Inc Cinemas,4,56.12,2026-06-25,CONFIRMED
4269,944,alexbutler@example.org,232,Man member partner,"Whitney, Mayo and Clark Cinemas",1,15.09,2026-06-29,CONFIRMED
4270,1886,nguyenterri@example.com,828,Over charge,White-Reese Cinemas,6,76.08,2026-07-08,CANCELLED
4271,2481,scottlindsey@example.com,1210,Staff year,Anderson Inc Cinemas,6,110.46,2026-07-23,CONFIRMED
4272,3107,christophersolomon@example.org,711,Smile recognize section,Thomas Group Cinemas,5,96.65,2026-07-23,CONFIRMED
4273,2003,dustinmoore@example.com,1247,Ago man ground consider,Brown Inc Cinemas,4,98.92,2026-06-18,CONFIRMED
4274,1430,hansenmatthew@example.org,513,Face,Curry-Allen Cinemas,3,25.74,2026-07-23,CANCELLED
4275,1006,dblack@example.com,534,Evidence clearly,Jones-Taylor Cinemas,2,30.66,2026-06-29,CONFIRMED
4276,927,virginiafisher@example.net,927,List no,Rodriguez Inc Cinemas,4,79.56,2026-07-23,CONFIRMED
4277,267,smithmichael@example.org,232,Man member partner,"Whitney, Mayo and Clark Cinemas",1,15.09,2026-07-07,CONFIRMED
4278,2407,ulewis@example.net,1315,Learn,"Weiss, Cole and Preston Cinemas",6,53.04,2026-06-20,CONFIRMED
4279,2009,tonytran@example.com,1814,Various commercial,"Mckee, Gardner and Davenport Cinemas",1,18.62,2026-07-19,CONFIRMED
4280,1168,robertchavez@example.org,636,Same behind prove light,"Stevens, Norris and Smith Cinemas",6,97.56,2026-07-23,CONFIRMED
4281,1041,jonathangonzales@example.org,953,Whose which,Harris-Hernandez Cinemas,5,71.95,2026-06-16,CONFIRMED
4282,4777,davidfox@example.net,1148,Season five,"Johnson, Lynch and Morton Cinemas",5,77.8,2026-06-24,CONFIRMED
4283,113,brodriguez@example.org,363,Have town fact,Payne PLC Cinemas,6,112.74,2026-07-21,CONFIRMED
4284,1680,nancypatel@example.com,1029,Call popular,Baxter PLC Cinemas,6,142.26,2026-07-14,CONFIRMED
4285,4408,andrew67@example.com,612,Rather next develop,Skinner-Mills Cinemas,4,65.92,2026-07-23,CONFIRMED
4286,736,wilkersonkatherine@example.org,1751,Media myself,Taylor Ltd Cinemas,1,18.69,2026-07-23,CANCELLED
4287,3702,jesusroth@example.com,983,Entire,Parks Ltd Cinemas,4,34.4,2026-07-23,CONFIRMED
4288,3458,christiankelly@example.org,859,Necessary much,"Vang, Wilkinson and Wilson Cinemas",6,109.92,2026-06-28,CONFIRMED
4289,2391,heidi59@example.org,1341,Total,"Bray, Nicholson and Walker Cinemas",6,72.78,2026-07-23,CONFIRMED
4290,1124,troy08@example.net,204,Like,Payne PLC Cinemas,5,106.7,2026-07-23,CONFIRMED
4291,3129,mrodriguez@example.org,10,Include available,Gallagher-Diaz Cinemas,1,21.2,2026-06-19,CONFIRMED
4292,667,dmartinez@example.com,1220,Clear open machine voice,"Bennett, Williams and Klein Cinemas",4,70.32,2026-07-01,CANCELLED
4293,1033,jennifer74@example.net,278,Machine short,Edwards and Sons Cinemas,2,29.94,2026-07-12,CONFIRMED
4294,2164,lesliejohnson@example.net,1825,Owner office,"Miranda, Wheeler and Avila Cinemas",1,9.37,2026-06-21,CONFIRMED
4295,3542,stephaniewashington@example.org,791,Dog maybe another,Nguyen PLC Cinemas,6,81.72,2026-07-04,CONFIRMED
4296,2169,lawrencelambert@example.com,155,Worker have still,Thomas and Sons Cinemas,1,20.76,2026-06-28,CONFIRMED
4297,2057,ylowery@example.com,1702,Final scene,Garrett-Stout Cinemas,1,21.92,2026-07-23,CONFIRMED
4298,4648,zlong@example.org,189,Lot public,"Medina, Green and Rivera Cinemas",5,98.45,2026-07-23,CONFIRMED
4299,4300,thomas94@example.org,1913,Fill save,Carney Group Cinemas,6,116.1,2026-06-23,CONFIRMED
4300,2286,stephanieanderson@example.com,622,Follow response allow,George Group Cinemas,2,48.08,2026-07-16,CONFIRMED
4301,400,hunter12@example.org,1978,College together size mother,"Burns, Barker and Horton Cinemas",6,141.42,2026-07-02,CANCELLED
4302,2695,sbrown@example.com,73,Why citizen,Obrien and Sons Cinemas,1,21.99,2026-07-23,CONFIRMED
4303,2674,hollychang@example.net,1737,Blue soon boy,"Jones, Rowland and Oconnor Cinemas",5,59.3,2026-07-23,CONFIRMED
4304,3484,jsalas@example.org,795,President economy,Horne Inc Cinemas,2,17.2,2026-07-23,CONFIRMED
4305,390,andrewjackson@example.org,157,Doctor you,Rodriguez-Miller Cinemas,6,49.98,2026-07-23,CONFIRMED
4306,1733,scott83@example.net,294,Positive describe,Fitzgerald-Scott Cinemas,4,77.72,2026-07-01,CONFIRMED
4307,2637,mary51@example.org,1610,Some add,"Garza, Williams and Walker Cinemas",5,113.45,2026-07-23,CANCELLED
4308,2067,ljones@example.com,1111,Car feel small,Griffin Ltd Cinemas,6,139.86,2026-07-23,CONFIRMED
4309,1198,watsonjose@example.net,829,Nation,Freeman Inc Cinemas,2,37.7,2026-07-23,CONFIRMED
4310,1128,dannywelch@example.net,1646,Art food,Morris-Merritt Cinemas,5,92.75,2026-07-21,CONFIRMED
4311,3909,lroy@example.org,416,Network nor father,Clark Group Cinemas,6,69.36,2026-07-06,CONFIRMED
4312,2522,sullivanjoshua@example.org,1472,Focus listen,"Smith, Yang and Ford Cinemas",2,32.72,2026-07-03,CONFIRMED
4313,3281,matthewowen@example.net,1105,Care student economic,Chase-Washington Cinemas,3,69.09,2026-07-19,CONFIRMED
4314,2529,donald41@example.com,1158,New attack,James Ltd Cinemas,3,36.39,2026-07-23,CONFIRMED
4315,643,igarcia@example.net,1885,Religious be,Martinez Inc Cinemas,4,98.04,2026-06-18,CONFIRMED
4316,3060,nthompson@example.net,1669,Decade alone,Horne Inc Cinemas,1,23.64,2026-06-14,CONFIRMED
4317,3805,umoore@example.com,876,Environment use second,Ryan-West Cinemas,6,118.14,2026-07-23,CONFIRMED
4318,1153,danlong@example.net,867,Develop,Griffin Group Cinemas,1,16.56,2026-07-23,CONFIRMED
4319,4864,spenceraaron@example.org,1147,Society laugh,Solis-Edwards Cinemas,6,146.7,2026-06-29,CONFIRMED
4320,4518,joseph27@example.net,1998,None as,"Aguilar, Buckley and Ramirez Cinemas",2,40.74,2026-07-23,CONFIRMED
4321,4470,scottcollins@example.net,1646,Art food,Morris-Merritt Cinemas,3,55.65,2026-07-22,CONFIRMED
4322,1343,clarkjordan@example.com,1213,Difference far whether,Woods-Mccarthy Cinemas,3,27.81,2026-06-16,CONFIRMED
4323,4932,greenrita@example.org,550,Series public wonder,Delacruz Group Cinemas,4,48.48,2026-07-23,CONFIRMED
4324,2025,laura67@example.org,1435,But star sense,Kim-George Cinemas,1,17.94,2026-07-17,CANCELLED
4325,1815,meganpatrick@example.com,862,Write maintain,Hamilton LLC Cinemas,2,22.94,2026-07-17,CONFIRMED
4326,2518,gibbslisa@example.com,1031,Institution possible,Carney Group Cinemas,5,92.85,2026-07-23,CONFIRMED
4327,4826,lparker@example.net,638,Various recently,Howe Inc Cinemas,3,35.04,2026-06-24,CONFIRMED
4328,90,znoble@example.net,207,Let building,Hansen-Schneider Cinemas,1,13.99,2026-07-23,CONFIRMED
4329,4560,nrodriguez@example.net,153,Because scientist,Harris-Jensen Cinemas,3,55.05,2026-07-23,CANCELLED
4330,2819,kellyrichardson@example.com,866,Important to mean,"May, Valenzuela and Lee Cinemas",1,15.96,2026-06-28,CONFIRMED
4331,88,audrey53@example.net,814,Most fund,"Chen, Faulkner and Casey Cinemas",1,21.57,2026-07-18,CONFIRMED
4332,4517,jorge42@example.com,239,Site,"Brown, Armstrong and Johnson Cinemas",1,9.68,2026-07-23,CONFIRMED
4333,657,isaiahthomas@example.net,195,Perform home million,Huynh PLC Cinemas,2,36.5,2026-07-23,CONFIRMED
4334,2856,william41@example.com,918,Safe,Wang-Jackson Cinemas,6,106.86,2026-07-23,CONFIRMED
4335,53,stanleymcdowell@example.com,1396,Leg,"Gonzales, Smith and Davis Cinemas",2,26.4,2026-07-23,CONFIRMED
4336,551,renee99@example.com,319,What no,"Porter, Patel and Jackson Cinemas",6,137.34,2026-07-23,CONFIRMED
4337,3670,michellerangel@example.com,1366,Allow couple,Villarreal and Sons Cinemas,1,10.26,2026-07-22,CONFIRMED
4338,2904,johntravis@example.org,1152,Here southern we play,Johnson-Powers Cinemas,3,33.99,2026-07-03,CONFIRMED
4339,1691,rangelteresa@example.net,1979,Always beautiful,Hoffman PLC Cinemas,6,124.44,2026-06-30,CONFIRMED
4340,4448,gsmith@example.com,877,Your,Mccoy-Strickland Cinemas,1,15.75,2026-07-08,CANCELLED
4341,3460,jacquelinesullivan@example.net,360,Church arrive program finally,Norris Inc Cinemas,3,37.71,2026-07-21,CONFIRMED
4342,3163,bairdmolly@example.com,1626,Present develop day,"Mckee, Gardner and Davenport Cinemas",5,93.85,2026-06-14,CONFIRMED
4343,2209,james71@example.net,769,Social wall over,French Inc Cinemas,2,18.66,2026-07-13,CONFIRMED
4344,3288,lscott@example.net,1404,Expect production,Davis Inc Cinemas,2,35.18,2026-07-23,CONFIRMED
4345,713,sdonovan@example.com,1134,Material history choose,Hill and Sons Cinemas,3,25.02,2026-07-23,CONFIRMED
4346,2048,castilloerin@example.org,816,Really too small,Gallagher-Diaz Cinemas,1,11.94,2026-07-03,CONFIRMED
4347,1683,maria03@example.com,1080,Record subject month,Martinez-Allen Cinemas,3,31.5,2026-06-18,CONFIRMED
4348,804,figueroakatelyn@example.com,79,Respond writer take,Bush-Ayala Cinemas,6,67.2,2026-06-23,CONFIRMED
4349,2983,nathanbanks@example.org,23,Reach would,Peterson-Mullins Cinemas,5,93.4,2026-07-11,CONFIRMED
4350,649,vsanchez@example.net,1652,Article available,Peterson-Mullins Cinemas,3,35.52,2026-07-23,CONFIRMED
4351,1124,troy08@example.net,1172,Under especially,"Wells, Anderson and Rodriguez Cinemas",1,9.31,2026-07-09,CONFIRMED
4352,18,rachelcastillo@example.com,695,On best seat,"Perez, Hoffman and Tucker Cinemas",6,62.22,2026-07-16,CONFIRMED
4353,3661,stevenskaren@example.org,1813,Still gun,Ferguson and Sons Cinemas,1,24.52,2026-07-23,CONFIRMED
4354,3256,laurenflynn@example.net,1198,Cut,James Ltd Cinemas,3,33.33,2026-07-23,CONFIRMED
4355,1534,williamspamela@example.net,1264,Themselves machine,Mendoza Group Cinemas,1,19.36,2026-06-24,CONFIRMED
4356,4229,xandrews@example.org,947,Buy ground student with,Andrews-Aguirre Cinemas,6,138.06,2026-07-16,CONFIRMED
4357,2997,briana28@example.net,670,Per produce lay,Shaffer-Yates Cinemas,6,112.86,2026-06-24,CANCELLED
4358,3336,tina93@example.com,234,Minute impact,Hill Inc Cinemas,6,49.62,2026-07-23,CONFIRMED
4359,4422,wjohnson@example.net,1932,Arm sometimes table,"Castro, Garcia and Daniels Cinemas",3,50.64,2026-06-25,CONFIRMED
4360,3587,nealpatricia@example.com,1706,Do assume,Pena-Bass Cinemas,1,22.74,2026-06-22,CONFIRMED
4361,1369,wesley42@example.com,1073,Ok rock,"Phelps, Montoya and Barnett Cinemas",6,74.64,2026-07-12,CONFIRMED
4362,3991,megan63@example.net,23,Reach would,Peterson-Mullins Cinemas,5,93.4,2026-07-14,CONFIRMED
4363,4770,ephelps@example.org,595,Value practice have,Robinson-Kennedy Cinemas,4,86.8,2026-06-18,CONFIRMED
4364,3147,harveyjames@example.net,35,Its hour treatment themselves,"Cook, Jones and Jones Cinemas",2,49.68,2026-07-07,CONFIRMED
4365,2019,rhuber@example.net,1156,Sound itself,Bell PLC Cinemas,3,33.87,2026-07-10,CONFIRMED
4366,2939,caseykenneth@example.org,1372,Month matter worker,"Bennett, Williams and Klein Cinemas",5,54.2,2026-07-23,CONFIRMED
4367,3227,martinrachel@example.org,1779,Reason,"Braun, Mays and Martinez Cinemas",6,131.46,2026-07-13,CONFIRMED
4368,4111,rachel13@example.com,516,Modern side expert,Smith-Clayton Cinemas,5,67.55,2026-07-23,CONFIRMED
4369,1644,jeffrey10@example.org,1973,With should,Carter-Hendrix Cinemas,3,44.28,2026-06-21,CONFIRMED
4370,4405,maxwelljacob@example.org,1384,Firm court majority,Willis LLC Cinemas,3,56.79,2026-06-19,CONFIRMED
4371,3656,clarkchad@example.com,279,Amount attorney room,Rodriguez-Hernandez Cinemas,2,22.32,2026-07-23,CONFIRMED
4372,92,jreyes@example.net,1256,Body whom,"Mcdonald, Lee and Rodriguez Cinemas",2,31.5,2026-07-23,CONFIRMED
4373,4642,pmcgee@example.org,852,Mind discuss too,"White, Burch and Reynolds Cinemas",4,35.88,2026-07-23,CONFIRMED
4374,971,jessica44@example.com,1708,Nothing wonder career,Davis PLC Cinemas,5,109.25,2026-06-25,CONFIRMED
4375,3892,urobles@example.org,1528,Stop herself think,Grant-Diaz Cinemas,5,111.4,2026-07-23,CONFIRMED
4376,31,patriciamunoz@example.net,1195,Media worry grow,Whitehead-Hernandez Cinemas,5,62.6,2026-07-20,CONFIRMED
4377,4834,adamsjoseph@example.org,204,Like,Payne PLC Cinemas,3,64.02,2026-07-23,CONFIRMED
4378,1429,millerelizabeth@example.com,901,Model place,"Kennedy, Cohen and Pennington Cinemas",3,26.49,2026-07-21,CONFIRMED
4379,4277,efowler@example.net,1112,Mr Mr all,White-Reese Cinemas,6,60.12,2026-07-23,CONFIRMED
4380,3918,rodriguezthomas@example.org,765,Affect evening down real,"Brown, James and Arroyo Cinemas",2,34.84,2026-06-21,CONFIRMED
4381,3030,velliott@example.net,49,Generation radio,Mccoy-Alvarado Cinemas,2,33.52,2026-07-05,CONFIRMED
4382,2257,robertzamora@example.org,493,Father wife,Smith-Gomez Cinemas,5,101.3,2026-07-09,CONFIRMED
4383,2627,baileymeagan@example.net,157,Doctor you,Rodriguez-Miller Cinemas,2,16.66,2026-07-23,CANCELLED
4384,1619,jonathankennedy@example.org,1655,Yeah exist,Williams-Harmon Cinemas,4,79.88,2026-07-15,CONFIRMED
4385,4042,benitezheather@example.com,969,Loss dark act,"Vasquez, Sanchez and Green Cinemas",5,93.85,2026-07-16,CONFIRMED
4386,2355,johnrogers@example.net,675,Pattern far break,Scott-Perez Cinemas,2,49.0,2026-07-01,CONFIRMED
4387,995,ggray@example.com,1056,Environmental couple,Buchanan LLC Cinemas,2,34.06,2026-07-08,CONFIRMED
4388,1416,ellismichael@example.com,356,Nor rule,"Cain, Contreras and Jackson Cinemas",5,88.6,2026-06-20,CONFIRMED
4389,2803,peter91@example.net,1169,Bill involve sound future,"Guerrero, Watson and Perry Cinemas",1,21.43,2026-06-30,CONFIRMED
4390,92,jreyes@example.net,1620,Example evening campaign,"Carpenter, Morrow and Smith Cinemas",4,40.48,2026-07-16,CONFIRMED
4391,2761,robertjenkins@example.com,865,Smile among difference,Lynn Group Cinemas,5,116.55,2026-07-23,CONFIRMED
4392,2379,dominique09@example.com,1270,Road gun,Whitehead-Hernandez Cinemas,6,105.06,2026-07-20,CONFIRMED
4393,11,ahernandez@example.org,1992,Read difficult,Knight Group Cinemas,5,70.95,2026-07-23,CONFIRMED
4394,340,ucarlson@example.com,18,Thank behind,"Smith, Swanson and Glass Cinemas",2,25.84,2026-07-17,CONFIRMED
4395,2166,justin33@example.com,200,Meet while car,Landry-Hill Cinemas,5,89.3,2026-07-23,CONFIRMED
4396,1974,angelawilson@example.net,352,Store bill,Villa Group Cinemas,1,14.4,2026-07-23,CONFIRMED
4397,3219,webbashley@example.org,757,Table although whole,"James, Atkins and Alexander Cinemas",3,45.6,2026-07-23,CONFIRMED
4398,3531,nancy37@example.net,1162,Amount hour level,Adams PLC Cinemas,5,102.75,2026-07-23,CONFIRMED
4399,4202,nball@example.com,425,American memory player,"Anderson, Thompson and Gill Cinemas",4,57.4,2026-07-13,CONFIRMED
4400,555,nathan39@example.com,1704,Contain mission career,"Miller, Hansen and Salas Cinemas",3,63.72,2026-07-23,CONFIRMED
4401,3925,colemanstacey@example.net,1371,Across should,"Young, Shaw and Jenkins Cinemas",4,32.64,2026-06-20,CONFIRMED
4402,2109,crystalnguyen@example.org,629,Be activity,"Gonzales, Short and Weaver Cinemas",5,120.55,2026-07-23,CONFIRMED
4403,1498,millstyler@example.net,127,Knowledge you,Smith-Carrillo Cinemas,5,97.45,2026-07-18,CONFIRMED
4404,558,smithjohn@example.org,1436,Wear participant president,Robinson-Goodwin Cinemas,3,69.9,2026-06-20,CONFIRMED
4405,1372,vjimenez@example.net,1644,Indeed,Henry-Joyce Cinemas,3,36.66,2026-07-23,CONFIRMED
4406,358,cameronlopez@example.com,417,Consumer character account,"Ramirez, Miller and Mccormick Cinemas",2,41.74,2026-07-12,CONFIRMED
4407,1151,nhunter@example.org,89,Former east,"Mckee, Gardner and Davenport Cinemas",2,49.7,2026-06-21,CONFIRMED
4408,2838,dwood@example.net,1683,Call pick,Holden LLC Cinemas,1,15.75,2026-06-22,CONFIRMED
4409,3537,gregoryhoffman@example.net,170,Though though walk,Morton and Sons Cinemas,5,70.3,2026-07-20,CONFIRMED
4410,150,vavila@example.net,453,Minute region argue,"Marquez, Martinez and Bailey Cinemas",1,9.89,2026-07-21,CONFIRMED
4411,1789,jpowell@example.net,1053,Old strategy,"Moore, Gilmore and Martin Cinemas",6,54.78,2026-07-23,CONFIRMED
4412,197,hespinoza@example.org,269,Relate,Sullivan and Sons Cinemas,3,63.6,2026-07-23,CONFIRMED
4413,1880,qknight@example.net,26,Miss free,"Figueroa, Mcpherson and Howard Cinemas",1,13.76,2026-07-23,CONFIRMED
4414,4843,marcjohnson@example.net,793,Our east,"Walker, Turner and Brown Cinemas",2,26.18,2026-07-23,CONFIRMED
4415,693,barkeredwin@example.org,1478,Apply because tell,Wyatt Ltd Cinemas,5,118.6,2026-06-18,CONFIRMED
4416,3953,stephanie78@example.org,85,Nation,Rojas and Sons Cinemas,1,8.04,2026-07-23,CONFIRMED
4417,1448,bburnett@example.com,1610,Some add,"Garza, Williams and Walker Cinemas",5,113.45,2026-07-23,CONFIRMED
4418,1262,travis46@example.org,1311,A,"Alvarez, Pierce and Baker Cinemas",5,92.1,2026-07-11,CANCELLED
4419,219,murraystephen@example.net,882,Politics,Thomas-Reilly Cinemas,1,12.1,2026-07-23,CONFIRMED
4420,4160,josephwheeler@example.com,1042,Suffer wonder along,Coleman-Green Cinemas,6,131.1,2026-06-24,CONFIRMED
4421,4466,susanperry@example.net,1104,Series popular,"Freeman, Hall and Allison Cinemas",2,45.22,2026-07-14,CONFIRMED
4422,3927,webercharles@example.com,916,Trip blue,"Compton, Owens and Decker Cinemas",1,17.04,2026-07-23,CANCELLED
4423,1747,tylerchristine@example.com,1640,Treatment forward name,Lee-Fox Cinemas,3,45.03,2026-07-23,CANCELLED
4424,4794,sandra29@example.org,28,Gas service,Williamson Group Cinemas,5,47.7,2026-07-23,CONFIRMED
4425,4621,bkidd@example.org,239,Site,"Brown, Armstrong and Johnson Cinemas",3,29.04,2026-07-23,CONFIRMED
4426,2465,joannadavis@example.net,894,Strategy impact,Martinez-Lopez Cinemas,6,126.84,2026-07-03,CONFIRMED
4427,2142,yatesdaniel@example.com,1493,Move fill another,"Li, Jensen and Vazquez Cinemas",6,79.68,2026-07-21,CONFIRMED
4428,18,rachelcastillo@example.com,1548,Huge school trip,"Jordan, Swanson and Franklin Cinemas",6,51.66,2026-06-30,CONFIRMED
4429,128,moraleskimberly@example.net,5,Learn get,"Hendricks, Zuniga and Miller Cinemas",3,26.28,2026-07-04,CONFIRMED
4430,2052,krobinson@example.com,151,Walk room adult,"Jackson, Andersen and Bowen Cinemas",3,50.97,2026-07-23,CONFIRMED
4431,1677,adamwhite@example.net,273,Focus red support,"Compton, Owens and Decker Cinemas",5,76.95,2026-07-23,CONFIRMED
4432,1829,susanporter@example.org,1521,Student notice,Marshall Group Cinemas,1,9.32,2026-06-19,CONFIRMED
4433,4921,jamescrawford@example.net,1125,Similar million have,Diaz and Sons Cinemas,2,31.96,2026-07-16,CONFIRMED
4434,4369,perezjonathan@example.net,1530,Space wear,"Chen, Faulkner and Casey Cinemas",4,74.28,2026-07-04,CONFIRMED
4435,1289,andersonamber@example.org,1690,Fund weight,"Compton, Owens and Decker Cinemas",3,25.17,2026-07-23,CONFIRMED
4436,4835,wsmith@example.org,648,Just wind practice,Hall-Washington Cinemas,3,26.04,2026-07-14,CANCELLED
4437,2713,carladavis@example.com,199,Yes month,Hoover-Parrish Cinemas,1,13.28,2026-07-23,CONFIRMED
4438,1995,wadebrenda@example.net,318,Fire hand,Prince Inc Cinemas,1,9.01,2026-07-11,CONFIRMED
4439,3392,pharris@example.org,1496,Information war letter,"Carroll, Choi and Collier Cinemas",2,24.6,2026-07-23,CONFIRMED
4440,3100,benjamin24@example.org,1318,Think,Santos-Roach Cinemas,5,92.55,2026-06-17,CONFIRMED
4441,2508,bobbysavage@example.com,87,Economy home,Morrison-Simmons Cinemas,6,149.1,2026-07-23,CONFIRMED
4442,759,xalvarez@example.net,1112,Mr Mr all,White-Reese Cinemas,2,20.04,2026-07-23,CONFIRMED
4443,4730,cassandra71@example.com,1895,Quality police,"Martin, Cervantes and Stokes Cinemas",3,24.81,2026-07-23,CONFIRMED
4444,3903,stevensbrandi@example.net,250,Local,"Nichols, Glover and Knox Cinemas",4,98.72,2026-07-23,CONFIRMED
4445,3959,hughestimothy@example.net,24,Else coach,Hoffman PLC Cinemas,5,87.15,2026-07-23,CONFIRMED
4446,4744,cannonvictoria@example.net,1243,Meeting enter no,Coleman-Long Cinemas,1,20.71,2026-07-08,CANCELLED
4447,2964,joseph26@example.net,1345,Price production,"Phillips, Walters and Evans Cinemas",4,97.48,2026-07-23,CANCELLED
4448,4169,rkennedy@example.org,39,Smile about,"Haas, Richardson and Lee Cinemas",3,45.99,2026-07-23,CONFIRMED
4449,1278,mcdowelladam@example.net,1627,Mouth himself,"Evans, David and Hendrix Cinemas",5,56.15,2026-07-20,CONFIRMED
4450,1868,joseph03@example.net,601,Series contain,"Hendricks, Zuniga and Miller Cinemas",2,45.82,2026-06-10,CONFIRMED
4451,999,michael44@example.com,799,Set all rule,Hudson-Sparks Cinemas,6,50.16,2026-07-23,CONFIRMED
4452,325,joseph21@example.net,1818,Receive material each beat,Spears Ltd Cinemas,2,36.54,2026-07-07,CONFIRMED
4453,2898,ybridges@example.com,1906,Turn through,Reilly-Gibson Cinemas,3,65.97,2026-07-11,CONFIRMED
4454,3367,brandon30@example.com,1501,Else traditional,"Stevens, Norris and Smith Cinemas",3,63.39,2026-07-23,CANCELLED
4455,2925,jimenezterri@example.net,539,Pass exactly,"Thompson, Harper and Welch Cinemas",5,99.9,2026-07-23,CONFIRMED
4456,1109,deborahrobinson@example.com,717,Both hotel,"Wilson, Stewart and Hobbs Cinemas",5,68.6,2026-07-23,CONFIRMED
4457,2558,kimberly52@example.com,641,Happy country ever,"Davis, Wood and Paul Cinemas",1,12.22,2026-07-19,CONFIRMED
4458,4268,bmedina@example.org,470,Remember identify,Peterson-Mullins Cinemas,1,21.85,2026-07-23,CONFIRMED
4459,2331,hawkinsdeanna@example.net,1910,Decide,James and Sons Cinemas,2,39.26,2026-06-29,CONFIRMED
4460,3471,stoutjennifer@example.org,599,Reality,"Herring, Wilson and Mendoza Cinemas",4,95.72,2026-07-04,CANCELLED
4461,146,kennethmata@example.com,174,Approach suggest save,Wilkerson-Davis Cinemas,1,24.8,2026-06-18,CONFIRMED
4462,2578,dhunt@example.net,1379,Special place big plan,Roth PLC Cinemas,6,54.96,2026-07-08,CONFIRMED
4463,4560,nrodriguez@example.net,1133,Say dark,"Flowers, Morgan and Barnes Cinemas",1,18.35,2026-07-23,CANCELLED
4464,3474,goldenrhonda@example.com,177,Fight save,Ortiz Ltd Cinemas,3,53.61,2026-07-23,CONFIRMED
4465,3331,keith28@example.net,1835,Yeah middle,"Hendricks, Zuniga and Miller Cinemas",1,21.08,2026-07-23,CONFIRMED
4466,4381,jenniferpage@example.net,199,Yes month,Hoover-Parrish Cinemas,5,66.4,2026-07-23,CONFIRMED
4467,4895,kimberly02@example.net,650,Really speak though,"Hall, Jackson and Johnson Cinemas",6,116.28,2026-07-23,CONFIRMED
4468,2792,mollyharrison@example.net,216,Series,Miller-Booker Cinemas,2,31.46,2026-07-23,CONFIRMED
4469,4705,kristen00@example.org,1890,Station white,Joyce-Benitez Cinemas,3,66.3,2026-06-12,CONFIRMED
4470,1279,chambersvanessa@example.org,270,Change author expect,"Lawson, Lopez and Myers Cinemas",4,87.16,2026-06-24,CONFIRMED
4471,3318,vargaspamela@example.net,260,Simple Mr financial,"Gonzales, Short and Weaver Cinemas",3,52.47,2026-07-23,CONFIRMED
4472,3961,williamskelly@example.org,1087,Line defense,"Smith, Yang and Ford Cinemas",4,61.24,2026-06-26,CONFIRMED
4473,2316,eduardo30@example.net,343,Young deep husband,Ramirez Inc Cinemas,3,52.71,2026-07-23,CONFIRMED
4474,932,stephenwright@example.org,1116,Deep better,"Moore, Alexander and Reed Cinemas",6,140.52,2026-07-14,CANCELLED
4475,4325,aprilwest@example.net,499,North billion well,"Baker, Mason and White Cinemas",5,99.95,2026-07-23,CONFIRMED
4476,3507,stacey03@example.net,495,Real,Garrett-Stout Cinemas,4,95.36,2026-07-14,CONFIRMED
4477,862,alex95@example.org,392,Culture speak,Gallegos-Turner Cinemas,5,66.85,2026-07-02,CONFIRMED
4478,3132,vfrederick@example.com,1448,Pm her yes,"Ellis, Ortega and Andrade Cinemas",2,46.64,2026-07-23,CONFIRMED
4479,483,bradbennett@example.com,1279,Exist upon,"Martinez, Rose and Jackson Cinemas",5,123.2,2026-07-23,CONFIRMED
4480,1763,claire11@example.net,510,Believe,"Smith, Jackson and Porter Cinemas",1,23.15,2026-07-14,CONFIRMED
4481,3164,vtodd@example.net,767,Alone figure strong,"Warner, Carr and Archer Cinemas",4,34.96,2026-07-23,CONFIRMED
4482,3607,wrobertson@example.net,1276,Share let,Carroll-Morris Cinemas,5,77.8,2026-06-24,CONFIRMED
4483,2558,kimberly52@example.com,1858,Action natural southern,"Duarte, Smith and Caldwell Cinemas",6,115.32,2026-07-15,CONFIRMED
4484,1356,ldawson@example.net,1239,Structure behind somebody,Reid-Miller Cinemas,2,20.88,2026-07-01,CONFIRMED
4485,2445,karen17@example.com,501,Have,"Medina, Miller and Yates Cinemas",1,16.53,2026-07-23,CONFIRMED
4486,4562,amanda64@example.org,534,Evidence clearly,Jones-Taylor Cinemas,1,15.33,2026-07-03,CONFIRMED
4487,1535,williamskaren@example.org,224,More current,Patterson-Lawrence Cinemas,6,148.74,2026-06-18,CONFIRMED
4488,3146,walkertommy@example.org,1310,Significant free,"Marshall, Murray and Miller Cinemas",6,139.26,2026-07-23,CANCELLED
4489,2724,april87@example.com,189,Lot public,"Medina, Green and Rivera Cinemas",3,59.07,2026-07-23,CONFIRMED
4490,1065,scottrobin@example.net,910,Show follow floor,Ibarra Ltd Cinemas,5,111.05,2026-06-19,CONFIRMED
4491,19,timothy62@example.net,508,Common strategy,"Bray, Nicholson and Walker Cinemas",2,28.94,2026-07-23,CONFIRMED
4492,416,marthaduffy@example.com,1335,Compare,Mullins-Johnston Cinemas,2,43.82,2026-07-23,CONFIRMED
4493,282,ccombs@example.com,1371,Across should,"Young, Shaw and Jenkins Cinemas",6,48.96,2026-06-25,CONFIRMED
4494,188,timothy27@example.org,777,Yet interview,Cervantes PLC Cinemas,5,42.8,2026-07-23,CONFIRMED
4495,2649,elizabeth26@example.org,46,Fire require mind,Harrington Group Cinemas,6,112.74,2026-07-01,CANCELLED
4496,809,pchavez@example.com,234,Minute impact,Hill Inc Cinemas,6,49.62,2026-07-23,CONFIRMED
4497,3708,plin@example.net,816,Really too small,Gallagher-Diaz Cinemas,3,35.82,2026-07-01,CONFIRMED
4498,4973,marcus03@example.com,1471,Cell phone card,Wright-Davis Cinemas,6,104.16,2026-07-23,CONFIRMED
4499,614,pbarajas@example.com,1774,Bar difference,Garner LLC Cinemas,4,71.52,2026-07-23,CONFIRMED
4500,2681,samuelhill@example.org,207,Let building,Hansen-Schneider Cinemas,1,13.99,2026-07-23,CONFIRMED
4501,922,megan50@example.net,62,Factor remember,Herrera-Coleman Cinemas,5,50.15,2026-07-18,CANCELLED
4502,3103,patricia02@example.com,894,Strategy impact,Martinez-Lopez Cinemas,6,126.84,2026-07-15,CONFIRMED
4503,673,gordondavid@example.net,412,I prevent,Smith-Clayton Cinemas,6,63.54,2026-07-23,CONFIRMED
4504,3813,stephanie11@example.com,1521,Student notice,Marshall Group Cinemas,1,9.32,2026-06-22,CONFIRMED
4505,144,craigriley@example.com,1939,True care,"Murphy, Lee and Garcia Cinemas",6,56.64,2026-06-23,CONFIRMED
4506,1127,jross@example.org,1447,Describe apply up,Fleming Ltd Cinemas,1,9.68,2026-07-23,CONFIRMED
4507,3629,brandifoster@example.net,1055,Mother hotel development list,"Guerrero, Watson and Perry Cinemas",1,8.26,2026-06-23,CONFIRMED
4508,4939,zcardenas@example.net,1977,Certain two,Herrera-Coleman Cinemas,4,52.64,2026-07-16,CONFIRMED
4509,3573,xneal@example.org,1828,Benefit democratic one,"Kim, Wright and Espinoza Cinemas",1,18.53,2026-06-20,CONFIRMED
4510,1512,mariaschmidt@example.net,1440,Investment job environment,Cervantes PLC Cinemas,3,53.28,2026-07-19,CONFIRMED
4511,385,edwardsjoshua@example.com,1107,A,Morgan and Sons Cinemas,1,24.96,2026-07-04,CANCELLED
4512,4394,gmontgomery@example.org,1428,Start view,Gibson-Gardner Cinemas,6,131.76,2026-07-23,CONFIRMED
4513,4723,vmorrison@example.net,1941,Security military,Smith LLC Cinemas,6,98.46,2026-07-23,CONFIRMED
4514,2311,annawelch@example.com,1066,In each yeah,Bridges Ltd Cinemas,6,92.94,2026-07-23,CONFIRMED
4515,478,fbailey@example.org,1155,Machine seven candidate,Jones-Contreras Cinemas,4,39.48,2026-06-24,CONFIRMED
4516,359,colemancassandra@example.org,955,House participant want,Reid-Miller Cinemas,3,53.22,2026-07-23,CONFIRMED
4517,3592,jparsons@example.net,125,Theory determine at,Mendoza-Jackson Cinemas,4,44.0,2026-07-23,CONFIRMED
4518,1269,tommy17@example.net,687,Born option program friend,Moreno Ltd Cinemas,1,24.26,2026-06-30,CONFIRMED
4519,2077,mariamoore@example.com,1525,Involve tax name,Patterson-Lawrence Cinemas,5,92.95,2026-07-23,CONFIRMED
4520,48,brianobrien@example.net,1097,Tonight try,Price-Schmitt Cinemas,4,99.76,2026-07-23,CONFIRMED
4521,3415,kallen@example.org,939,Maintain site night,"Li, Jensen and Vazquez Cinemas",2,33.74,2026-06-22,CONFIRMED
4522,4314,stantonvictoria@example.com,1417,Than bit traditional,"Wolfe, Chavez and Mcbride Cinemas",3,68.25,2026-07-23,CONFIRMED
4523,4353,lewisshane@example.org,1992,Read difficult,Knight Group Cinemas,5,70.95,2026-07-23,CANCELLED
4524,494,kimberly19@example.com,884,Run once kid,Johnston Inc Cinemas,2,43.74,2026-07-07,CONFIRMED
4525,2377,rmeadows@example.org,117,Identify political yeah,Gibson-Gardner Cinemas,2,49.46,2026-06-28,CONFIRMED
4526,4015,connor01@example.net,307,Behavior cultural,Maldonado-Becker Cinemas,3,32.28,2026-07-23,CONFIRMED
4527,1912,johnbush@example.net,772,Far base,Sullivan and Sons Cinemas,2,17.92,2026-07-20,CONFIRMED
4528,1222,kathleengilmore@example.net,1904,Maybe win goal,"Davis, Rodriguez and Andrews Cinemas",5,118.15,2026-07-02,CONFIRMED
4529,4349,jamesdavid@example.com,984,Involve image difficult,Zuniga Group Cinemas,1,9.43,2026-07-20,CANCELLED
4530,4313,margarettaylor@example.org,1209,While court,"Moore, Alexander and Reed Cinemas",4,65.04,2026-07-20,CONFIRMED
4531,3133,mendozaangela@example.com,757,Table although whole,"James, Atkins and Alexander Cinemas",1,15.2,2026-07-23,CONFIRMED
4532,2567,jenniferprice@example.com,343,Young deep husband,Ramirez Inc Cinemas,4,70.28,2026-07-23,CANCELLED
4533,348,millerjessica@example.com,708,Fall structure woman,"Aguilar, Buckley and Ramirez Cinemas",4,88.72,2026-07-23,CONFIRMED
4534,2533,tyler86@example.org,109,More experience read,Parks Ltd Cinemas,6,134.94,2026-07-23,CANCELLED
4535,3112,reginasullivan@example.org,1147,Society laugh,Solis-Edwards Cinemas,6,146.7,2026-06-23,CONFIRMED
4536,1746,ksutton@example.com,960,Beat sign,Carlson-Cruz Cinemas,3,38.55,2026-06-18,CONFIRMED
4537,1987,gordonsabrina@example.net,828,Over charge,White-Reese Cinemas,3,38.04,2026-07-13,CONFIRMED
4538,3628,alicia60@example.org,112,Sea for tree,"Ramirez, Fuller and Wilkins Cinemas",2,22.3,2026-07-23,CANCELLED
4539,2110,martin00@example.com,1749,Career talk,Bradley-Novak Cinemas,4,91.92,2026-07-23,CONFIRMED
4540,1819,christopher67@example.org,422,Half,Reilly-Gibson Cinemas,4,42.68,2026-07-18,CONFIRMED
4541,365,nperez@example.org,861,Paper somebody,"Sims, Weber and Villa Cinemas",3,73.38,2026-06-26,CONFIRMED
4542,1319,brittanyyoder@example.com,1637,Truth explain,"Munoz, Krueger and Solomon Cinemas",3,62.61,2026-06-28,CONFIRMED
4543,1499,michael51@example.com,1280,Drop,Lee PLC Cinemas,6,125.04,2026-06-29,CONFIRMED
4544,4102,thomashanson@example.org,441,Marriage read,James Ltd Cinemas,5,79.4,2026-07-23,CONFIRMED
4545,4829,campbellcarolyn@example.org,1039,Really kitchen,"Anderson, Velazquez and Stewart Cinemas",1,15.0,2026-07-23,CONFIRMED
4546,3965,burchalyssa@example.net,519,Involve explain,"Henson, Russell and Oliver Cinemas",5,51.65,2026-06-24,CONFIRMED
4547,1664,aliciabenjamin@example.com,1013,Pattern,"Wilson, Stewart and Hobbs Cinemas",6,143.52,2026-06-27,CANCELLED
4548,3384,qtaylor@example.org,378,Section image school,"Warner, Carr and Archer Cinemas",6,133.02,2026-07-01,CONFIRMED
4549,3679,dharrison@example.com,1465,Born dream,"Compton, Owens and Decker Cinemas",6,114.66,2026-06-16,CONFIRMED
4550,1266,jeff06@example.net,1756,Green baby,"Brown, James and Arroyo Cinemas",4,48.6,2026-07-23,CANCELLED
4551,3499,rose86@example.com,1501,Else traditional,"Stevens, Norris and Smith Cinemas",3,63.39,2026-07-23,CONFIRMED
4552,2563,williamruiz@example.org,1420,Safe join,Jimenez Ltd Cinemas,2,22.4,2026-07-23,CONFIRMED
4553,3467,dixonalison@example.org,1487,Actually meet,"Hatfield, Edwards and Brown Cinemas",3,43.47,2026-07-23,CONFIRMED
4554,1255,ebrown@example.net,513,Face,Curry-Allen Cinemas,3,25.74,2026-07-23,CONFIRMED
4555,3821,matthewmoses@example.org,839,Left year school,"Hammond, Douglas and Johnson Cinemas",5,88.75,2026-07-23,CONFIRMED
4556,4883,xramos@example.com,1610,Some add,"Garza, Williams and Walker Cinemas",6,136.14,2026-07-23,CONFIRMED
4557,3172,cruzcody@example.com,1835,Yeah middle,"Hendricks, Zuniga and Miller Cinemas",2,42.16,2026-07-23,CANCELLED
4558,4164,gallaghermartin@example.com,68,Him song already,Smith-Clayton Cinemas,2,39.5,2026-07-17,CONFIRMED
4559,1037,nburns@example.org,314,System pressure,Andrews-Aguirre Cinemas,5,70.95,2026-07-23,CONFIRMED
4560,4319,janetpena@example.org,1188,More explain offer,Thompson-Reyes Cinemas,5,103.25,2026-07-23,CONFIRMED
4561,453,gblair@example.com,1765,Across from phone,Trevino Group Cinemas,5,61.55,2026-07-23,CONFIRMED
4562,95,samuel38@example.net,1486,Child analysis,Page-Jacobs Cinemas,1,16.86,2026-07-23,CONFIRMED
4563,1129,joanna88@example.org,592,Who successful,Atkinson-Nelson Cinemas,2,23.1,2026-07-23,CONFIRMED
4564,4743,oconnellherbert@example.com,1111,Car feel small,Griffin Ltd Cinemas,5,116.55,2026-07-23,CONFIRMED
4565,649,vsanchez@example.net,588,For true we,Wright and Sons Cinemas,1,10.65,2026-07-23,CONFIRMED
4566,3605,melissa39@example.org,546,Staff happy American,Jones-Barnes Cinemas,6,125.16,2026-07-23,CONFIRMED
4567,71,maryking@example.com,456,Myself rise story,Jones-Contreras Cinemas,5,73.1,2026-07-02,CONFIRMED
4568,2210,paul68@example.net,1947,Author something,Peterson PLC Cinemas,6,48.9,2026-07-23,CONFIRMED
4569,2945,schwartzdonna@example.org,19,Research decide even,Chase-Washington Cinemas,3,43.2,2026-07-23,CONFIRMED
4570,2225,ndiaz@example.net,394,Pattern enter fact,Hoffman PLC Cinemas,3,53.58,2026-07-13,CONFIRMED
4571,216,shawn89@example.net,644,Water mother major assume,"Li, Jensen and Vazquez Cinemas",1,21.72,2026-07-23,CONFIRMED
4572,3909,lroy@example.org,267,Far,James LLC Cinemas,5,69.55,2026-07-23,CONFIRMED
4573,1647,hstevens@example.com,836,Open,"Chase, Prince and Wilcox Cinemas",5,96.6,2026-07-23,CONFIRMED
4574,784,kristina89@example.org,537,Yeah now fish,Herrera LLC Cinemas,4,53.92,2026-07-20,CONFIRMED
4575,3781,bdavis@example.org,26,Miss free,"Figueroa, Mcpherson and Howard Cinemas",4,55.04,2026-07-23,CONFIRMED
4576,370,duranlindsay@example.org,1373,Food leave,"Gaines, Smith and Evans Cinemas",5,89.3,2026-07-01,CONFIRMED
4577,386,lloydsharon@example.net,1482,Tell alone floor,Nolan Group Cinemas,4,38.08,2026-07-23,CONFIRMED
4578,2188,cmejia@example.com,466,Could policy,Peterson Group Cinemas,4,92.76,2026-07-04,CONFIRMED
4579,2003,dustinmoore@example.com,170,Though though walk,Morton and Sons Cinemas,5,70.3,2026-07-19,CANCELLED
4580,3065,coxmaria@example.com,1911,Station risk professor,Smith Group Cinemas,3,35.67,2026-07-23,CONFIRMED
4581,395,yatestraci@example.org,254,Whose campaign help,Turner Inc Cinemas,6,75.06,2026-07-23,CANCELLED
4582,4470,scottcollins@example.net,981,Child plan other about,Byrd-Foster Cinemas,2,38.4,2026-07-01,CANCELLED
4583,1396,adamkramer@example.com,1853,Through itself,"Mcdonald, Moore and Richards Cinemas",5,80.05,2026-07-15,CONFIRMED
4584,3532,jason63@example.org,1372,Month matter worker,"Bennett, Williams and Klein Cinemas",6,65.04,2026-07-23,CONFIRMED
4585,2947,qsandoval@example.net,354,North knowledge our,"Thomas, Becker and Mills Cinemas",3,36.39,2026-06-24,CANCELLED
4586,598,burtondiane@example.net,1123,Miss stay,Garner LLC Cinemas,2,40.0,2026-07-23,CONFIRMED
4587,893,kelleyderek@example.net,729,Main,Buchanan LLC Cinemas,4,50.56,2026-07-23,CONFIRMED
4588,2410,chenmatthew@example.org,1631,Recent dream raise,Hall Ltd Cinemas,6,86.76,2026-06-12,CONFIRMED
4589,3124,qadams@example.org,1705,Power,"Snyder, Walker and Harris Cinemas",3,29.7,2026-07-23,CONFIRMED
4590,3598,clarkjustin@example.net,401,Tonight provide newspaper,"Harper, Thomas and Turner Cinemas",1,16.6,2026-06-28,CANCELLED
4591,3614,fisheranne@example.com,1335,Compare,Mullins-Johnston Cinemas,3,65.73,2026-07-23,CONFIRMED
4592,3204,marcrobbins@example.org,1920,Laugh most court,Welch-Hogan Cinemas,6,114.96,2026-07-08,CONFIRMED
4593,2569,scottstephanie@example.org,864,Word position room,"Jones, Rowland and Oconnor Cinemas",5,67.75,2026-07-23,CONFIRMED
4594,4757,leah30@example.com,723,Card,"Edwards, Baker and Anderson Cinemas",3,61.59,2026-07-23,CONFIRMED
4595,1995,wadebrenda@example.net,931,During painting,Flores PLC Cinemas,2,44.9,2026-07-23,CONFIRMED
4596,3895,gary05@example.net,556,Pretty least,Morris-Armstrong Cinemas,2,49.76,2026-06-26,CONFIRMED
4597,3035,natasharodriguez@example.net,1693,American something,"Freeman, Hall and Allison Cinemas",5,116.55,2026-07-05,CONFIRMED
4598,4960,zmendoza@example.org,1815,Film store south,"Turner, Long and Hendricks Cinemas",5,55.5,2026-07-15,CANCELLED
4599,4959,colemanlance@example.net,1983,Goal other,Dunn-Pennington Cinemas,5,59.9,2026-07-03,CONFIRMED
4600,1451,angel62@example.com,351,Vote decade,Marshall Group Cinemas,1,17.2,2026-06-17,CONFIRMED
4601,4985,brianriley@example.org,1081,Out sense fact,"Gibson, Zimmerman and Warren Cinemas",4,68.24,2026-06-16,CONFIRMED
4602,2792,mollyharrison@example.net,1731,But,Roberts Group Cinemas,6,71.94,2026-06-23,CONFIRMED
4603,2293,perrytasha@example.net,1179,Identify all agreement stop,Patterson LLC Cinemas,3,47.1,2026-07-23,CONFIRMED
4604,2080,kimberlyestrada@example.net,1470,Help analysis view,Orr-Miranda Cinemas,3,60.24,2026-07-21,CONFIRMED
4605,3039,valerieyoder@example.net,313,At,Foster Ltd Cinemas,2,43.7,2026-07-23,CONFIRMED
4606,2182,ifreeman@example.net,1058,Building treatment ready,Nelson-Knight Cinemas,5,120.75,2026-07-07,CANCELLED
4607,2342,wchavez@example.net,1939,True care,"Murphy, Lee and Garcia Cinemas",6,56.64,2026-06-29,CONFIRMED
4608,3161,jonking@example.com,208,Past degree,Munoz-Stokes Cinemas,4,96.4,2026-06-21,CANCELLED
4609,1721,shannon69@example.com,1172,Under especially,"Wells, Anderson and Rodriguez Cinemas",4,37.24,2026-07-16,CONFIRMED
4610,4298,judith43@example.net,586,Argue,Hebert Group Cinemas,3,73.65,2026-07-23,CONFIRMED
4611,3100,benjamin24@example.org,180,Huge treatment later,"Hall, Jackson and Johnson Cinemas",4,97.6,2026-07-23,CONFIRMED
4612,3525,wilsonjoseph@example.com,1898,Trouble leave truth,"Velez, Howell and Stevenson Cinemas",3,43.5,2026-07-17,CONFIRMED
4613,22,brewergregory@example.com,435,Soldier development reveal,"Schultz, Miller and Wolf Cinemas",4,51.92,2026-06-14,CONFIRMED
4614,2946,dennislarsen@example.net,1691,Remain upon former,"Jacobs, Calhoun and Wyatt Cinemas",4,95.24,2026-07-15,CONFIRMED
4615,4761,foxeric@example.com,956,Occur that article,Smith-Ramirez Cinemas,1,16.98,2026-07-03,CANCELLED
4616,1321,combsbrenda@example.net,1015,Article among,Landry-Hill Cinemas,1,18.88,2026-07-13,CONFIRMED
4617,2396,blakenelson@example.net,1811,Ahead main war,Brown and Sons Cinemas,6,56.82,2026-07-20,CONFIRMED
4618,698,andrearivera@example.net,1333,Type leg including,Warren Ltd Cinemas,6,129.3,2026-07-14,CONFIRMED
4619,404,tcrawford@example.net,895,Choose city,Vargas-Snyder Cinemas,6,104.52,2026-07-23,CONFIRMED
4620,3234,johnchan@example.org,1557,Free sign,Wheeler PLC Cinemas,2,25.22,2026-07-23,CANCELLED
4621,3650,nancy96@example.com,1463,Know never,Turner Inc Cinemas,5,104.25,2026-06-17,CONFIRMED
4622,4511,rachel38@example.net,1008,You increase main,Richardson-Jimenez Cinemas,3,73.92,2026-06-29,CANCELLED
4623,2776,lawsonjames@example.com,1579,Into after,Nguyen-Jenkins Cinemas,2,25.4,2026-07-23,CONFIRMED
4624,1578,dawnsmith@example.org,323,Will media figure,Jones-Barnes Cinemas,5,84.3,2026-07-10,CONFIRMED
4625,2397,glenn35@example.net,509,Month son benefit,Fleming Ltd Cinemas,6,123.24,2026-07-07,CONFIRMED
4626,2003,dustinmoore@example.com,1869,Conference,Rodriguez Group Cinemas,3,38.13,2026-07-23,CONFIRMED
4627,2268,andersoncharles@example.net,851,Hope friend,"Sanders, Leblanc and Maldonado Cinemas",6,70.26,2026-07-23,CONFIRMED
4628,3049,ryan84@example.net,770,So yeah,Sims-Padilla Cinemas,2,46.0,2026-07-02,CONFIRMED
4629,1169,egutierrez@example.org,217,Cultural money something,Mendoza Group Cinemas,3,71.46,2026-07-22,CONFIRMED
4630,1663,jessica23@example.net,54,Choose son,Herman-Martin Cinemas,5,44.65,2026-07-07,CONFIRMED
4631,3311,csmith@example.com,1570,Window we,Hernandez Ltd Cinemas,4,96.0,2026-07-23,CONFIRMED
4632,2878,melvinwhite@example.com,1,Series career agree,"Munoz, Krueger and Solomon Cinemas",6,145.38,2026-07-08,CONFIRMED
4633,461,cchurch@example.org,100,Analysis matter,Lyons PLC Cinemas,4,89.44,2026-07-23,CONFIRMED
4634,741,amills@example.com,434,President coach,James and Sons Cinemas,5,112.8,2026-07-23,CONFIRMED
4635,4272,jonesmark@example.com,1212,Face nor market,Clark-Floyd Cinemas,3,47.73,2026-07-05,CONFIRMED
4636,4642,pmcgee@example.org,1612,Same,"Diaz, Hill and Becker Cinemas",3,41.28,2026-07-23,CONFIRMED
4637,4864,spenceraaron@example.org,1992,Read difficult,Knight Group Cinemas,3,42.57,2026-07-23,CONFIRMED
4638,3336,tina93@example.com,235,Analysis position respond person,"Kennedy, Mueller and Aguirre Cinemas",6,95.16,2026-07-08,CONFIRMED
4639,4339,suttonwilliam@example.com,1745,Argue partner,Robinson Group Cinemas,4,37.36,2026-06-12,CONFIRMED
4640,1372,vjimenez@example.net,327,Fine nor TV,"Smith, Yang and Ford Cinemas",5,115.05,2026-07-06,CONFIRMED
4641,1274,wpowell@example.net,1693,American something,"Freeman, Hall and Allison Cinemas",4,93.24,2026-07-10,CONFIRMED
4642,2329,christineandrade@example.net,1476,Six writer great able,"Stevens, Norris and Smith Cinemas",3,70.92,2026-07-23,CONFIRMED
4643,252,susan23@example.net,447,Weight,Gonzalez-Taylor Cinemas,1,13.83,2026-07-12,CONFIRMED
4644,3318,vargaspamela@example.net,1053,Old strategy,"Moore, Gilmore and Martin Cinemas",3,27.39,2026-07-23,CONFIRMED
4645,555,nathan39@example.com,995,Him somebody professional,Miller LLC Cinemas,3,53.7,2026-06-30,CONFIRMED
4646,4092,paulhatfield@example.org,1525,Involve tax name,Patterson-Lawrence Cinemas,3,55.77,2026-07-23,CONFIRMED
4647,1210,matthew64@example.com,776,Several could thus me,"Cooper, Watts and Farrell Cinemas",1,10.99,2026-07-23,CONFIRMED
4648,3696,foxbrandon@example.net,1888,Professional threat,Hernandez Inc Cinemas,3,60.33,2026-07-23,CONFIRMED
4649,1842,laura80@example.org,150,Agree type,Martinez Ltd Cinemas,2,16.94,2026-07-23,CONFIRMED
4650,3614,fisheranne@example.com,718,News while this,Porter Inc Cinemas,5,88.95,2026-07-23,CONFIRMED
4651,2960,warddavid@example.org,335,Town next serious wish,Ward-Blake Cinemas,6,76.68,2026-07-23,CONFIRMED
4652,4234,sheriperez@example.net,1101,Stock for political,"Freeman, Hall and Allison Cinemas",1,13.18,2026-06-23,CONFIRMED
4653,520,michael72@example.net,10,Include available,Gallagher-Diaz Cinemas,5,106.0,2026-07-02,CONFIRMED
4654,2951,garciasarah@example.org,1052,Power game yard,"Walton, Anderson and Cook Cinemas",3,45.45,2026-07-23,CONFIRMED
4655,4973,marcus03@example.com,1475,Improve fish fact,Knight Group Cinemas,1,15.05,2026-07-16,CONFIRMED
4656,21,jessicalong@example.net,1787,Rock from,Taylor-Stewart Cinemas,2,21.88,2026-07-03,CONFIRMED
4657,3405,diana25@example.net,1252,Then single,"Castro, Garcia and Daniels Cinemas",3,40.65,2026-07-17,CONFIRMED
4658,1199,brownjames@example.org,1995,Appear degree far,Smith LLC Cinemas,1,16.97,2026-07-23,CONFIRMED
4659,3883,dale37@example.net,724,Reason rock bit,"Foster, Smith and Grimes Cinemas",4,75.64,2026-06-22,CONFIRMED
4660,1863,francis07@example.net,890,Run all support,"Henderson, Alexander and Galvan Cinemas",6,142.86,2026-07-23,CANCELLED
4661,2189,hardincarlos@example.com,647,With time up,Smith-Gomez Cinemas,6,113.16,2026-07-16,CONFIRMED
4662,4064,bakerjessica@example.org,1651,Campaign wife,"Herring, Wilson and Mendoza Cinemas",1,18.21,2026-07-10,CONFIRMED
4663,258,samantha54@example.net,1721,Everyone water message,Cook PLC Cinemas,3,51.93,2026-07-23,CONFIRMED
4664,4286,ypitts@example.org,1091,Defense skin,Howe Inc Cinemas,6,138.66,2026-07-23,CONFIRMED
4665,4654,garrettmichael@example.com,1348,Baby dog food,"Stevens, Norris and Smith Cinemas",2,45.6,2026-07-23,CONFIRMED
4666,574,ricky35@example.net,347,Minute season political,Ward-Chase Cinemas,1,15.94,2026-07-02,CANCELLED
4667,1315,aliciaperez@example.com,1279,Exist upon,"Martinez, Rose and Jackson Cinemas",5,123.2,2026-07-23,CONFIRMED
4668,3102,medwards@example.net,1380,Meet both at,"Robinson, Jones and Welch Cinemas",1,12.92,2026-06-24,CONFIRMED
4669,232,ijones@example.com,1452,Clear far,"Gonzales, Short and Weaver Cinemas",2,31.68,2026-07-05,CONFIRMED
4670,2261,richard15@example.com,693,Whose usually adult,"Richardson, Stephens and Barnes Cinemas",2,20.5,2026-07-14,CANCELLED
4671,4961,henrymarshall@example.net,222,Remember hot,Gallegos-Turner Cinemas,5,114.65,2026-06-28,CONFIRMED
4672,880,conleyantonio@example.org,1174,Theory discover,Davis Group Cinemas,5,103.25,2026-07-23,CANCELLED
4673,91,deborahgonzalez@example.net,75,Sometimes charge,"Thomas, White and Jensen Cinemas",3,30.99,2026-07-23,CONFIRMED
4674,3319,stephanie65@example.net,852,Mind discuss too,"White, Burch and Reynolds Cinemas",3,26.91,2026-07-23,CONFIRMED
4675,806,davidhaynes@example.com,712,Former get occur,"Howard, Townsend and Hayes Cinemas",5,47.9,2026-06-26,CONFIRMED
4676,2025,laura67@example.org,220,Military everybody ability,"Moore, Gilmore and Martin Cinemas",4,54.92,2026-07-23,CANCELLED
4677,310,cooperlaura@example.org,114,Guy visit concern,Johnson-Alvarez Cinemas,2,23.26,2026-06-16,CANCELLED
4678,2769,michaelflynn@example.net,1439,So,Clarke-Ramirez Cinemas,2,26.52,2026-07-23,CONFIRMED
4679,2955,james25@example.com,947,Buy ground student with,Andrews-Aguirre Cinemas,2,46.02,2026-07-17,CONFIRMED
4680,1298,angela57@example.com,1587,Argue call,White Inc Cinemas,6,147.54,2026-07-23,CONFIRMED
4681,3711,gonzaleskenneth@example.net,1036,Success near,"Morales, Miller and Harrell Cinemas",5,115.4,2026-06-30,CONFIRMED
4682,3707,alan04@example.com,497,Moment,Jordan-Campbell Cinemas,4,56.32,2026-07-23,CONFIRMED
4683,421,sanderson@example.org,970,My hour task,"Underwood, Bartlett and Russell Cinemas",6,74.46,2026-06-16,CONFIRMED
4684,382,washingtonleslie@example.net,1825,Owner office,"Miranda, Wheeler and Avila Cinemas",2,18.74,2026-06-22,CONFIRMED
4685,1111,hcarter@example.org,1209,While court,"Moore, Alexander and Reed Cinemas",3,48.78,2026-07-09,CONFIRMED
4686,749,myersbenjamin@example.com,1072,Hair remember,Thomas and Sons Cinemas,3,58.26,2026-06-30,CANCELLED
4687,2962,lisa84@example.net,1689,Provide right section,"Weiss, Cole and Preston Cinemas",5,60.25,2026-07-23,CONFIRMED
4688,1958,melissa25@example.org,770,So yeah,Sims-Padilla Cinemas,3,69.0,2026-07-03,CONFIRMED
4689,3937,javierjohnson@example.org,1954,Service,"Hammond, Douglas and Johnson Cinemas",1,10.93,2026-07-01,CONFIRMED
4690,4308,jennifer04@example.net,610,Remember hotel really authority,Aguirre-Bennett Cinemas,1,9.24,2026-07-23,CANCELLED
4691,1256,harrisamy@example.org,890,Run all support,"Henderson, Alexander and Galvan Cinemas",5,119.05,2026-07-23,CONFIRMED
4692,2807,mfowler@example.com,1698,Good movement how return,Russell Inc Cinemas,2,49.7,2026-07-20,CANCELLED
4693,4762,yphillips@example.com,293,Save job shoulder,Clark Group Cinemas,4,41.88,2026-07-23,CANCELLED
4694,1556,jonesstephen@example.org,1165,Account large lot,"Miller, Hansen and Salas Cinemas",2,22.72,2026-07-23,CANCELLED
4695,4843,marcjohnson@example.net,990,Hour this dinner,Davis LLC Cinemas,6,52.38,2026-07-23,CONFIRMED
4696,4478,gfrank@example.net,1033,Experience western discover,Page-Jacobs Cinemas,2,42.94,2026-06-27,CONFIRMED
4697,4514,amorrison@example.net,1785,Determine thought couple,Vega-Thomas Cinemas,5,86.1,2026-06-13,CONFIRMED
4698,360,hammondjeff@example.com,1128,Including stand enjoy,"Gonzalez, Santos and Gardner Cinemas",4,32.36,2026-07-23,CONFIRMED
4699,313,harrisonnicholas@example.net,1275,Movement car as responsibility,Bradley-Novak Cinemas,6,73.38,2026-07-09,CONFIRMED
4700,1122,zhangnatalie@example.net,227,People tax amount author,Ortega Group Cinemas,1,14.7,2026-07-23,CONFIRMED
4701,610,christophercook@example.com,659,Risk hospital process,Miller and Sons Cinemas,3,60.54,2026-07-23,CONFIRMED
4702,4135,mgross@example.com,1684,Level speak,"Underwood, Bartlett and Russell Cinemas",2,25.38,2026-07-23,CANCELLED
4703,1769,guerramaria@example.org,409,Every one again,Singleton-King Cinemas,1,11.83,2026-07-23,CONFIRMED
4704,744,fking@example.org,1593,Offer his discover,"Warner, Baker and Campbell Cinemas",2,23.82,2026-07-23,CONFIRMED
4705,1889,bobbybowen@example.org,677,In executive may represent,Kennedy PLC Cinemas,1,16.07,2026-07-23,CONFIRMED
4706,2567,jenniferprice@example.com,95,Movement cup prepare,Fitzgerald-Scott Cinemas,2,21.32,2026-07-05,CONFIRMED
4707,989,jennifercooper@example.com,1463,Know never,Turner Inc Cinemas,4,83.4,2026-06-18,CONFIRMED
4708,3265,mitchelljoshua@example.com,1187,Debate clear,"Hull, Haynes and Garcia Cinemas",5,61.85,2026-07-23,CANCELLED
4709,3940,julia09@example.org,813,North billion well,Krueger PLC Cinemas,6,128.46,2026-07-23,CONFIRMED
4710,614,pbarajas@example.com,310,Drug,Smith Group Cinemas,1,15.04,2026-07-18,CONFIRMED
4711,865,justin16@example.com,1240,Type plan,Avila LLC Cinemas,2,25.96,2026-07-07,CONFIRMED
4712,3974,samantha46@example.net,1910,Decide,James and Sons Cinemas,4,78.52,2026-07-04,CONFIRMED
4713,3957,carolyn93@example.org,62,Factor remember,Herrera-Coleman Cinemas,4,40.12,2026-07-19,CONFIRMED
4714,4339,suttonwilliam@example.com,1172,Under especially,"Wells, Anderson and Rodriguez Cinemas",2,18.62,2026-07-13,CONFIRMED
4715,4209,jeremy56@example.com,1060,Choose picture age thus,Johnson Ltd Cinemas,4,64.92,2026-07-21,CONFIRMED
4716,842,wgomez@example.net,392,Culture speak,Gallegos-Turner Cinemas,1,13.37,2026-06-29,CONFIRMED
4717,183,haley79@example.net,1166,Believe dark,"Garza, Williams and Walker Cinemas",4,73.52,2026-06-27,CONFIRMED
4718,4798,daniel35@example.net,1353,Through,"Medina, Miller and Yates Cinemas",3,53.34,2026-07-23,CONFIRMED
4719,485,dianawolf@example.org,1609,Room factor,Hoffman PLC Cinemas,3,27.0,2026-06-25,CONFIRMED
4720,16,tmoore@example.net,404,Rule small TV,Villa Group Cinemas,4,49.12,2026-07-23,CONFIRMED
4721,1810,howard63@example.net,721,Though hard trip,Mendoza Group Cinemas,4,56.96,2026-06-18,CONFIRMED
4722,3021,rnguyen@example.net,1205,Daughter black situation,"Hunter, Taylor and York Cinemas",2,21.72,2026-07-23,CONFIRMED
4723,3979,teresa94@example.org,397,Southern student,Greene-Shelton Cinemas,5,97.05,2026-07-16,CONFIRMED
4724,835,jason21@example.net,347,Minute season political,Ward-Chase Cinemas,1,15.94,2026-07-01,CONFIRMED
4725,4147,davidgrant@example.net,1924,Do environmental,Jones-Contreras Cinemas,2,42.38,2026-07-23,CONFIRMED
4726,1706,johnsonteresa@example.net,331,Job prepare either suffer,Joseph Inc Cinemas,4,88.88,2026-06-23,CONFIRMED
4727,4565,sarah07@example.net,544,Us consider baby,Davis-Montgomery Cinemas,4,33.84,2026-07-15,CONFIRMED
4728,3374,susanwarner@example.com,328,Improve stand why,"Wagner, Anderson and Robles Cinemas",5,76.7,2026-07-23,CONFIRMED
4729,2070,alyssaturner@example.com,664,Poor cause,Sanchez-Douglas Cinemas,1,8.6,2026-07-23,CONFIRMED
4730,2540,lydia72@example.org,573,Understand education,"Taylor, Morales and Fuller Cinemas",6,122.64,2026-06-11,CONFIRMED
4731,2085,gabriela43@example.net,459,Bank whatever,"James, Atkins and Alexander Cinemas",6,85.14,2026-07-23,CONFIRMED
4732,3943,perrylisa@example.net,286,Light involve all,"Thomas, Moreno and Smith Cinemas",2,45.88,2026-06-17,CONFIRMED
4733,1068,theresascott@example.com,93,Friend develop heart,Raymond LLC Cinemas,1,12.77,2026-07-23,CONFIRMED
4734,1199,brownjames@example.org,1288,Agreement outside night,Spears Ltd Cinemas,3,26.64,2026-07-23,CONFIRMED
4735,2715,jasmineshepard@example.com,1654,Foreign,"Nguyen, Marsh and Beck Cinemas",6,58.32,2026-07-23,CANCELLED
4736,4703,smithmatthew@example.net,1116,Deep better,"Moore, Alexander and Reed Cinemas",4,93.68,2026-07-19,CONFIRMED
4737,2647,pamelawest@example.net,739,Environmental reflect,Flores Ltd Cinemas,3,68.79,2026-07-23,CONFIRMED
4738,2062,todd39@example.net,763,View,Jones-Contreras Cinemas,3,39.12,2026-07-23,CONFIRMED
4739,1656,gabrielle34@example.net,283,International thousand,"Cox, Ford and Huffman Cinemas",5,80.85,2026-06-23,CONFIRMED
4740,1825,asmith@example.net,1075,Yet keep bed,Roberts Ltd Cinemas,4,69.2,2026-06-19,CONFIRMED
4741,1384,crandall@example.net,1791,Work financial,Roth Ltd Cinemas,4,59.48,2026-07-23,CONFIRMED
4742,1143,curtisjacqueline@example.org,1031,Institution possible,Carney Group Cinemas,3,55.71,2026-07-23,CONFIRMED
4743,4603,owatkins@example.net,1548,Huge school trip,"Jordan, Swanson and Franklin Cinemas",1,8.61,2026-06-29,CONFIRMED
4744,4222,christinehowell@example.org,1938,Consider product science,Clark Group Cinemas,3,55.32,2026-06-30,CONFIRMED
4745,2409,anita77@example.org,682,Set southern,Wilson-Pierce Cinemas,4,71.36,2026-06-24,CONFIRMED
4746,2068,tammy98@example.org,1945,Grow fear our sort,Knox and Sons Cinemas,2,42.54,2026-07-23,CONFIRMED
4747,1056,bowmankylie@example.com,1346,Energy find side,"Whitney, Mayo and Clark Cinemas",3,32.07,2026-07-23,CONFIRMED
4748,308,sanchezjennifer@example.org,1805,Identify effort,"Taylor, Williams and Hall Cinemas",4,72.32,2026-06-16,CONFIRMED
4749,1508,sandraharper@example.org,1514,Avoid loss,Harris-Wright Cinemas,2,21.68,2026-07-05,CONFIRMED
4750,4481,lbauer@example.com,946,Time traditional,"Taylor, Morales and Fuller Cinemas",6,139.56,2026-07-23,CONFIRMED
4751,1190,gcoleman@example.org,1170,Do seven,Smith-Patel Cinemas,3,27.78,2026-07-21,CONFIRMED
4752,1847,torresrebecca@example.org,1820,Night good,Herrera LLC Cinemas,6,98.7,2026-07-23,CONFIRMED
4753,575,garciaanne@example.org,1294,Might them daughter,"Howard, Townsend and Hayes Cinemas",6,110.16,2026-07-15,CANCELLED
4754,4365,hperez@example.com,1503,Speak pay and,Mccarthy-Hobbs Cinemas,3,53.79,2026-07-09,CONFIRMED
4755,3929,amydavis@example.org,1589,Difficult west,"Ruiz, Martin and Jones Cinemas",1,19.56,2026-07-20,CONFIRMED
4756,2618,hsmith@example.net,414,Staff argue ten,"Myers, Gamble and Sanford Cinemas",4,74.52,2026-07-23,CONFIRMED
4757,4465,kendra41@example.net,1692,Forward become,Roberts-Mccarty Cinemas,3,32.52,2026-07-01,CONFIRMED
4758,1200,tiffany50@example.net,416,Network nor father,Clark Group Cinemas,3,34.68,2026-07-13,CONFIRMED
4759,3418,watkinsvanessa@example.net,1694,Fall letter,Gibson-Gardner Cinemas,3,70.92,2026-07-23,CONFIRMED
4760,1617,aaron62@example.net,1134,Material history choose,Hill and Sons Cinemas,6,50.04,2026-07-23,CONFIRMED
4761,2577,usims@example.net,569,President wind,Peterson-Wagner Cinemas,3,51.84,2026-06-17,CONFIRMED
4762,190,lpage@example.com,1838,Mrs threat,"Skinner, Howe and Davis Cinemas",2,31.66,2026-07-23,CONFIRMED
4763,930,lisa24@example.org,1487,Actually meet,"Hatfield, Edwards and Brown Cinemas",4,57.96,2026-07-23,CANCELLED
4764,1377,jonesrachel@example.com,1747,Picture nearly,Chandler-Lynch Cinemas,5,69.1,2026-06-28,CANCELLED
4765,4857,johnbrown@example.net,33,Project,"Olson, Hebert and Jones Cinemas",1,20.79,2026-06-22,CONFIRMED
4766,2556,francisco65@example.com,1393,Practice,Nichols-Lam Cinemas,3,35.01,2026-07-23,CONFIRMED
4767,4844,kevinsmith@example.net,1238,Campaign wall,"Ho, Little and Leon Cinemas",4,66.0,2026-06-25,CONFIRMED
4768,2550,campbellanthony@example.net,1112,Mr Mr all,White-Reese Cinemas,6,60.12,2026-07-23,CONFIRMED
4769,3865,christopher06@example.com,1218,Weight ball hot,Singleton-King Cinemas,1,11.08,2026-07-23,CONFIRMED
4770,3199,ortegaanthony@example.com,278,Machine short,Edwards and Sons Cinemas,4,59.88,2026-07-09,CONFIRMED
4771,3089,hamptonsabrina@example.com,1268,Prove environmental,Singleton-King Cinemas,4,50.36,2026-07-23,CONFIRMED
4772,637,tnorris@example.com,423,Create,Ruiz-Rivera Cinemas,4,42.96,2026-07-23,CONFIRMED
4773,990,cassidymcdonald@example.com,1891,Voice themselves most,Harper-Johnson Cinemas,6,113.22,2026-07-23,CONFIRMED
4774,1831,bradleymercado@example.net,1999,Class if,Reyes Inc Cinemas,6,83.82,2026-06-30,CONFIRMED
4775,800,rossjames@example.org,1327,Rise kitchen,"Caldwell, Stevenson and Joseph Cinemas",2,35.36,2026-07-23,CONFIRMED
4776,1210,matthew64@example.com,1101,Stock for political,"Freeman, Hall and Allison Cinemas",3,39.54,2026-06-17,CONFIRMED
4777,305,nunezjill@example.net,1138,Cultural detail talk,"Stevens, Howell and Mitchell Cinemas",5,69.85,2026-07-23,CONFIRMED
4778,1410,ndiaz@example.com,522,Cut sea son,Johnson and Sons Cinemas,6,83.88,2026-07-23,CONFIRMED
4779,4648,zlong@example.org,403,Item but TV,Marshall Inc Cinemas,1,9.79,2026-07-23,CANCELLED
4780,3202,grossangie@example.net,197,Tell,"Duarte, Smith and Caldwell Cinemas",2,47.6,2026-07-23,CONFIRMED
4781,4971,margaretwilson@example.org,1665,Game church,"Sanchez, Terry and Turner Cinemas",2,49.78,2026-07-02,CONFIRMED
4782,4279,johnsonraven@example.net,841,Many four end,"Perez, Hoffman and Tucker Cinemas",5,79.05,2026-06-20,CONFIRMED
4783,1312,rsmith@example.org,571,Simply back human,Hoffman and Sons Cinemas,3,69.51,2026-06-11,CONFIRMED
4784,332,melinda87@example.com,134,Sea character none,Gutierrez-Ortiz Cinemas,6,76.92,2026-06-18,CONFIRMED
4785,3815,daltonbethany@example.org,452,Crime mother,Elliott-Holland Cinemas,1,21.59,2026-07-23,CONFIRMED
4786,2838,dwood@example.net,552,Participant compare,"Garrison, Ryan and Miller Cinemas",3,34.98,2026-06-12,CONFIRMED
4787,1759,wgarcia@example.com,184,Hour story stay,Peterson-Mullins Cinemas,3,43.47,2026-07-01,CONFIRMED
4788,2610,collinscourtney@example.net,656,Others son,"Carpenter, Morrow and Smith Cinemas",2,36.68,2026-07-23,CONFIRMED
4789,2126,heatheranderson@example.net,1023,Pattern challenge soldier send,Garrett-Stout Cinemas,6,87.54,2026-07-14,CONFIRMED
4790,4472,marissa67@example.net,299,Pm protect,Obrien and Sons Cinemas,5,112.35,2026-07-06,CONFIRMED
4791,207,padillapatricia@example.org,1011,Until nothing then,"Sims, Weber and Villa Cinemas",5,52.75,2026-07-23,CONFIRMED
4792,4683,eileenortiz@example.com,33,Project,"Olson, Hebert and Jones Cinemas",4,83.16,2026-06-23,CANCELLED
4793,2409,anita77@example.org,805,Natural trip compare,Carroll-Snyder Cinemas,5,101.45,2026-07-23,CONFIRMED
4794,4186,xbrooks@example.com,531,Respond both,Joyce-Benitez Cinemas,2,24.0,2026-07-23,CONFIRMED
4795,4123,amanda19@example.org,78,South moment alone interview,"Gonzales, Smith and Davis Cinemas",1,18.14,2026-07-23,CANCELLED
4796,4957,sgonzalez@example.org,1838,Mrs threat,"Skinner, Howe and Davis Cinemas",1,15.83,2026-07-23,CONFIRMED
4797,4042,benitezheather@example.com,460,Door give hair,"James, Howard and Johnson Cinemas",3,70.62,2026-07-23,CONFIRMED
4798,3660,fmunoz@example.net,1284,Wrong social force,Weaver-Thompson Cinemas,6,138.54,2026-07-23,CONFIRMED
4799,3710,ismith@example.net,10,Include available,Gallagher-Diaz Cinemas,5,106.0,2026-06-28,CONFIRMED
4800,3698,floresalex@example.org,631,There beat good,"Burns, Barker and Horton Cinemas",3,30.87,2026-07-23,CONFIRMED
4801,1507,colemanjim@example.net,1606,Democratic conference,Hernandez Inc Cinemas,2,26.86,2026-07-17,CONFIRMED
4802,526,eadams@example.org,7,Could social,"Allen, Gonzales and Reeves Cinemas",1,20.51,2026-07-23,CONFIRMED
4803,4518,joseph27@example.net,1020,Once series rise,Garcia LLC Cinemas,5,84.9,2026-06-23,CONFIRMED
4804,1651,jameswood@example.net,687,Born option program friend,Moreno Ltd Cinemas,1,24.26,2026-07-03,CONFIRMED
4805,2000,tholt@example.com,458,South director,"Burns, Barker and Horton Cinemas",2,42.2,2026-07-23,CONFIRMED
4806,521,jacquelinebennett@example.net,1079,Participant foreign major you,Anderson Group Cinemas,5,44.05,2026-06-30,CONFIRMED
4807,3402,meganmullins@example.org,439,Claim form,Santos-Roach Cinemas,5,40.1,2026-07-19,CONFIRMED
4808,1919,heatherthompson@example.net,1129,Treat only partner,"Johns, Figueroa and Graham Cinemas",4,48.4,2026-06-21,CONFIRMED
4809,1338,derekgonzalez@example.com,1490,Drop tend current,Nelson and Sons Cinemas,3,30.9,2026-07-23,CONFIRMED
4810,238,rebecca18@example.net,930,Similar item,"Vang, Wilkinson and Wilson Cinemas",5,107.15,2026-07-01,CANCELLED
4811,4050,daughertyjoseph@example.com,1347,Nor occur,Johnson and Sons Cinemas,3,60.81,2026-07-23,CONFIRMED
4812,1358,charlesjohnston@example.com,1459,Way former affect network,"Kennedy, Cohen and Pennington Cinemas",1,8.8,2026-07-12,CONFIRMED
4813,4577,huangrhonda@example.com,76,Structure whom,"James, Howard and Johnson Cinemas",1,14.15,2026-07-21,CONFIRMED
4814,71,maryking@example.com,1592,Program loss network,Taylor-Moore Cinemas,1,18.33,2026-07-23,CANCELLED
4815,226,meganrichardson@example.org,1690,Fund weight,"Compton, Owens and Decker Cinemas",4,33.56,2026-07-23,CONFIRMED
4816,980,pcaldwell@example.net,1549,Share,Moore-Bright Cinemas,6,114.42,2026-07-23,CONFIRMED
4817,3147,harveyjames@example.net,205,Bill discuss four,Mills and Sons Cinemas,2,49.14,2026-06-16,CONFIRMED
4818,2661,lopezmichelle@example.net,1100,Image policy catch,"Taylor, Morales and Fuller Cinemas",1,17.43,2026-07-23,CONFIRMED
4819,175,hurstmichael@example.org,483,Stage realize push we,"Bennett, Williams and Klein Cinemas",3,33.15,2026-07-12,CONFIRMED
4820,1283,zoe99@example.com,1729,Whether manager,"Patel, Palmer and Jones Cinemas",5,59.15,2026-06-24,CONFIRMED
4821,4035,andrewsmith@example.org,218,Visit PM this,"Anderson, Velazquez and Stewart Cinemas",2,34.34,2026-07-23,CONFIRMED
4822,4181,selena30@example.org,1652,Article available,Peterson-Mullins Cinemas,4,47.36,2026-07-23,CONFIRMED
4823,639,corey22@example.com,331,Job prepare either suffer,Joseph Inc Cinemas,1,22.22,2026-06-11,CONFIRMED
4824,4361,austinkline@example.net,1963,Executive business,Chang Ltd Cinemas,1,24.9,2026-07-23,CONFIRMED
4825,746,whitejustin@example.org,1174,Theory discover,Davis Group Cinemas,4,82.6,2026-07-23,CONFIRMED
4826,2579,darrellarmstrong@example.org,1464,Himself or great,"Bennett, Williams and Klein Cinemas",5,114.8,2026-07-23,CONFIRMED
4827,3485,klawson@example.com,1300,Challenge easy,Brown LLC Cinemas,3,40.65,2026-07-23,CONFIRMED
4828,3277,knoxmark@example.org,881,Direction blood,Chase-Washington Cinemas,4,91.04,2026-07-23,CONFIRMED
4829,3511,john52@example.net,1497,House amount present,"Miller, Hansen and Salas Cinemas",4,68.04,2026-06-23,CONFIRMED
4830,1977,omarthompson@example.org,1439,So,Clarke-Ramirez Cinemas,1,13.26,2026-07-23,CANCELLED
4831,4260,zsanders@example.net,746,Have grow rate,Price-Schmitt Cinemas,1,16.09,2026-07-16,CONFIRMED
4832,3746,thomasmendoza@example.org,283,International thousand,"Cox, Ford and Huffman Cinemas",1,16.17,2026-06-26,CONFIRMED
4833,1796,egarcia@example.com,86,Site unit response,Moran PLC Cinemas,4,47.2,2026-07-23,CONFIRMED
4834,3324,barrykevin@example.com,1614,Arrive morning guy,Diaz and Sons Cinemas,5,53.3,2026-07-23,CANCELLED
4835,3727,hudsonwhitney@example.org,37,Now whom smile,Lee-Weeks Cinemas,2,39.82,2026-07-06,CONFIRMED
4836,401,megan57@example.com,1103,Long chance,"Chan, Hart and Schmidt Cinemas",2,40.92,2026-07-23,CANCELLED
4837,2439,halljerome@example.com,1211,Alone eight,Griffin-Hernandez Cinemas,2,32.48,2026-07-10,CONFIRMED
4838,3224,amandawarren@example.net,1223,Compare well,Hill-Guerra Cinemas,1,21.83,2026-07-01,CONFIRMED
4839,1529,annpeters@example.org,1344,Take special rate ahead,Harrison-Leach Cinemas,2,40.48,2026-07-10,CONFIRMED
4840,815,nicole39@example.org,684,Mrs call,Griffin Ltd Cinemas,1,11.32,2026-07-23,CONFIRMED
4841,1545,xsmith@example.org,85,Nation,Rojas and Sons Cinemas,1,8.04,2026-07-23,CONFIRMED
4842,2454,katherine65@example.com,967,Traditional structure,Wright-Davis Cinemas,6,68.28,2026-07-23,CONFIRMED
4843,4580,brandonmorales@example.net,1987,Relationship attention plant,"Vaughan, Gibson and Dawson Cinemas",5,81.2,2026-07-23,CONFIRMED
4844,1359,rachel22@example.org,621,Of nature,"Yang, Willis and Walker Cinemas",1,14.9,2026-06-13,CONFIRMED
4845,4671,stevenking@example.org,1315,Learn,"Weiss, Cole and Preston Cinemas",1,8.84,2026-06-18,CONFIRMED
4846,2866,nicole31@example.com,868,Need hair whole thus,Watson-Chan Cinemas,4,92.52,2026-07-02,CONFIRMED
4847,524,matthewwalker@example.com,987,Capital artist economic,"Nguyen, Ellis and Wright Cinemas",3,41.73,2026-07-12,CONFIRMED
4848,4401,jwilson@example.net,1038,Recently support,"Chase, Prince and Wilcox Cinemas",2,45.64,2026-07-23,CONFIRMED
4849,2150,nicole28@example.com,680,Which process,Rojas and Sons Cinemas,2,40.56,2026-07-23,CONFIRMED
4850,4263,njohnson@example.com,1129,Treat only partner,"Johns, Figueroa and Graham Cinemas",3,36.3,2026-06-15,CONFIRMED
4851,4058,hughesnancy@example.net,566,Blue soon boy,Price-Lee Cinemas,1,13.92,2026-06-24,CONFIRMED
4852,1871,hjones@example.org,1759,Lose education,Price-Schmitt Cinemas,4,58.56,2026-07-23,CONFIRMED
4853,307,davidgonzales@example.com,1789,Financial,Wood-Watson Cinemas,3,60.51,2026-06-19,CONFIRMED
4854,1947,kevinhall@example.net,1994,Particular,Hall-Barber Cinemas,1,12.65,2026-07-23,CONFIRMED
4855,2772,jacob18@example.org,737,Card source probably glass,Stewart-Lee Cinemas,1,11.22,2026-07-23,CONFIRMED
4856,2032,nadkins@example.com,1850,Again democratic,Wright Group Cinemas,5,75.9,2026-07-23,CONFIRMED
4857,325,joseph21@example.net,6,Heavy board,Davenport-Reynolds Cinemas,2,19.84,2026-06-24,CONFIRMED
4858,1391,chapmanrobert@example.com,1778,Test threat she improve,Palmer Inc Cinemas,4,81.64,2026-06-18,CONFIRMED
4859,2972,michaelramirez@example.net,249,Time feel,Singleton-King Cinemas,5,60.2,2026-07-10,CONFIRMED
4860,3189,paynedominic@example.net,1104,Series popular,"Freeman, Hall and Allison Cinemas",1,22.61,2026-07-13,CONFIRMED
4861,2187,bryanwallace@example.com,254,Whose campaign help,Turner Inc Cinemas,3,37.53,2026-07-23,CONFIRMED
4862,4752,adamsdanielle@example.net,1492,Ball parent,"Arnold, Thomas and Moss Cinemas",6,142.08,2026-06-18,CONFIRMED
4863,2534,uwu@example.net,684,Mrs call,Griffin Ltd Cinemas,3,33.96,2026-07-23,CONFIRMED
4864,1848,christopherrivera@example.net,1861,Summer out,"Marquez, Martinez and Bailey Cinemas",3,67.71,2026-07-02,CANCELLED
4865,1510,samanthamartinez@example.net,525,Protect official cause,Oconnell-Smith Cinemas,1,9.42,2026-07-23,CONFIRMED
4866,439,jacob04@example.org,1444,Character minute,Wright Group Cinemas,4,92.16,2026-07-06,CONFIRMED
4867,2959,burnsjohn@example.com,743,Investment act,Wilson-Williams Cinemas,4,95.2,2026-07-23,CONFIRMED
4868,807,patriciawilson@example.com,46,Fire require mind,Harrington Group Cinemas,4,75.16,2026-06-28,CANCELLED
4869,4545,nicolerandall@example.net,1652,Article available,Peterson-Mullins Cinemas,3,35.52,2026-07-23,CONFIRMED
4870,4410,libarra@example.com,368,Many remain,"Velez, Howell and Stevenson Cinemas",5,94.1,2026-07-23,CONFIRMED
4871,3901,jodihunt@example.net,290,Three low,Hoffman PLC Cinemas,6,61.5,2026-07-23,CONFIRMED
4872,4723,vmorrison@example.net,888,Itself consumer,"Meyer, Dawson and Harper Cinemas",5,124.4,2026-06-19,CANCELLED
4873,1729,forr@example.net,1656,Conference act capital,Ford-Olsen Cinemas,5,69.0,2026-07-23,CONFIRMED
4874,4335,mgarcia@example.net,662,Painting fine she,Lloyd Inc Cinemas,3,28.56,2026-07-23,CANCELLED
4875,3665,uburns@example.net,1116,Deep better,"Moore, Alexander and Reed Cinemas",1,23.42,2026-07-21,CONFIRMED
4876,3221,elizabethpeters@example.com,301,Fast public decade smile,Henderson-Parks Cinemas,5,78.55,2026-07-12,CANCELLED
4877,4778,josephyoung@example.org,1919,End system hold,Taylor-Gallagher Cinemas,2,47.26,2026-07-20,CANCELLED
4878,3111,matthewcollins@example.org,1344,Take special rate ahead,Harrison-Leach Cinemas,6,121.44,2026-07-04,CONFIRMED
4879,4074,ulogan@example.org,882,Politics,Thomas-Reilly Cinemas,5,60.5,2026-07-23,CANCELLED
4880,3397,joseph78@example.org,1144,Have reach water hit,Henderson LLC Cinemas,6,104.76,2026-07-13,CONFIRMED
4881,354,richard37@example.org,1504,Program difficult represent,"Williams, Mccoy and Cook Cinemas",5,117.6,2026-07-04,CONFIRMED
4882,2325,spencerbrooke@example.org,642,They school hit,"Flowers, Berry and Ramirez Cinemas",4,52.88,2026-07-05,CONFIRMED
4883,1904,kelly83@example.org,1687,Million travel,"Evans, David and Hendrix Cinemas",4,42.92,2026-07-04,CONFIRMED
4884,1138,cannonmary@example.net,567,Create worry him talk,"Bauer, Frazier and Sellers Cinemas",1,13.29,2026-07-23,CONFIRMED
4885,915,elizabeth15@example.net,1543,Project real out his,Barnett PLC Cinemas,5,66.15,2026-07-23,CONFIRMED
4886,878,larsonjeremy@example.com,43,Nor consider tree,Sullivan PLC Cinemas,6,70.56,2026-06-25,CANCELLED
4887,2668,ojames@example.org,1006,Case include,Payne PLC Cinemas,1,19.78,2026-07-01,CONFIRMED
4888,752,belindahaas@example.com,115,Service hope value,"Larsen, Hernandez and Ward Cinemas",3,55.68,2026-07-23,CONFIRMED
4889,314,davidglover@example.com,760,Hand politics,"Williams, Newman and Jones Cinemas",3,43.2,2026-07-11,CONFIRMED
4890,3686,foxgerald@example.net,1527,School pass at,"Caldwell, Stevenson and Joseph Cinemas",3,74.55,2026-07-23,CONFIRMED
4891,3955,rebecca55@example.com,806,Marriage,"Good, Brewer and Fisher Cinemas",2,23.12,2026-07-09,CONFIRMED
4892,1664,aliciabenjamin@example.com,451,Rise organization,"Taylor, Williams and Hall Cinemas",3,64.77,2026-06-27,CONFIRMED
4893,2265,john03@example.com,628,Front its,Miller-Booker Cinemas,4,93.48,2026-07-10,CONFIRMED
4894,3484,jsalas@example.org,1858,Action natural southern,"Duarte, Smith and Caldwell Cinemas",1,19.22,2026-07-21,CANCELLED
4895,1041,jonathangonzales@example.org,811,Reflect air ask,Jones-Barnes Cinemas,4,68.12,2026-07-22,CONFIRMED
4896,3278,masondavid@example.org,1138,Cultural detail talk,"Stevens, Howell and Mitchell Cinemas",2,27.94,2026-07-19,CONFIRMED
4897,332,melinda87@example.com,773,Toward others,"Henry, Edwards and Bartlett Cinemas",3,41.01,2026-07-23,CONFIRMED
4898,4812,stephanie59@example.com,1546,Contain computer must,Mills and Sons Cinemas,4,63.12,2026-07-14,CANCELLED
4899,647,egriffith@example.net,14,Nearly author,Smith-Carrillo Cinemas,1,17.54,2026-07-17,CONFIRMED
4900,925,kgarrison@example.com,1993,Quite record tell,"Herrera, Jensen and Ramirez Cinemas",1,12.1,2026-07-20,CONFIRMED
4901,1618,jamesevans@example.net,766,Arm,Acosta and Sons Cinemas,5,117.45,2026-06-19,CONFIRMED
4902,972,chantrevor@example.org,616,Thank purpose appear,Jackson-Cooper Cinemas,4,69.76,2026-07-23,CONFIRMED
4903,1002,jessica94@example.com,1634,Walk deal,Guzman-Montoya Cinemas,4,40.64,2026-07-23,CONFIRMED
4904,2379,dominique09@example.com,1141,Lead least,Jones-Taylor Cinemas,2,46.38,2026-07-23,CONFIRMED
4905,758,stewartjeremy@example.org,1824,Business relate class,"Larson, Daniels and James Cinemas",3,27.72,2026-07-11,CANCELLED
4906,2377,rmeadows@example.org,396,By what,"Bell, Peterson and Price Cinemas",5,120.55,2026-07-23,CONFIRMED
4907,2049,walterkatherine@example.com,823,Middle rule account,"Dickson, Barnett and Meyer Cinemas",4,33.72,2026-07-08,CONFIRMED
4908,1038,rlewis@example.org,1509,Join create unit,Bradley-Novak Cinemas,3,37.44,2026-06-20,CONFIRMED
4909,4541,pearsongreg@example.com,1892,Future,"Patterson, Camacho and White Cinemas",2,21.96,2026-07-23,CONFIRMED
4910,1178,wsanchez@example.org,1754,Hit trouble,Rodriguez Group Cinemas,5,69.55,2026-07-23,CONFIRMED
4911,4646,joseph26@example.org,1320,Service hope value,Solis-Edwards Cinemas,6,108.96,2026-07-23,CANCELLED
4912,2055,yhopkins@example.net,1626,Present develop day,"Mckee, Gardner and Davenport Cinemas",4,75.08,2026-06-24,CONFIRMED
4913,786,edwardserin@example.net,1214,Until store,"Flowers, Morgan and Barnes Cinemas",2,29.88,2026-07-05,CONFIRMED
4914,2549,jessicamcguire@example.com,593,Pay company,Bean-Evans Cinemas,4,97.2,2026-07-23,CONFIRMED
4915,330,elizabeth58@example.org,1546,Contain computer must,Mills and Sons Cinemas,2,31.56,2026-07-04,CONFIRMED
4916,1902,kellyrichard@example.net,125,Theory determine at,Mendoza-Jackson Cinemas,4,44.0,2026-07-23,CONFIRMED
4917,4997,guzmancarl@example.com,457,Resource kitchen year,Coleman-Long Cinemas,3,59.49,2026-07-23,CANCELLED
4918,1912,johnbush@example.net,1299,Go face very language,Castro and Sons Cinemas,4,60.64,2026-07-23,CANCELLED
4919,4259,drodriguez@example.com,1283,History admit yard example,"Kennedy, Mueller and Aguirre Cinemas",2,23.96,2026-07-23,CONFIRMED
4920,403,roberthoffman@example.com,936,Traditional one,Mcclain Inc Cinemas,2,25.16,2026-07-23,CONFIRMED
4921,1979,seth37@example.org,804,Year report,Chavez PLC Cinemas,2,30.56,2026-07-23,CONFIRMED
4922,3270,brittanyjohnson@example.com,1633,Program yourself,Stevenson Group Cinemas,3,63.06,2026-07-23,CONFIRMED
4923,2563,williamruiz@example.org,246,Box ten class,Goodwin Inc Cinemas,1,14.39,2026-07-23,CANCELLED
4924,2495,jayanderson@example.net,672,Mr if get,Hebert Group Cinemas,3,51.15,2026-07-23,CONFIRMED
4925,572,gomezgrant@example.net,1960,Realize,Landry-Hill Cinemas,1,15.72,2026-07-15,CONFIRMED
4926,4374,antonio51@example.net,365,However figure,"Carlson, Ware and Moore Cinemas",6,148.86,2026-07-23,CONFIRMED
4927,4515,annettemiller@example.com,1510,Music future treatment,Jackson-Campbell Cinemas,3,60.18,2026-07-03,CONFIRMED
4928,2486,kennethgolden@example.com,259,Focus discussion land,Hall-Washington Cinemas,6,86.64,2026-07-23,CONFIRMED
4929,4598,nrice@example.org,123,Range pressure but,"Bailey, Armstrong and Campbell Cinemas",3,37.56,2026-07-23,CONFIRMED
4930,1652,westjeffrey@example.org,897,Mind,"Russell, Murphy and Davis Cinemas",4,92.52,2026-07-23,CONFIRMED
4931,2485,zramirez@example.net,1542,Hold section painting,Evans-Chapman Cinemas,3,61.65,2026-06-29,CONFIRMED
4932,4965,suebarajas@example.net,357,Arrive policy,Ramirez Inc Cinemas,5,75.45,2026-07-23,CONFIRMED
4933,921,carolineperry@example.org,342,Policy throughout,Mcmahon PLC Cinemas,1,19.9,2026-06-22,CONFIRMED
4934,2486,kennethgolden@example.com,1846,Attention avoid beyond,Jackson-Mcclure Cinemas,4,45.04,2026-07-23,CONFIRMED
4935,3508,eharrison@example.com,1360,Major speech where idea,Mccoy-Alvarado Cinemas,5,114.15,2026-07-23,CANCELLED
4936,1350,sherry33@example.com,1309,Strategy pressure other,Weber-Richards Cinemas,1,12.55,2026-06-24,CONFIRMED
4937,3973,xbrown@example.com,1861,Summer out,"Marquez, Martinez and Bailey Cinemas",5,112.85,2026-07-03,CONFIRMED
4938,4631,bellwendy@example.org,753,Hot modern believe,Smith-James Cinemas,1,17.85,2026-07-19,CONFIRMED
4939,4238,ymitchell@example.com,169,None head,Reese Group Cinemas,4,55.2,2026-07-06,CONFIRMED
4940,2914,jenkinscarl@example.org,243,Job prepare either suffer,Johnson Ltd Cinemas,2,23.0,2026-07-04,CONFIRMED
4941,3687,laura17@example.com,167,Because answer class company,Lee-Fox Cinemas,5,43.6,2026-07-23,CONFIRMED
4942,308,sanchezjennifer@example.org,1183,Because show without,"Larsen, Hernandez and Ward Cinemas",3,36.36,2026-07-06,CONFIRMED
4943,2056,rittersusan@example.com,536,Study respond,"Davis, Johnson and Williams Cinemas",5,70.8,2026-07-16,CANCELLED
4944,3903,stevensbrandi@example.net,696,Now our,"Turner, Baxter and Mcdowell Cinemas",1,18.68,2026-07-06,CONFIRMED
4945,739,harrissamuel@example.org,777,Yet interview,Cervantes PLC Cinemas,5,42.8,2026-07-23,CONFIRMED
4946,3497,webbkeith@example.com,1120,Senior suggest light four,"Santiago, Smith and Cannon Cinemas",4,59.12,2026-07-05,CONFIRMED
4947,3911,xgreen@example.net,1766,Deep story,"Li, Jensen and Vazquez Cinemas",1,11.69,2026-07-23,CANCELLED
4948,743,maxwelltheodore@example.org,1722,Candidate door,Elliott Group Cinemas,6,87.18,2026-07-23,CONFIRMED
4949,639,corey22@example.com,1030,Off region measure,"Campbell, Long and Silva Cinemas",4,49.68,2026-06-25,CANCELLED
4950,1286,james72@example.org,1802,Policy similar run,Jennings Group Cinemas,4,32.8,2026-07-11,CONFIRMED
4951,453,gblair@example.com,1380,Meet both at,"Robinson, Jones and Welch Cinemas",4,51.68,2026-07-01,CONFIRMED
4952,1837,angelica13@example.com,1398,Among among,Villarreal and Sons Cinemas,5,56.2,2026-07-17,CONFIRMED
4953,3951,alex81@example.net,1691,Remain upon former,"Jacobs, Calhoun and Wyatt Cinemas",5,119.05,2026-07-06,CONFIRMED
4954,1730,clarkdavid@example.net,1631,Recent dream raise,Hall Ltd Cinemas,6,86.76,2026-06-23,CONFIRMED
4955,4613,leelisa@example.net,1348,Baby dog food,"Stevens, Norris and Smith Cinemas",1,22.8,2026-07-23,CONFIRMED
4956,4798,daniel35@example.net,1932,Arm sometimes table,"Castro, Garcia and Daniels Cinemas",4,67.52,2026-06-25,CONFIRMED
4957,4377,victoria96@example.com,98,Big once,Johnson and Sons Cinemas,4,52.08,2026-07-23,CONFIRMED
4958,3751,kelly05@example.net,1856,Offer evening,"James, Howard and Johnson Cinemas",6,63.84,2026-06-25,CONFIRMED
4959,2299,johnmendez@example.com,1658,Laugh across,Anderson-Silva Cinemas,6,142.2,2026-07-09,CONFIRMED
4960,67,walkerjennifer@example.com,1359,Space type eye,Chang Ltd Cinemas,6,115.38,2026-07-23,CONFIRMED
4961,3237,nwhite@example.org,457,Resource kitchen year,Coleman-Long Cinemas,3,59.49,2026-07-23,CONFIRMED
4962,4653,nathansandoval@example.net,190,Choose power customer,Burns-Nguyen Cinemas,6,115.38,2026-07-23,CONFIRMED
4963,4695,kennedyevan@example.com,1907,Book idea,Quinn-Wilson Cinemas,3,44.13,2026-07-01,CONFIRMED
4964,3558,antonio26@example.org,376,Hard debate type,Reyes Inc Cinemas,2,16.38,2026-07-21,CONFIRMED
4965,369,lwilliams@example.com,1945,Grow fear our sort,Knox and Sons Cinemas,1,21.27,2026-07-23,CANCELLED
4966,2808,burnstyler@example.net,365,However figure,"Carlson, Ware and Moore Cinemas",2,49.62,2026-07-23,CONFIRMED
4967,4604,cynthia47@example.net,1641,Boy word south,Christian Ltd Cinemas,4,98.96,2026-07-08,CONFIRMED
4968,2050,paulpowell@example.com,1449,Box thing,Martinez and Sons Cinemas,6,60.96,2026-07-23,CONFIRMED
4969,2659,steven65@example.net,272,Training tough decision,"Castro, Irwin and Rodriguez Cinemas",4,88.84,2026-07-23,CONFIRMED
4970,3440,jenniferwatts@example.net,792,Political bar,Henderson LLC Cinemas,6,125.46,2026-07-23,CONFIRMED
4971,1054,clarkmichael@example.org,1844,Ability stuff successful,"Patel, Palmer and Jones Cinemas",5,77.05,2026-07-23,CONFIRMED
4972,1280,ruizgary@example.net,2,Almost,Aguilar-Bender Cinemas,2,17.62,2026-07-23,CANCELLED
4973,4671,stevenking@example.org,312,Writer probably,Simon and Sons Cinemas,2,24.44,2026-07-23,CONFIRMED
4974,1937,ericryan@example.org,845,Pressure human,"Wheeler, Rocha and Rodriguez Cinemas",4,86.88,2026-07-23,CANCELLED
4975,4710,duffycody@example.net,894,Strategy impact,Martinez-Lopez Cinemas,2,42.28,2026-07-10,CONFIRMED
4976,751,wfleming@example.org,128,Floor force leave,"Medina, Green and Rivera Cinemas",5,100.55,2026-07-22,CANCELLED
4977,4778,josephyoung@example.org,662,Painting fine she,Lloyd Inc Cinemas,4,38.08,2026-07-23,CONFIRMED
4978,1764,riley28@example.com,1218,Weight ball hot,Singleton-King Cinemas,5,55.4,2026-07-23,CONFIRMED
4979,3226,jasonhardy@example.net,40,During together feel,Stewart Group Cinemas,6,134.04,2026-07-23,CONFIRMED
4980,4884,kelseynguyen@example.org,1640,Treatment forward name,Lee-Fox Cinemas,5,75.05,2026-07-23,CONFIRMED
4981,4830,beasleychristopher@example.org,949,Daughter serious international,"Kennedy, Mueller and Aguirre Cinemas",2,42.32,2026-07-23,CONFIRMED
4982,2923,luis86@example.net,1998,None as,"Aguilar, Buckley and Ramirez Cinemas",5,101.85,2026-07-23,CONFIRMED
4983,2367,woodgregory@example.org,4,Member turn improve,"Davis, Rodriguez and Andrews Cinemas",3,69.15,2026-06-16,CONFIRMED
4984,1177,ryan42@example.com,1189,Claim final,Wilson-Jones Cinemas,3,43.17,2026-06-17,CONFIRMED
4985,4620,smithalyssa@example.org,1265,Trouble personal,Marshall Group Cinemas,5,87.7,2026-07-23,CONFIRMED
4986,2451,aliciahawkins@example.net,1445,Cover defense,Wilson-Williams Cinemas,5,52.4,2026-07-23,CONFIRMED
4987,1355,michele20@example.com,1292,Next include manager,"Alexander, Cobb and Garcia Cinemas",2,49.9,2026-07-15,CONFIRMED
4988,3086,pmcpherson@example.net,1201,Drive very,"May, Valenzuela and Lee Cinemas",6,108.3,2026-06-29,CONFIRMED
4989,4967,matthew24@example.com,1300,Challenge easy,Brown LLC Cinemas,3,40.65,2026-07-23,CONFIRMED
4990,932,stephenwright@example.org,268,Stage similar power,Shaw-Barnes Cinemas,4,46.4,2026-07-23,CONFIRMED
4991,4509,haguilar@example.org,1677,Daughter third laugh,"Williams, Newman and Jones Cinemas",5,94.45,2026-07-23,CONFIRMED
4992,1825,asmith@example.net,1629,Also building,Mcdonald-Taylor Cinemas,6,66.3,2026-07-23,CONFIRMED
4993,3299,bruceochoa@example.com,1494,Particular we,Johnson-Nelson Cinemas,1,17.72,2026-07-23,CONFIRMED
4994,2435,nburke@example.org,242,Manager store,Roman-Freeman Cinemas,5,118.25,2026-06-25,CONFIRMED
4995,612,zroberts@example.net,1826,Fact true,Guzman-Montoya Cinemas,2,48.38,2026-07-23,CONFIRMED
4996,1101,tsmith@example.net,538,About decision,"Martin, Jordan and Edwards Cinemas",5,88.6,2026-07-23,CANCELLED
4997,3922,olivia70@example.net,391,Toward thousand,Powers Group Cinemas,3,54.51,2026-07-23,CONFIRMED
4998,1107,masonkaren@example.org,570,Sometimes concern Democrat consider,Gonzalez-Taylor Cinemas,4,47.64,2026-07-23,CONFIRMED
4999,2873,bbowman@example.net,116,Parent strategy not,Hernandez Inc Cinemas,2,26.82,2026-07-12,CONFIRMED
5000,4883,xramos@example.com,901,Model place,"Kennedy, Cohen and Pennington Cinemas",1,8.83,2026-07-17,CONFIRMED
5001,3821,matthewmoses@example.org,526,At admit,Reed Group Cinemas,3,45.39,2026-07-23,CONFIRMED
5002,4177,williamschris@example.com,1784,Natural great floor mission,Jackson Ltd Cinemas,3,69.99,2026-07-23,CONFIRMED
5003,1170,rherman@example.org,1133,Say dark,"Flowers, Morgan and Barnes Cinemas",4,73.4,2026-07-23,CONFIRMED
5004,1115,lorraine94@example.com,848,Suddenly lay,Barron-Brown Cinemas,2,45.48,2026-07-23,CONFIRMED
5005,4009,bperkins@example.net,65,Far these,Sellers LLC Cinemas,2,27.12,2026-07-11,CONFIRMED
5006,3113,laurenray@example.org,1973,With should,Carter-Hendrix Cinemas,1,14.76,2026-06-29,CANCELLED
5007,3229,smitchell@example.com,1851,Note support enough,"Carpenter, Morrow and Smith Cinemas",4,79.2,2026-07-23,CONFIRMED
5008,1241,olivershannon@example.net,533,Film author,Price-Lee Cinemas,3,41.01,2026-06-23,CANCELLED
5009,4055,laura77@example.net,61,Baby rather,"Ramsey, Martinez and Sherman Cinemas",2,40.8,2026-07-06,CONFIRMED
5010,1346,khanmatthew@example.org,1359,Space type eye,Chang Ltd Cinemas,4,76.92,2026-07-23,CONFIRMED
5011,4532,lisachurch@example.net,751,Item issue change,Trevino Group Cinemas,1,18.66,2026-07-23,CONFIRMED
5012,4707,xwilliams@example.com,28,Gas service,Williamson Group Cinemas,2,19.08,2026-07-10,CONFIRMED
5013,4704,omarhernandez@example.net,1552,Series thus,Smith Ltd Cinemas,6,136.98,2026-07-23,CONFIRMED
5014,174,tracyjohnson@example.net,1753,Do leader very,Jordan-Campbell Cinemas,6,104.52,2026-07-23,CONFIRMED
5015,1069,guerrerorenee@example.com,1901,Candidate bad,Maldonado-Becker Cinemas,1,15.98,2026-07-23,CANCELLED
5016,159,amanda86@example.org,9,Very guess water spring,Hall Ltd Cinemas,4,40.88,2026-07-20,CONFIRMED
5017,1617,aaron62@example.net,1316,Late medical moment,Moran PLC Cinemas,1,14.8,2026-07-13,CONFIRMED
5018,4267,kimberly75@example.net,1783,Start activity,Wang-Jackson Cinemas,5,110.05,2026-07-02,CONFIRMED
5019,4779,kleinjesus@example.org,1877,Officer same,Jones-Contreras Cinemas,5,93.85,2026-07-04,CONFIRMED
5020,4646,joseph26@example.org,1664,Way form run,"Warner, Baker and Campbell Cinemas",1,11.25,2026-07-23,CONFIRMED
5021,120,bethany36@example.com,947,Buy ground student with,Andrews-Aguirre Cinemas,5,115.05,2026-07-23,CONFIRMED
5022,448,davidgilbert@example.org,1186,Picture ok imagine,"Miller, Hansen and Salas Cinemas",4,84.48,2026-07-23,CONFIRMED
5023,907,cheryl26@example.net,650,Really speak though,"Hall, Jackson and Johnson Cinemas",1,19.38,2026-07-23,CONFIRMED
5024,3939,higginsheidi@example.org,1130,Either choose to,Jones-Contreras Cinemas,6,65.58,2026-07-23,CONFIRMED
5025,143,uclark@example.org,408,Plant similar out,Harris-Wright Cinemas,4,98.88,2026-07-23,CONFIRMED
5026,3819,sarahhaley@example.org,18,Thank behind,"Smith, Swanson and Glass Cinemas",4,51.68,2026-07-08,CONFIRMED
5027,3319,stephanie65@example.net,629,Be activity,"Gonzales, Short and Weaver Cinemas",1,24.11,2026-07-23,CONFIRMED
5028,4337,jason72@example.org,563,Analysis serious,"Ramirez, Horne and Johnson Cinemas",4,60.24,2026-07-23,CANCELLED
5029,2467,michaelmyers@example.com,423,Create,Ruiz-Rivera Cinemas,1,10.74,2026-07-23,CONFIRMED
5030,1659,andrewdelacruz@example.com,827,Population individual,Ross-Blair Cinemas,6,89.82,2026-07-06,CONFIRMED
5031,1436,melissa80@example.org,1625,Father expect cup,Payne-Walton Cinemas,1,12.85,2026-06-26,CONFIRMED
5032,3391,briannaburns@example.org,903,Experience under prepare,Pratt LLC Cinemas,1,8.43,2026-06-18,CONFIRMED
5033,4170,veronica41@example.org,229,Human bank,Ferguson and Sons Cinemas,6,77.34,2026-07-23,CONFIRMED
5034,2880,beverlyflores@example.org,894,Strategy impact,Martinez-Lopez Cinemas,5,105.7,2026-07-11,CONFIRMED
5035,1048,mcarroll@example.net,1545,Without think,Smith-Wilson Cinemas,2,43.84,2026-07-09,CANCELLED
5036,2839,rmitchell@example.org,1810,Century kid plan determine,"Perez, Hoffman and Tucker Cinemas",6,75.66,2026-07-14,CONFIRMED
5037,1703,luis66@example.org,175,Indeed just history,"Navarro, Marsh and Hurst Cinemas",6,66.12,2026-07-23,CANCELLED
5038,1585,reneewaters@example.com,312,Writer probably,Simon and Sons Cinemas,3,36.66,2026-07-23,CONFIRMED
5039,1661,deniseclark@example.net,942,But challenge reveal,Robinson Inc Cinemas,6,89.28,2026-07-19,CONFIRMED
5040,1947,kevinhall@example.net,407,Game sound,Castillo Group Cinemas,3,35.55,2026-07-23,CONFIRMED
5041,865,justin16@example.com,1055,Mother hotel development list,"Guerrero, Watson and Perry Cinemas",5,41.3,2026-06-27,CONFIRMED
5042,3731,probinson@example.net,509,Month son benefit,Fleming Ltd Cinemas,5,102.7,2026-07-10,CANCELLED
5043,1544,ann08@example.net,999,Individual price,Miller LLC Cinemas,6,59.34,2026-07-05,CONFIRMED
5044,1665,matthewwhite@example.org,777,Yet interview,Cervantes PLC Cinemas,2,17.12,2026-07-23,CONFIRMED
5045,2001,redwards@example.com,526,At admit,Reed Group Cinemas,5,75.65,2026-07-23,CONFIRMED
5046,896,erica06@example.com,695,On best seat,"Perez, Hoffman and Tucker Cinemas",4,41.48,2026-07-23,CONFIRMED
5047,1379,mitchelldanielle@example.org,1069,Finish person,Morris-Armstrong Cinemas,3,24.81,2026-07-23,CONFIRMED
5048,3217,sporter@example.com,759,Continue serve,Wood-Williams Cinemas,2,36.98,2026-07-23,CONFIRMED
5049,2735,jasmine85@example.com,1761,Support worry seem,Moran PLC Cinemas,3,49.02,2026-06-28,CONFIRMED
5050,4048,stacybyrd@example.com,1349,Serve successful behavior develop,Fitzgerald-Scott Cinemas,5,96.25,2026-07-23,CONFIRMED
5051,4635,sandratravis@example.net,1088,Its thousand not,"Boyd, Ellis and Maynard Cinemas",1,10.26,2026-07-23,CONFIRMED
5052,1351,wedwards@example.com,1385,Computer important,"Wright, Mcknight and Stephens Cinemas",5,55.95,2026-07-23,CANCELLED
5053,781,ebowen@example.net,198,Open scientist,Hill-Evans Cinemas,1,14.15,2026-07-06,CONFIRMED
5054,1837,angelica13@example.com,1829,Spend measure institution story,Peterson Group Cinemas,5,44.55,2026-06-11,CANCELLED
5055,1287,sandrasmith@example.com,1580,Energy professor,Gibbs Group Cinemas,6,68.28,2026-07-08,CONFIRMED
5056,2142,yatesdaniel@example.com,126,Clear bag,Norris Inc Cinemas,6,63.72,2026-07-01,CONFIRMED
5057,3622,phillipsparks@example.net,1807,Worker determine,Edwards Inc Cinemas,5,66.25,2026-07-23,CONFIRMED
5058,2530,robertsmichael@example.net,1322,Cover others,Hill Inc Cinemas,5,89.9,2026-07-05,CONFIRMED
5059,1774,yhamilton@example.com,511,Wait,Wagner-Hernandez Cinemas,6,73.8,2026-07-23,CONFIRMED
5060,4297,barbara26@example.net,965,Above girl very,Byrd-Foster Cinemas,1,14.08,2026-07-23,CANCELLED
5061,3860,alison89@example.net,1357,Feeling campaign land huge,Anderson Group Cinemas,4,69.8,2026-07-23,CONFIRMED
5062,2302,barbarajohnson@example.org,1326,Mrs mouth different,Medina Group Cinemas,6,132.9,2026-06-27,CONFIRMED
5063,2542,aguerra@example.net,1690,Fund weight,"Compton, Owens and Decker Cinemas",6,50.34,2026-07-23,CONFIRMED
5064,3348,rsanchez@example.net,80,Get condition goal,Carroll-Snyder Cinemas,2,21.3,2026-07-17,CONFIRMED
5065,1014,dwilliams@example.com,787,Teach never,Harris-Wright Cinemas,6,135.24,2026-07-02,CONFIRMED
5066,2314,kimberlyjones@example.net,943,Almost no answer,Wheeler PLC Cinemas,6,77.52,2026-07-06,CONFIRMED
5067,3059,courtneyking@example.net,1284,Wrong social force,Weaver-Thompson Cinemas,5,115.45,2026-07-23,CONFIRMED
5068,485,dianawolf@example.org,439,Claim form,Santos-Roach Cinemas,1,8.02,2026-07-22,CANCELLED
5069,4541,pearsongreg@example.com,510,Believe,"Smith, Jackson and Porter Cinemas",3,69.45,2026-07-15,CONFIRMED
5070,3369,justindickerson@example.com,1047,Process garden figure,"Smith, Jackson and Porter Cinemas",5,89.6,2026-06-20,CONFIRMED
5071,3402,meganmullins@example.org,771,Water agency,Chavez PLC Cinemas,1,16.42,2026-06-24,CONFIRMED
5072,943,jacob86@example.org,1205,Daughter black situation,"Hunter, Taylor and York Cinemas",5,54.3,2026-07-23,CONFIRMED
5073,3915,tracystevens@example.com,84,Save national can,Wilson-Pierce Cinemas,6,95.52,2026-07-10,CONFIRMED
5074,4936,ywoods@example.com,1671,Camera rise consider,Casey-Romero Cinemas,1,9.86,2026-07-23,CANCELLED
5075,2911,isaiahbrown@example.net,148,Fill billion general,Lowery LLC Cinemas,2,26.84,2026-07-16,CONFIRMED
5076,56,caitlynbennett@example.org,744,While senior,"Flowers, Morgan and Barnes Cinemas",6,67.38,2026-07-23,CONFIRMED
5077,1342,ashleymedina@example.net,909,Your north,"Duarte, Smith and Caldwell Cinemas",5,106.6,2026-07-23,CONFIRMED
5078,353,rebeccaford@example.org,1625,Father expect cup,Payne-Walton Cinemas,3,38.55,2026-07-09,CONFIRMED
5079,2399,michele79@example.net,772,Far base,Sullivan and Sons Cinemas,2,17.92,2026-07-23,CANCELLED
5080,4829,campbellcarolyn@example.org,576,Almost happy,Medina LLC Cinemas,4,58.96,2026-07-23,CONFIRMED
5081,4395,lauriehenderson@example.net,1376,Budget interview,"Bauer, Frazier and Sellers Cinemas",6,120.6,2026-06-21,CONFIRMED
5082,787,dporter@example.com,1363,At trip,Reed Group Cinemas,4,43.16,2026-07-23,CONFIRMED
5083,2190,clarkmelinda@example.com,1885,Religious be,Martinez Inc Cinemas,6,147.06,2026-06-18,CONFIRMED
5084,2819,kellyrichardson@example.com,193,Ball today despite,"Wright, Mcknight and Stephens Cinemas",6,75.78,2026-07-23,CONFIRMED
5085,1413,evanholloway@example.com,730,He authority third,Baxter PLC Cinemas,5,112.0,2026-07-23,CONFIRMED
5086,1253,wrightdrew@example.org,1323,Early,Watson-Chan Cinemas,4,55.36,2026-07-23,CONFIRMED
5087,4815,donaldrussell@example.org,1288,Agreement outside night,Spears Ltd Cinemas,2,17.76,2026-07-23,CONFIRMED
5088,131,ebruce@example.net,653,Front trouble adult,"Foster, Robbins and Roberts Cinemas",4,36.12,2026-07-19,CONFIRMED
5089,4616,nicholsheather@example.net,776,Several could thus me,"Cooper, Watts and Farrell Cinemas",3,32.97,2026-07-23,CONFIRMED
5090,4665,iwells@example.com,557,Mean director,"Payne, Escobar and Barrett Cinemas",5,124.15,2026-07-23,CONFIRMED
5091,4137,jamesandrade@example.org,672,Mr if get,Hebert Group Cinemas,5,85.25,2026-07-23,CONFIRMED
5092,1031,vgraham@example.com,1827,Operation week sing,Roberts Ltd Cinemas,4,93.36,2026-07-23,CANCELLED
5093,3671,bettygill@example.net,1211,Alone eight,Griffin-Hernandez Cinemas,6,97.44,2026-07-04,CONFIRMED
5094,120,bethany36@example.com,1592,Program loss network,Taylor-Moore Cinemas,2,36.66,2026-07-23,CONFIRMED
5095,3160,lunajoseph@example.org,1591,Place,"Freeman, Cox and Mitchell Cinemas",1,10.65,2026-07-23,CONFIRMED
5096,1098,fwalton@example.com,1189,Claim final,Wilson-Jones Cinemas,3,43.17,2026-06-16,CONFIRMED
5097,3914,zsnyder@example.net,259,Focus discussion land,Hall-Washington Cinemas,2,28.88,2026-07-23,CONFIRMED
5098,924,hendersonbrittany@example.org,1106,Method tonight them,Terry-Price Cinemas,4,58.24,2026-07-23,CONFIRMED
5099,3424,zbrown@example.com,1521,Student notice,Marshall Group Cinemas,5,46.6,2026-06-25,CONFIRMED
5100,2118,tacosta@example.org,1819,Scientist,Jacobs-Lopez Cinemas,5,114.95,2026-07-23,CANCELLED
5101,1731,jessica82@example.net,105,Key thus,"Bautista, Allen and Harrell Cinemas",3,43.8,2026-07-23,CONFIRMED
5102,2416,theresamack@example.org,1562,Question two someone,"Rich, Brown and Bruce Cinemas",2,43.18,2026-07-23,CANCELLED
5103,4141,williamsantos@example.com,1029,Call popular,Baxter PLC Cinemas,6,142.26,2026-07-16,CONFIRMED
5104,739,harrissamuel@example.org,848,Suddenly lay,Barron-Brown Cinemas,4,90.96,2026-07-23,CONFIRMED
5105,189,jonhall@example.org,1656,Conference act capital,Ford-Olsen Cinemas,1,13.8,2026-07-20,CONFIRMED
5106,734,pli@example.org,1059,Service spring,Morrison-Simmons Cinemas,1,16.62,2026-07-23,CONFIRMED
5107,141,csmall@example.com,224,More current,Patterson-Lawrence Cinemas,2,49.58,2026-06-22,CONFIRMED
5108,3799,quinnjohn@example.com,1123,Miss stay,Garner LLC Cinemas,5,100.0,2026-07-15,CONFIRMED
5109,4734,fernandezjaime@example.net,298,Sea professor might,"Young, Henry and Wright Cinemas",2,33.06,2026-07-18,CONFIRMED
5110,597,lmiddleton@example.org,165,Place growth staff,"Davis, Rodriguez and Andrews Cinemas",6,147.66,2026-07-23,CONFIRMED
5111,3757,christopher07@example.net,1296,Treatment senior,Valdez-Jacobs Cinemas,1,16.86,2026-07-23,CONFIRMED
5112,1149,lorihenderson@example.com,1313,Maintain care,White LLC Cinemas,3,65.4,2026-07-23,CONFIRMED
5113,2344,mjohnson@example.net,1424,Natural here short,Jones-Taylor Cinemas,1,24.41,2026-06-22,CONFIRMED
5114,2661,lopezmichelle@example.net,806,Marriage,"Good, Brewer and Fisher Cinemas",6,69.36,2026-06-29,CANCELLED
5115,3731,probinson@example.net,1629,Also building,Mcdonald-Taylor Cinemas,1,11.05,2026-07-23,CONFIRMED
5116,4040,william56@example.com,915,Hour way hair,"Ortiz, Reid and Wilkinson Cinemas",4,69.0,2026-06-22,CANCELLED
5117,867,ewhite@example.net,1473,Hundred stage however,"Harper, Thomas and Turner Cinemas",2,22.66,2026-07-20,CONFIRMED
5118,2045,christina21@example.com,442,Public party trip,"Perez, Hoffman and Tucker Cinemas",2,28.5,2026-07-17,CONFIRMED
5119,3146,walkertommy@example.org,652,Candidate my amount,"Compton, Owens and Decker Cinemas",4,91.96,2026-07-14,CONFIRMED
5120,3180,vbennett@example.org,1966,Conference,"Marshall, Murray and Miller Cinemas",5,40.5,2026-07-23,CONFIRMED
5121,268,caleb84@example.net,1050,Today future recognize,Barron-Brown Cinemas,3,55.02,2026-07-05,CONFIRMED
5122,4919,rhondaallen@example.com,1544,Enjoy former development,Vargas-Jensen Cinemas,2,47.52,2026-07-23,CONFIRMED
5123,3322,kevinmoore@example.net,1889,Situation defense woman message,"Underwood, Bartlett and Russell Cinemas",2,20.84,2026-07-23,CONFIRMED
5124,2915,daniel13@example.com,999,Individual price,Miller LLC Cinemas,3,29.67,2026-06-21,CONFIRMED
5125,321,cassandra33@example.net,1124,Time area source,"Hayes, Sharp and Wilson Cinemas",3,56.97,2026-07-07,CONFIRMED
5126,1121,chad76@example.com,1085,Group hotel sense,"Fisher, Payne and Thompson Cinemas",4,46.56,2026-07-23,CONFIRMED
5127,2847,charleschen@example.net,1172,Under especially,"Wells, Anderson and Rodriguez Cinemas",4,37.24,2026-07-07,CANCELLED
5128,693,barkeredwin@example.org,549,Understand growth a,"Hayes, Sharp and Wilson Cinemas",2,25.72,2026-07-23,CONFIRMED
5129,4773,javierspencer@example.net,260,Simple Mr financial,"Gonzales, Short and Weaver Cinemas",4,69.96,2026-07-23,CONFIRMED
5130,4720,johnwallace@example.net,1086,Final must wait,"Lloyd, Walker and Brock Cinemas",4,34.64,2026-07-23,CONFIRMED
5131,1575,mgarcia@example.com,1030,Off region measure,"Campbell, Long and Silva Cinemas",2,24.84,2026-06-30,CONFIRMED
5132,3950,qdunn@example.net,1128,Including stand enjoy,"Gonzalez, Santos and Gardner Cinemas",2,16.18,2026-07-23,CONFIRMED
5133,2132,birdjoshua@example.net,933,Paper great,Clark-Miller Cinemas,5,47.75,2026-07-23,CONFIRMED
5134,2680,nicholstodd@example.net,1390,Mind point game,Gibson Ltd Cinemas,1,8.07,2026-07-23,CONFIRMED
5135,1057,rnelson@example.net,1589,Difficult west,"Ruiz, Martin and Jones Cinemas",5,97.8,2026-07-23,CONFIRMED
5136,3537,gregoryhoffman@example.net,541,Always way,Norris Inc Cinemas,5,50.9,2026-06-23,CONFIRMED
5137,2402,houstonmichelle@example.com,584,Natural full player,Townsend-Hale Cinemas,5,84.65,2026-06-11,CONFIRMED
5138,1109,deborahrobinson@example.com,1179,Identify all agreement stop,Patterson LLC Cinemas,1,15.7,2026-07-23,CANCELLED
5139,1672,thomas61@example.net,1198,Cut,James Ltd Cinemas,3,33.33,2026-07-23,CONFIRMED
5140,3958,nicoleshields@example.org,375,Adult hour,"Velez, Howell and Stevenson Cinemas",4,82.48,2026-07-23,CONFIRMED
5141,692,browndevin@example.net,281,Discover threat if,Davenport-Reynolds Cinemas,2,20.72,2026-07-21,CONFIRMED
5142,4196,frank82@example.org,142,Commercial firm,Lambert-Anderson Cinemas,4,50.44,2026-07-17,CONFIRMED
5143,1071,kfigueroa@example.org,40,During together feel,Stewart Group Cinemas,1,22.34,2026-07-23,CONFIRMED
5144,570,ymiller@example.org,441,Marriage read,James Ltd Cinemas,5,79.4,2026-07-23,CONFIRMED
5145,1452,jackreynolds@example.com,1981,Rich ahead,Hudson-Sparks Cinemas,1,8.63,2026-07-12,CANCELLED
5146,1189,robertsbrandy@example.com,585,Save control simply,Jimenez Ltd Cinemas,6,147.48,2026-07-23,CONFIRMED
5147,4406,hornmatthew@example.org,1857,Call reduce,"May, Malone and Reese Cinemas",1,17.67,2026-07-13,CONFIRMED
5148,363,barbarawelch@example.com,1716,Realize arm,"Hamilton, Green and Edwards Cinemas",4,43.12,2026-07-07,CONFIRMED
5149,862,alex95@example.org,637,Single,Ibarra Ltd Cinemas,3,29.55,2026-07-23,CONFIRMED
5150,3088,markfleming@example.org,1032,Quite approach,Russell Inc Cinemas,6,124.14,2026-06-19,CONFIRMED
5151,660,nicholasjohnson@example.net,1197,Gas reason large,Robertson-Hays Cinemas,6,55.62,2026-07-07,CONFIRMED
5152,4279,johnsonraven@example.net,1892,Future,"Patterson, Camacho and White Cinemas",4,43.92,2026-07-23,CANCELLED
5153,4246,floresdaniel@example.net,1921,Thing,Reed Group Cinemas,4,67.48,2026-07-23,CONFIRMED
5154,2516,jameswhite@example.com,1268,Prove environmental,Singleton-King Cinemas,1,12.59,2026-07-23,CANCELLED
5155,4222,christinehowell@example.org,1105,Care student economic,Chase-Washington Cinemas,2,46.06,2026-07-23,CONFIRMED
5156,3121,lshepard@example.org,677,In executive may represent,Kennedy PLC Cinemas,2,32.14,2026-07-23,CONFIRMED
5157,4032,phillipsscott@example.net,783,Impact every hard,Watson-Gray Cinemas,5,110.55,2026-07-02,CONFIRMED
5158,2579,darrellarmstrong@example.org,554,Discussion east wrong,"Martinez, Roman and Murphy Cinemas",4,38.08,2026-07-04,CONFIRMED
5159,1357,austinbreanna@example.org,164,Thousand move,Santos-Wood Cinemas,3,42.0,2026-07-12,CONFIRMED
5160,1054,clarkmichael@example.org,978,Break film tax,Brown LLC Cinemas,3,71.76,2026-07-23,CONFIRMED
5161,2795,stevensonanthony@example.net,119,Generation main,Acosta and Sons Cinemas,1,10.67,2026-07-23,CONFIRMED
5162,4319,janetpena@example.org,1888,Professional threat,Hernandez Inc Cinemas,6,120.66,2026-07-23,CONFIRMED
5163,864,harrismichelle@example.org,697,Wonder can two,Solis-Edwards Cinemas,2,28.76,2026-07-23,CONFIRMED
5164,3558,antonio26@example.org,1927,Thing amount,"Schaefer, Barry and Espinoza Cinemas",1,24.94,2026-07-23,CONFIRMED
5165,4375,wkennedy@example.org,1433,Store although cause,Rodriguez Group Cinemas,3,49.68,2026-07-23,CONFIRMED
5166,1072,sheila42@example.net,1547,Trial too,Robertson-Hays Cinemas,6,138.9,2026-07-23,CONFIRMED
5167,974,holtthomas@example.com,1877,Officer same,Jones-Contreras Cinemas,6,112.62,2026-06-25,CONFIRMED
5168,1198,watsonjose@example.net,264,Along surface,"Cain, Contreras and Jackson Cinemas",5,117.95,2026-07-23,CONFIRMED
5169,1413,evanholloway@example.com,304,Machine old,"Good, Brewer and Fisher Cinemas",1,16.65,2026-07-23,CONFIRMED
5170,1519,tannergina@example.org,1400,Choice act generation,Mccarthy-Kelly Cinemas,4,55.36,2026-06-26,CONFIRMED
5171,2064,michaelmartinez@example.net,943,Almost no answer,Wheeler PLC Cinemas,4,51.68,2026-07-16,CONFIRMED
5172,2480,hopkinspaul@example.com,961,Attack explain save,Hill Inc Cinemas,5,44.9,2026-07-09,CONFIRMED
5173,137,hollyperkins@example.net,1656,Conference act capital,Ford-Olsen Cinemas,3,41.4,2026-07-16,CONFIRMED
5174,3110,scott17@example.org,743,Investment act,Wilson-Williams Cinemas,2,47.6,2026-07-23,CONFIRMED
5175,2264,curtisjohnson@example.net,1553,Management policy pay,Ochoa-Adams Cinemas,2,45.5,2026-07-23,CONFIRMED
5176,4042,benitezheather@example.com,1944,Size meet region,"Payne, Escobar and Barrett Cinemas",1,19.85,2026-06-29,CANCELLED
5177,545,bsloan@example.net,785,Attorney pull,Carroll-Snyder Cinemas,4,86.32,2026-06-27,CONFIRMED
5178,4661,garciakathy@example.net,1205,Daughter black situation,"Hunter, Taylor and York Cinemas",2,21.72,2026-07-23,CONFIRMED
5179,150,vavila@example.net,707,Kind travel Mrs,Smith-Ramirez Cinemas,5,123.85,2026-06-11,CANCELLED
5180,1759,wgarcia@example.com,84,Save national can,Wilson-Pierce Cinemas,5,79.6,2026-07-05,CONFIRMED
5181,2879,brittneywashington@example.com,1034,Real establish,"Hammond, Douglas and Johnson Cinemas",2,23.56,2026-07-09,CANCELLED
5182,1970,gjohnson@example.org,1300,Challenge easy,Brown LLC Cinemas,2,27.1,2026-07-23,CONFIRMED
5183,1839,sandra19@example.org,1245,Type part,Peterson-Mullins Cinemas,2,18.54,2026-07-23,CONFIRMED
5184,3442,denise47@example.net,751,Item issue change,Trevino Group Cinemas,5,93.3,2026-07-23,CONFIRMED
5185,1160,colemanscott@example.com,321,Reality guess sister,"Brown, Armstrong and Johnson Cinemas",6,95.82,2026-07-23,CANCELLED
5186,1143,curtisjacqueline@example.org,934,Break open,Acosta and Sons Cinemas,5,74.15,2026-07-23,CONFIRMED
5187,3793,amandamcmillan@example.net,175,Indeed just history,"Navarro, Marsh and Hurst Cinemas",5,55.1,2026-07-23,CONFIRMED
5188,2328,iallen@example.org,1679,Visit growth,"Williams, Newman and Jones Cinemas",6,79.02,2026-07-23,CONFIRMED
5189,1214,pweber@example.com,123,Range pressure but,"Bailey, Armstrong and Campbell Cinemas",1,12.52,2026-07-23,CONFIRMED
5190,3769,pmorales@example.net,1688,Notice throughout need,Fernandez Inc Cinemas,5,113.5,2026-06-26,CONFIRMED
5191,718,lisa40@example.com,1997,Probably factor,Smith Ltd Cinemas,3,27.0,2026-07-23,CANCELLED
5192,3464,wreynolds@example.org,245,Ahead get federal happen,Ruiz-Rivera Cinemas,2,27.2,2026-07-23,CONFIRMED
5193,2412,karisullivan@example.net,1072,Hair remember,Thomas and Sons Cinemas,4,77.68,2026-07-08,CONFIRMED
5194,1867,yhernandez@example.net,1672,Career just,"Ray, Cunningham and Levine Cinemas",5,92.45,2026-07-18,CONFIRMED
5195,848,jillian19@example.com,362,Shoulder plant,Turner Inc Cinemas,2,46.82,2026-07-23,CONFIRMED
5196,2098,vanessarichmond@example.com,1840,Price girl,Gray and Sons Cinemas,5,87.6,2026-06-20,CONFIRMED
5197,4742,mark23@example.org,376,Hard debate type,Reyes Inc Cinemas,5,40.95,2026-07-11,CONFIRMED
5198,1846,kelseymccarthy@example.org,1469,Left song medical,"Phelps, Montoya and Barnett Cinemas",2,31.04,2026-06-16,CONFIRMED
5199,3628,alicia60@example.org,1729,Whether manager,"Patel, Palmer and Jones Cinemas",5,59.15,2026-06-22,CONFIRMED
5200,1883,john00@example.com,1366,Allow couple,Villarreal and Sons Cinemas,6,61.56,2026-07-23,CONFIRMED
5201,1287,sandrasmith@example.com,880,Head effect friend,Moore Group Cinemas,5,61.1,2026-07-23,CONFIRMED
5202,1010,mcneilbrian@example.net,190,Choose power customer,Burns-Nguyen Cinemas,1,19.23,2026-07-23,CONFIRMED
5203,3778,kjackson@example.net,1211,Alone eight,Griffin-Hernandez Cinemas,5,81.2,2026-07-07,CONFIRMED
5204,647,egriffith@example.net,1862,Six writer great able,"Barnes, Preston and Schultz Cinemas",3,62.34,2026-07-23,CONFIRMED
5205,2793,shannoncarpenter@example.org,1106,Method tonight them,Terry-Price Cinemas,3,43.68,2026-07-23,CONFIRMED
5206,3596,ramseyjordan@example.com,1206,Itself certain site itself,Davis-Montgomery Cinemas,5,124.75,2026-07-23,CONFIRMED
5207,489,aevans@example.org,1332,Along think race,Watson-Chan Cinemas,2,18.4,2026-07-14,CONFIRMED
5208,4671,stevenking@example.org,809,Summer six deal,"Bennett, Cantu and Kane Cinemas",5,49.6,2026-07-23,CONFIRMED
5209,2907,sanchezrobert@example.net,554,Discussion east wrong,"Martinez, Roman and Murphy Cinemas",1,9.52,2026-06-26,CONFIRMED
5210,1019,kathleen66@example.org,1220,Clear open machine voice,"Bennett, Williams and Klein Cinemas",4,70.32,2026-07-07,CONFIRMED
5211,4653,nathansandoval@example.net,1241,Actually help,Wilson-Jones Cinemas,3,68.55,2026-07-23,CONFIRMED
5212,4891,hartvictor@example.com,290,Three low,Hoffman PLC Cinemas,4,41.0,2026-07-23,CONFIRMED
5213,1423,patrick86@example.net,533,Film author,Price-Lee Cinemas,3,41.01,2026-06-23,CANCELLED
5214,3056,patricia74@example.org,1581,Next coach front expect,Wood-Williams Cinemas,1,19.0,2026-07-23,CONFIRMED
5215,252,susan23@example.net,1239,Structure behind somebody,Reid-Miller Cinemas,6,62.64,2026-06-26,CONFIRMED
5216,4355,fjensen@example.net,1773,Family part conference,Anderson-Kirk Cinemas,3,56.85,2026-07-07,CONFIRMED
5217,3582,john48@example.net,1496,Information war letter,"Carroll, Choi and Collier Cinemas",4,49.2,2026-07-23,CONFIRMED
5218,2884,christianmendez@example.com,896,Go exactly seem,Johnson-Nelson Cinemas,4,65.6,2026-07-03,CONFIRMED
5219,1485,andrew45@example.org,804,Year report,Chavez PLC Cinemas,1,15.28,2026-07-23,CONFIRMED
5220,4296,tonyaramos@example.com,1061,Attention in line,Bryan Inc Cinemas,3,42.09,2026-06-23,CONFIRMED
5221,3708,plin@example.net,1473,Hundred stage however,"Harper, Thomas and Turner Cinemas",1,11.33,2026-07-22,CONFIRMED
5222,3656,clarkchad@example.com,345,Cultural country section,"Castro, Garcia and Daniels Cinemas",2,42.22,2026-06-27,CONFIRMED
5223,3447,pruittmichael@example.com,733,Music base,"Duarte, Smith and Caldwell Cinemas",3,36.51,2026-07-16,CONFIRMED
5224,2035,baileysara@example.com,1078,Themselves both,Marshall and Sons Cinemas,3,65.88,2026-07-23,CONFIRMED
5225,2180,zuniganathan@example.com,1404,Expect production,Davis Inc Cinemas,1,17.59,2026-07-23,CONFIRMED
5226,448,davidgilbert@example.org,753,Hot modern believe,Smith-James Cinemas,2,35.7,2026-07-23,CONFIRMED
5227,69,yrichardson@example.com,1034,Real establish,"Hammond, Douglas and Johnson Cinemas",3,35.34,2026-07-06,CONFIRMED
5228,3158,marknavarro@example.org,1741,Find development,"Russell, Meyer and Smith Cinemas",2,44.3,2026-07-03,CONFIRMED
5229,3984,morrisjoshua@example.org,1049,Prepare much,"Barnes, Paul and Price Cinemas",2,33.02,2026-07-23,CONFIRMED
5230,4376,qholland@example.org,1567,Safe nice,Martin and Sons Cinemas,4,68.56,2026-07-05,CANCELLED
5231,477,ernesthoward@example.org,739,Environmental reflect,Flores Ltd Cinemas,1,22.93,2026-07-17,CONFIRMED
5232,3832,elijahmueller@example.org,1851,Note support enough,"Carpenter, Morrow and Smith Cinemas",5,99.0,2026-07-23,CONFIRMED
5233,4097,cynthiaroberts@example.org,1757,Degree fear training,"Cox, Chavez and Davis Cinemas",2,29.7,2026-07-23,CONFIRMED
5234,3225,dthompson@example.org,1013,Pattern,"Wilson, Stewart and Hobbs Cinemas",6,143.52,2026-06-21,CONFIRMED
5235,1275,patrick07@example.org,896,Go exactly seem,Johnson-Nelson Cinemas,1,16.4,2026-07-04,CONFIRMED
5236,3802,carpentermegan@example.com,1032,Quite approach,Russell Inc Cinemas,1,20.69,2026-06-20,CONFIRMED
5237,2179,diazkenneth@example.com,661,Open provide,Garrett-Stout Cinemas,2,43.76,2026-07-23,CANCELLED
5238,4968,maynardmichael@example.com,1128,Including stand enjoy,"Gonzalez, Santos and Gardner Cinemas",5,40.45,2026-07-23,CONFIRMED
5239,1829,susanporter@example.org,18,Thank behind,"Smith, Swanson and Glass Cinemas",5,64.6,2026-07-18,CANCELLED
5240,2266,ajones@example.net,1118,Identify all agreement stop,Moore Group Cinemas,3,45.87,2026-07-23,CANCELLED
5241,531,mary85@example.org,871,Sign be land,Jones Inc Cinemas,2,38.1,2026-07-23,CONFIRMED
5242,1656,gabrielle34@example.net,693,Whose usually adult,"Richardson, Stephens and Barnes Cinemas",2,20.5,2026-07-16,CONFIRMED
5243,2451,aliciahawkins@example.net,1036,Success near,"Morales, Miller and Harrell Cinemas",1,23.08,2026-07-05,CONFIRMED
5244,1314,sarahcharles@example.com,1238,Campaign wall,"Ho, Little and Leon Cinemas",3,49.5,2026-06-25,CONFIRMED
5245,3934,zacharymorris@example.org,1201,Drive very,"May, Valenzuela and Lee Cinemas",4,72.2,2026-06-30,CONFIRMED
5246,1570,stewartsarah@example.org,973,Our purpose,"Medina, Lee and Freeman Cinemas",5,124.05,2026-07-02,CONFIRMED
5247,394,klewis@example.com,411,Color there,Brown Inc Cinemas,4,69.76,2026-07-23,CONFIRMED
5248,3008,danielanderson@example.com,1035,Staff agency,"Turner, Ponce and Barrett Cinemas",4,75.24,2026-07-21,CONFIRMED
5249,2108,kimjennifer@example.com,1017,List civil just education,Price-Lee Cinemas,3,25.11,2026-07-18,CONFIRMED
5250,4279,johnsonraven@example.net,1991,Employee forward,Harper-Johnson Cinemas,6,57.72,2026-07-23,CONFIRMED
5251,3352,lauren04@example.org,387,Eight suggest almost,Hale-Durham Cinemas,4,84.88,2026-07-04,CONFIRMED
5252,45,clarkbrittney@example.org,179,Also daughter,"Russell, Murphy and Davis Cinemas",6,71.16,2026-07-09,CONFIRMED
5253,2315,christophercollier@example.com,1861,Summer out,"Marquez, Martinez and Bailey Cinemas",6,135.42,2026-07-05,CONFIRMED
5254,2823,fschwartz@example.net,762,Product organization,Johnson Inc Cinemas,1,15.49,2026-06-29,CONFIRMED
5255,4624,carterolivia@example.com,259,Focus discussion land,Hall-Washington Cinemas,5,72.2,2026-07-23,CONFIRMED
5256,162,agalvan@example.com,759,Continue serve,Wood-Williams Cinemas,3,55.47,2026-07-12,CANCELLED
5257,1949,matthewgonzalez@example.net,1526,Some price how,Wang-Jackson Cinemas,6,89.76,2026-07-05,CONFIRMED
5258,4264,christina12@example.org,326,Surface west,Lee-Weeks Cinemas,6,132.42,2026-07-09,CANCELLED
5259,4449,smoore@example.net,1286,Wait positive,Atkinson-Nelson Cinemas,2,49.74,2026-07-23,CONFIRMED
5260,1361,nathanielshields@example.com,1193,Body history cup scene,"Blanchard, Taylor and Porter Cinemas",5,47.85,2026-07-23,CONFIRMED
5261,888,waterskyle@example.org,1500,On collection,"Clark, Park and Reed Cinemas",2,49.34,2026-07-22,CONFIRMED
5262,4287,maryramirez@example.org,1273,Mouth enough,Knight Group Cinemas,3,73.53,2026-07-10,CANCELLED
5263,755,patricia24@example.org,112,Sea for tree,"Ramirez, Fuller and Wilkins Cinemas",5,55.75,2026-07-23,CONFIRMED
5264,2295,vskinner@example.com,1323,Early,Watson-Chan Cinemas,2,27.68,2026-07-23,CONFIRMED
5265,1820,drew38@example.net,1494,Particular we,Johnson-Nelson Cinemas,3,53.16,2026-07-23,CONFIRMED
5266,4929,christinakim@example.net,1806,Fine,"Freeman, Cox and Mitchell Cinemas",5,90.15,2026-06-20,CONFIRMED
5267,950,murphycarrie@example.net,1182,Trial current by,Jones Ltd Cinemas,5,66.1,2026-07-23,CONFIRMED
5268,1507,colemanjim@example.net,1552,Series thus,Smith Ltd Cinemas,3,68.49,2026-07-23,CONFIRMED
5269,4840,arichmond@example.net,25,Spend animal,"Evans, David and Hendrix Cinemas",4,51.4,2026-07-23,CANCELLED
5270,1728,angelasmith@example.com,398,Well down produce bag,Vega-Lawrence Cinemas,3,71.91,2026-07-12,CONFIRMED
5271,53,stanleymcdowell@example.com,1883,Argue almost rise,Kennedy PLC Cinemas,1,10.36,2026-07-23,CONFIRMED
5272,2524,holtvictor@example.org,944,Summer begin,"Levy, Franco and Hoffman Cinemas",5,102.05,2026-07-15,CANCELLED
5273,158,millerjuan@example.org,1263,Down institution,Vaughn Inc Cinemas,1,14.11,2026-07-23,CONFIRMED
5274,3037,nelsonaaron@example.org,1461,Music oil among population,Lynch LLC Cinemas,2,35.84,2026-07-16,CONFIRMED
5275,461,cchurch@example.org,1440,Investment job environment,Cervantes PLC Cinemas,4,71.04,2026-07-16,CONFIRMED
5276,4026,ejohnston@example.com,97,Building truth success cause,Robertson-Hays Cinemas,6,71.64,2026-07-23,CONFIRMED
5277,1291,kristindixon@example.org,1064,Own,Harrington Group Cinemas,6,75.0,2026-07-23,CANCELLED
5278,3095,marylopez@example.net,333,Social change,Grant-Diaz Cinemas,3,57.36,2026-07-23,CONFIRMED
5279,3411,paula13@example.com,728,Financial laugh,Ho-Mendez Cinemas,1,8.57,2026-07-23,CANCELLED
5280,2839,rmitchell@example.org,1923,Small million,"Nguyen, Ellis and Wright Cinemas",3,29.49,2026-07-04,CONFIRMED
5281,2995,kruegertammie@example.com,1088,Its thousand not,"Boyd, Ellis and Maynard Cinemas",4,41.04,2026-07-23,CONFIRMED
5282,1153,danlong@example.net,298,Sea professor might,"Young, Henry and Wright Cinemas",1,16.53,2026-07-14,CONFIRMED
5283,519,gomezbrittney@example.net,801,Where physical,"Andrade, Gordon and Cruz Cinemas",1,13.48,2026-06-23,CONFIRMED
5284,605,kevinespinoza@example.org,930,Similar item,"Vang, Wilkinson and Wilson Cinemas",3,64.29,2026-06-25,CONFIRMED
5285,1032,russellprice@example.org,1991,Employee forward,Harper-Johnson Cinemas,5,48.1,2026-07-23,CONFIRMED
5286,807,patriciawilson@example.com,1161,Lead hand stock night,Holloway and Sons Cinemas,1,15.21,2026-06-27,CONFIRMED
5287,3058,rparker@example.org,491,Southern student,Andersen and Sons Cinemas,5,71.4,2026-07-23,CONFIRMED
5288,719,hkelley@example.org,1023,Pattern challenge soldier send,Garrett-Stout Cinemas,5,72.95,2026-07-15,CONFIRMED
5289,650,drobinson@example.org,76,Structure whom,"James, Howard and Johnson Cinemas",1,14.15,2026-07-23,CONFIRMED
5290,3990,schmidtmichael@example.com,1026,Bad production brother even,"Moore, Gilmore and Martin Cinemas",3,42.3,2026-06-26,CANCELLED
5291,3542,stephaniewashington@example.org,1406,Capital consumer own,Hunter Group Cinemas,4,69.24,2026-07-23,CONFIRMED
5292,533,alejandro92@example.net,1911,Station risk professor,Smith Group Cinemas,4,47.56,2026-07-23,CONFIRMED
5293,4407,grossamber@example.org,658,Grow character central glass,Delgado Inc Cinemas,5,64.8,2026-07-23,CONFIRMED
5294,2457,troy71@example.com,1040,Laugh discuss,"Levy, Franco and Hoffman Cinemas",3,42.36,2026-07-23,CONFIRMED
5295,4336,romeromatthew@example.net,1630,Where itself exactly,Lee PLC Cinemas,5,85.15,2026-06-27,CONFIRMED
5296,2973,justin49@example.com,678,Treatment writer,Thomas-Reilly Cinemas,1,10.43,2026-07-23,CONFIRMED
5297,823,daviddecker@example.com,138,Moment professional cup,Todd Group Cinemas,3,39.63,2026-06-24,CONFIRMED
5298,2599,garrett93@example.com,1852,Page over,"Greene, Rogers and Haley Cinemas",4,49.56,2026-07-23,CONFIRMED
5299,453,gblair@example.com,1802,Policy similar run,Jennings Group Cinemas,3,24.6,2026-07-15,CONFIRMED
5300,3947,bruce65@example.org,1835,Yeah middle,"Hendricks, Zuniga and Miller Cinemas",2,42.16,2026-07-23,CANCELLED
5301,1703,luis66@example.org,783,Impact every hard,Watson-Gray Cinemas,1,22.11,2026-06-19,CANCELLED
5302,1137,matthewvaughn@example.org,1254,Try think,Smith-Jones Cinemas,6,146.58,2026-07-23,CANCELLED
5303,1951,brentodom@example.com,642,They school hit,"Flowers, Berry and Ramirez Cinemas",2,26.44,2026-06-22,CANCELLED
5304,3932,marc88@example.org,1306,Man any bill,Schneider LLC Cinemas,1,9.27,2026-07-23,CONFIRMED
5305,4811,ckeller@example.com,67,Lose animal,Turner Inc Cinemas,5,108.2,2026-07-23,CONFIRMED
5306,2617,michael79@example.org,1008,You increase main,Richardson-Jimenez Cinemas,2,49.28,2026-06-19,CONFIRMED
5307,3061,schultzderek@example.net,58,Particular book,Villa Group Cinemas,3,63.84,2026-07-06,CONFIRMED
5308,2306,zramirez@example.org,337,Oil south different,"Ray, Cunningham and Levine Cinemas",1,16.91,2026-07-10,CONFIRMED
5309,1960,rebecca53@example.net,547,Such nation risk,Weiss Group Cinemas,1,8.23,2026-07-04,CONFIRMED
5310,2342,wchavez@example.net,158,Keep manager,Jackson Ltd Cinemas,3,58.32,2026-07-16,CONFIRMED
5311,1573,richard31@example.com,900,Usually onto adult mean,Clark-Rivera Cinemas,3,65.4,2026-06-28,CONFIRMED
5312,3419,baxterbrian@example.org,335,Town next serious wish,Ward-Blake Cinemas,1,12.78,2026-07-23,CONFIRMED
5313,2232,hgray@example.net,1027,Significant impact,Haynes-Moss Cinemas,2,41.4,2026-07-23,CONFIRMED
5314,437,ashleyramirez@example.net,1259,Suggest job,"Carrillo, Henderson and Matthews Cinemas",6,144.84,2026-07-23,CANCELLED
5315,53,stanleymcdowell@example.com,1219,Fear somebody,"Davis, Wood and Paul Cinemas",4,40.32,2026-07-23,CONFIRMED
5316,2348,smithbrittney@example.com,567,Create worry him talk,"Bauer, Frazier and Sellers Cinemas",3,39.87,2026-07-19,CANCELLED
5317,3183,hmontgomery@example.com,804,Year report,Chavez PLC Cinemas,4,61.12,2026-07-23,CONFIRMED
5318,4975,xhayes@example.net,347,Minute season political,Ward-Chase Cinemas,6,95.64,2026-06-19,CANCELLED
5319,2588,michelegordon@example.net,1716,Realize arm,"Hamilton, Green and Edwards Cinemas",6,64.68,2026-07-08,CONFIRMED
5320,407,thomasjohnson@example.net,506,Different community entire,"Herrera, Jensen and Ramirez Cinemas",5,76.3,2026-07-18,CONFIRMED
5321,4385,roger42@example.com,719,Drop avoid before,Wagner-Hernandez Cinemas,3,47.04,2026-06-30,CONFIRMED
5322,4160,josephwheeler@example.com,1232,Trouble safe,"Dorsey, Reyes and Dunn Cinemas",2,25.7,2026-07-23,CONFIRMED
5323,2599,garrett93@example.com,887,Already control,Morris-Armstrong Cinemas,6,72.0,2026-07-23,CONFIRMED
5324,4853,rlarsen@example.net,1924,Do environmental,Jones-Contreras Cinemas,4,84.76,2026-07-23,CONFIRMED
5325,3794,johnstonmichael@example.org,1982,Skill how fear,"Roberts, Stanton and Smith Cinemas",2,24.34,2026-06-15,CONFIRMED
5326,3361,pperez@example.net,493,Father wife,Smith-Gomez Cinemas,4,81.04,2026-07-07,CANCELLED
5327,1175,joshua61@example.com,1832,Good new,Davis-Abbott Cinemas,3,53.61,2026-07-23,CONFIRMED
5328,257,mcdanielgregory@example.net,1327,Rise kitchen,"Caldwell, Stevenson and Joseph Cinemas",2,35.36,2026-07-23,CONFIRMED
5329,3460,jacquelinesullivan@example.net,1729,Whether manager,"Patel, Palmer and Jones Cinemas",1,11.83,2026-06-26,CONFIRMED
5330,848,jillian19@example.com,66,Partner wait require,"Chen, Faulkner and Casey Cinemas",2,49.94,2026-07-23,CONFIRMED
5331,726,kaiserrichard@example.org,1793,Reality commercial kind,"Barnes, Ellis and Gonzales Cinemas",3,38.1,2026-06-29,CONFIRMED
5332,798,dpoole@example.com,95,Movement cup prepare,Fitzgerald-Scott Cinemas,2,21.32,2026-07-02,CONFIRMED
5333,3865,christopher06@example.com,1030,Off region measure,"Campbell, Long and Silva Cinemas",5,62.1,2026-07-03,CONFIRMED
5334,3423,lbates@example.com,306,Laugh difference less,"Hamilton, Wolfe and Gill Cinemas",3,48.84,2026-07-23,CONFIRMED
5335,1452,jackreynolds@example.com,552,Participant compare,"Garrison, Ryan and Miller Cinemas",4,46.64,2026-06-23,CONFIRMED
5336,1384,crandall@example.net,1990,Field later good security,Bond-Cummings Cinemas,5,101.5,2026-07-18,CONFIRMED
5337,1505,kathleenscott@example.org,1865,On public answer measure,Martin and Sons Cinemas,5,60.25,2026-06-23,CONFIRMED
5338,3624,douglas53@example.net,583,However decade,"Coleman, Vega and Richmond Cinemas",6,50.1,2026-07-23,CONFIRMED
5339,313,harrisonnicholas@example.net,861,Paper somebody,"Sims, Weber and Villa Cinemas",1,24.46,2026-06-13,CONFIRMED
5340,4777,davidfox@example.net,642,They school hit,"Flowers, Berry and Ramirez Cinemas",4,52.88,2026-07-01,CONFIRMED
5341,4796,rebeccaterry@example.com,1131,What professor,"Rodriguez, Massey and Day Cinemas",5,76.4,2026-07-23,CONFIRMED
5342,1474,kevin95@example.com,1862,Six writer great able,"Barnes, Preston and Schultz Cinemas",4,83.12,2026-07-23,CONFIRMED
5343,4148,williamsonrobin@example.com,832,Game other,Johnson LLC Cinemas,1,14.45,2026-07-10,CANCELLED
5344,2661,lopezmichelle@example.net,1310,Significant free,"Marshall, Murray and Miller Cinemas",4,92.84,2026-07-23,CONFIRMED
5345,1156,casey54@example.net,167,Because answer class company,Lee-Fox Cinemas,1,8.72,2026-07-23,CONFIRMED
5346,2259,johnhuang@example.net,413,Decide two seven,Arellano and Sons Cinemas,4,57.48,2026-07-23,CONFIRMED
5347,1562,richardperez@example.org,1516,Hotel,Smith Ltd Cinemas,2,36.94,2026-07-23,CONFIRMED
5348,4414,ingramsara@example.com,1310,Significant free,"Marshall, Murray and Miller Cinemas",5,116.05,2026-07-23,CONFIRMED
5349,3597,tyler16@example.com,1037,Total sort,"Andrade, Gordon and Cruz Cinemas",2,35.12,2026-06-30,CONFIRMED
5350,4366,chapmanmorgan@example.org,1766,Deep story,"Li, Jensen and Vazquez Cinemas",1,11.69,2026-07-23,CONFIRMED
5351,3847,fritzjulia@example.org,826,Far view,"Williams, Newman and Jones Cinemas",6,94.74,2026-07-19,CONFIRMED
5352,1818,salinasgrace@example.net,1323,Early,Watson-Chan Cinemas,2,27.68,2026-07-23,CONFIRMED
5353,171,imitchell@example.net,1630,Where itself exactly,Lee PLC Cinemas,3,51.09,2026-06-23,CONFIRMED
5354,1235,raymond39@example.com,110,Loss be federal right,Andrews-Green Cinemas,4,38.84,2026-06-16,CONFIRMED
5355,531,mary85@example.org,215,Movement involve,"Jackson, Andersen and Bowen Cinemas",2,27.54,2026-07-05,CONFIRMED
5356,3488,michaelharmon@example.org,1993,Quite record tell,"Herrera, Jensen and Ramirez Cinemas",2,24.2,2026-07-23,CANCELLED
5357,2079,gutierrezsteven@example.com,1763,Yet seem bring,Moody-Williams Cinemas,1,15.42,2026-07-16,CONFIRMED
5358,1682,gquinn@example.com,1900,Simply modern,Neal Group Cinemas,1,20.65,2026-07-03,CONFIRMED
5359,3163,bairdmolly@example.com,937,Sing card,"Phelps, Kramer and Shannon Cinemas",4,66.56,2026-07-08,CONFIRMED
5360,4972,larry83@example.org,1706,Do assume,Pena-Bass Cinemas,1,22.74,2026-06-25,CONFIRMED
5361,626,amanda72@example.com,1749,Career talk,Bradley-Novak Cinemas,2,45.96,2026-07-23,CONFIRMED
5362,1798,autumn78@example.com,730,He authority third,Baxter PLC Cinemas,6,134.4,2026-07-23,CONFIRMED
5363,4472,marissa67@example.net,1375,Establish discover,"Johnson, Lynch and Morton Cinemas",4,40.08,2026-07-23,CONFIRMED
5364,3028,simmonsnatasha@example.net,1714,Leader worry place,"Wilson, Jacobson and Griffith Cinemas",5,117.4,2026-07-23,CANCELLED
5365,4344,skelly@example.com,925,Difficult,"Miller, Villegas and Jones Cinemas",5,62.45,2026-06-17,CANCELLED
5366,1657,melinda77@example.com,648,Just wind practice,Hall-Washington Cinemas,5,43.4,2026-07-16,CONFIRMED
5367,28,joseph17@example.net,510,Believe,"Smith, Jackson and Porter Cinemas",4,92.6,2026-07-15,CONFIRMED
5368,3694,erica50@example.com,1436,Wear participant president,Robinson-Goodwin Cinemas,4,93.2,2026-06-17,CONFIRMED
5369,4054,jbrown@example.com,440,Number face get,White-Jackson Cinemas,3,48.48,2026-07-17,CONFIRMED
5370,4986,davissarah@example.org,1069,Finish person,Morris-Armstrong Cinemas,2,16.54,2026-07-20,CONFIRMED
5371,3692,frose@example.org,308,Trial show single religious,Wright and Sons Cinemas,4,93.52,2026-07-11,CONFIRMED
5372,1134,rebecca86@example.net,84,Save national can,Wilson-Pierce Cinemas,1,15.92,2026-07-01,CONFIRMED
5373,2231,mirandaclarke@example.com,1899,Allow tree miss,Welch-Hogan Cinemas,1,15.94,2026-07-23,CONFIRMED
5374,491,marynunez@example.org,849,Product leave,"Howard, Townsend and Hayes Cinemas",5,117.5,2026-07-11,CONFIRMED
5375,3038,zcooper@example.net,1045,Major manager,Harrell Group Cinemas,1,16.53,2026-07-23,CONFIRMED
5376,3756,brandonsmith@example.com,210,Third according,Delgado Inc Cinemas,2,41.06,2026-07-23,CANCELLED
5377,1440,amandaday@example.net,1196,Article among,"Arias, Thompson and Jackson Cinemas",4,97.6,2026-07-23,CONFIRMED
5378,901,gardnerrichard@example.net,1619,Current,"Ortiz, Reid and Wilkinson Cinemas",1,19.81,2026-07-23,CANCELLED
5379,3454,usolomon@example.com,21,Instead,Wood-Watson Cinemas,1,11.58,2026-07-23,CONFIRMED
5380,1571,amy65@example.com,792,Political bar,Henderson LLC Cinemas,1,20.91,2026-07-23,CONFIRMED
5381,1971,williamssabrina@example.com,1586,Others brother visit employee,"Morales, Miller and Harrell Cinemas",2,39.06,2026-06-28,CONFIRMED
5382,3711,gonzaleskenneth@example.net,1495,Note,"Meyers, Farrell and Miller Cinemas",1,8.9,2026-06-22,CONFIRMED
5383,3011,foxrobert@example.net,819,Maybe finish,Peterson-Dunn Cinemas,5,87.5,2026-07-23,CONFIRMED
5384,4128,fergusonchristina@example.net,1597,Goal hard north,Jackson Ltd Cinemas,1,12.82,2026-07-23,CONFIRMED
5385,3754,johnsonamber@example.com,1536,North trade,"Calhoun, Wilson and Oneal Cinemas",6,143.7,2026-07-23,CONFIRMED
5386,66,amanda15@example.com,932,The point state,Perez Inc Cinemas,5,76.6,2026-07-23,CONFIRMED
5387,1130,yboone@example.org,194,Of him draw,"Herrera, Jensen and Ramirez Cinemas",2,29.66,2026-07-23,CANCELLED
5388,2490,lewisrichard@example.com,313,At,Foster Ltd Cinemas,5,109.25,2026-07-23,CONFIRMED
5389,2664,victoria08@example.net,721,Though hard trip,Mendoza Group Cinemas,4,56.96,2026-06-16,CONFIRMED
5390,3282,benjamin76@example.net,1886,Plant upon,Rodriguez-Miller Cinemas,1,24.95,2026-07-10,CONFIRMED
5391,1420,elizabethkirk@example.com,617,Resource wonder if,Mclaughlin Inc Cinemas,6,133.5,2026-06-30,CONFIRMED
5392,2303,wdavis@example.com,1140,Bad opportunity week,Buchanan LLC Cinemas,2,20.34,2026-06-17,CONFIRMED
5393,4584,imiller@example.net,437,Threat protect,"Smith, Beard and Taylor Cinemas",5,51.65,2026-07-11,CANCELLED
5394,2914,jenkinscarl@example.org,12,Tend,Williams-Harmon Cinemas,2,19.32,2026-06-17,CONFIRMED
5395,843,qmoran@example.com,950,Population before possible,"Mckee, Gardner and Davenport Cinemas",1,12.89,2026-07-17,CANCELLED
5396,642,keithbaker@example.net,1799,Generation catch environmental,"Ray, Cunningham and Levine Cinemas",6,70.2,2026-06-18,CONFIRMED
5397,2689,michael59@example.net,1137,Total,Kim-Romero Cinemas,1,8.33,2026-06-24,CONFIRMED
5398,269,veronicarogers@example.net,640,Science experience successful,"Flowers, Morgan and Barnes Cinemas",5,81.85,2026-06-29,CONFIRMED
5399,2624,patrickhernandez@example.com,255,War within prevent even,"Miller, Hansen and Salas Cinemas",3,71.64,2026-07-23,CONFIRMED
5400,4625,vdunn@example.org,946,Time traditional,"Taylor, Morales and Fuller Cinemas",1,23.26,2026-07-23,CONFIRMED
5401,3971,xhumphrey@example.org,934,Break open,Acosta and Sons Cinemas,1,14.83,2026-07-23,CONFIRMED
5402,1290,renee53@example.com,521,Similar collection kind,Richards Group Cinemas,6,149.88,2026-07-23,CONFIRMED
5403,1216,haley66@example.com,838,Leader,Ross-Blair Cinemas,1,24.9,2026-06-23,CONFIRMED
5404,3730,stevenayers@example.org,1388,Evidence protect,"Freeman, Hall and Allison Cinemas",4,45.56,2026-07-23,CONFIRMED
5405,1633,ureynolds@example.org,75,Sometimes charge,"Thomas, White and Jensen Cinemas",2,20.66,2026-07-23,CONFIRMED
5406,1805,ryanrosales@example.org,1299,Go face very language,Castro and Sons Cinemas,4,60.64,2026-07-23,CONFIRMED
5407,4758,chloesmith@example.com,1314,Help expect,Grant-Anderson Cinemas,4,40.04,2026-07-23,CONFIRMED
5408,1825,asmith@example.net,595,Value practice have,Robinson-Kennedy Cinemas,5,108.5,2026-06-28,CONFIRMED
5409,1349,monicawood@example.org,1680,Common half,Ward-Blake Cinemas,5,71.15,2026-07-23,CONFIRMED
5410,4230,lisa56@example.org,789,Result discuss standard,Grant-Diaz Cinemas,6,89.76,2026-06-18,CONFIRMED
5411,1933,goodwinjack@example.org,232,Man member partner,"Whitney, Mayo and Clark Cinemas",1,15.09,2026-07-01,CONFIRMED
5412,3833,tamaramurphy@example.org,1886,Plant upon,Rodriguez-Miller Cinemas,3,74.85,2026-07-21,CONFIRMED
5413,4405,maxwelljacob@example.org,75,Sometimes charge,"Thomas, White and Jensen Cinemas",3,30.99,2026-07-23,CONFIRMED
5414,4743,oconnellherbert@example.com,863,Message statement through,Pham Ltd Cinemas,5,104.9,2026-07-23,CONFIRMED
5415,3502,jbaker@example.org,1784,Natural great floor mission,Jackson Ltd Cinemas,5,116.65,2026-07-23,CONFIRMED
5416,4429,mallory55@example.com,901,Model place,"Kennedy, Cohen and Pennington Cinemas",1,8.83,2026-07-19,CONFIRMED
5417,2502,david19@example.org,1424,Natural here short,Jones-Taylor Cinemas,1,24.41,2026-06-17,CONFIRMED
5418,4343,reevesheather@example.org,1115,Beautiful that age although,Stevenson Group Cinemas,3,39.75,2026-07-06,CONFIRMED
5419,4552,stafforderin@example.com,1441,Decide sister general,Knox and Sons Cinemas,5,123.3,2026-07-23,CONFIRMED
5420,1163,dhale@example.net,293,Save job shoulder,Clark Group Cinemas,3,31.41,2026-07-23,CONFIRMED
5421,861,wellsryan@example.org,1428,Start view,Gibson-Gardner Cinemas,3,65.88,2026-07-20,CONFIRMED
5422,2732,josephcastro@example.org,714,Like moment,Scott-Miller Cinemas,5,118.6,2026-07-16,CONFIRMED
5423,3561,nguyenjill@example.org,1682,Against discuss give,"Richardson, Stephens and Barnes Cinemas",6,77.04,2026-06-18,CANCELLED
5424,1030,armstrongjill@example.net,785,Attorney pull,Carroll-Snyder Cinemas,6,129.48,2026-06-30,CANCELLED
5425,4093,mpalmer@example.org,641,Happy country ever,"Davis, Wood and Paul Cinemas",1,12.22,2026-07-23,CANCELLED
5426,3569,martinezjames@example.net,1048,Describe also sea,"Lloyd, Walker and Brock Cinemas",2,26.76,2026-07-23,CANCELLED
5427,675,vparks@example.org,1963,Executive business,Chang Ltd Cinemas,5,124.5,2026-07-23,CONFIRMED
5428,3048,lydiasullivan@example.net,813,North billion well,Krueger PLC Cinemas,3,64.23,2026-07-23,CONFIRMED
5429,3293,christinabutler@example.com,1625,Father expect cup,Payne-Walton Cinemas,3,38.55,2026-06-28,CONFIRMED
5430,470,theresaphillips@example.com,1940,Continue offer anyone,"Marshall, Murray and Miller Cinemas",3,63.54,2026-06-27,CONFIRMED
5431,63,hendersonmichael@example.org,889,Their parent alone,Barnett PLC Cinemas,1,20.52,2026-07-23,CONFIRMED
5432,2002,wsteele@example.org,995,Him somebody professional,Miller LLC Cinemas,4,71.6,2026-06-22,CONFIRMED
5433,4766,robert65@example.com,279,Amount attorney room,Rodriguez-Hernandez Cinemas,6,66.96,2026-07-23,CONFIRMED
5434,1032,russellprice@example.org,995,Him somebody professional,Miller LLC Cinemas,4,71.6,2026-06-18,CONFIRMED
5435,1726,pedrohaley@example.com,1761,Support worry seem,Moran PLC Cinemas,3,49.02,2026-06-29,CONFIRMED
5436,1271,tinajohnson@example.org,977,Pick man,"Turner, Ponce and Barrett Cinemas",4,58.96,2026-07-03,CANCELLED
5437,3615,kguerrero@example.com,1823,Color off,Joyce-Benitez Cinemas,2,25.58,2026-06-26,CONFIRMED
5438,1513,melissa14@example.net,606,International live whole,"Blevins, Delgado and Bennett Cinemas",6,80.88,2026-07-23,CONFIRMED
5439,4612,matthewgarcia@example.org,1382,Recent have,Howe Inc Cinemas,3,56.97,2026-06-24,CONFIRMED
5440,2410,chenmatthew@example.org,81,Personal word,"Strickland, Mccormick and Santos Cinemas",1,23.22,2026-07-18,CONFIRMED
5441,4964,steve25@example.com,1056,Environmental couple,Buchanan LLC Cinemas,3,51.09,2026-07-02,CANCELLED
5442,4303,chelseaallen@example.com,757,Table although whole,"James, Atkins and Alexander Cinemas",2,30.4,2026-07-23,CONFIRMED
5443,1086,felicia51@example.com,1860,Customer then,Buchanan LLC Cinemas,3,42.84,2026-06-28,CONFIRMED
5444,2417,wsmith@example.net,145,Six see rate customer,"Schaefer, Barry and Espinoza Cinemas",2,20.4,2026-07-03,CANCELLED
5445,3549,bgarcia@example.org,855,Out civil service,Parks Ltd Cinemas,3,70.98,2026-07-23,CONFIRMED
5446,468,nicholasflores@example.com,1569,Lot stage education,"Mooney, Conley and Fox Cinemas",1,17.8,2026-06-14,CONFIRMED
5447,4989,christy47@example.com,1159,Well onto,Johnson-Powers Cinemas,6,130.26,2026-07-23,CONFIRMED
5448,4629,dianesingh@example.org,1971,Benefit sister,"Freeman, Hall and Allison Cinemas",6,57.24,2026-07-23,CONFIRMED
5449,1203,andrewbird@example.com,294,Positive describe,Fitzgerald-Scott Cinemas,1,19.43,2026-06-19,CONFIRMED
5450,3646,tracy95@example.org,516,Modern side expert,Smith-Clayton Cinemas,3,40.53,2026-07-23,CONFIRMED
5451,3849,vazquezdavid@example.net,994,Cause we,Hall-Washington Cinemas,1,11.23,2026-07-07,CONFIRMED
5452,1281,donaldthomas@example.org,569,President wind,Peterson-Wagner Cinemas,2,34.56,2026-06-14,CONFIRMED
5453,616,gjones@example.net,399,Ever yet,Walker PLC Cinemas,4,80.4,2026-07-23,CONFIRMED
5454,4625,vdunn@example.org,173,Which concern,Johnson and Sons Cinemas,2,43.1,2026-07-23,CONFIRMED
5455,2451,aliciahawkins@example.net,336,Officer size why free,"Castro, Irwin and Rodriguez Cinemas",6,92.1,2026-07-23,CONFIRMED
5456,554,victor76@example.com,1959,Name two,Patterson-Lawrence Cinemas,4,48.48,2026-07-23,CANCELLED
5457,1784,richard13@example.com,1509,Join create unit,Bradley-Novak Cinemas,6,74.88,2026-06-19,CONFIRMED
5458,1501,maria53@example.net,1893,Ahead democratic listen,Kirk Inc Cinemas,5,119.3,2026-07-02,CONFIRMED
5459,2449,crystalcole@example.net,1630,Where itself exactly,Lee PLC Cinemas,4,68.12,2026-06-30,CONFIRMED
5460,2696,amy49@example.net,1297,Cut group few,Patterson-Lawrence Cinemas,4,73.72,2026-07-23,CONFIRMED
5461,2639,jamescarter@example.com,501,Have,"Medina, Miller and Yates Cinemas",4,66.12,2026-07-23,CONFIRMED
5462,3566,vphillips@example.com,815,Board dark,Medina LLC Cinemas,4,85.72,2026-07-23,CONFIRMED
5463,1797,changsamuel@example.org,426,Actually look total,Romero PLC Cinemas,1,20.4,2026-07-23,CONFIRMED
5464,478,fbailey@example.org,393,Watch,Barr PLC Cinemas,2,47.0,2026-07-23,CONFIRMED
5465,4848,kendra09@example.net,721,Though hard trip,Mendoza Group Cinemas,1,14.24,2026-06-27,CONFIRMED
5466,4541,pearsongreg@example.com,1704,Contain mission career,"Miller, Hansen and Salas Cinemas",4,84.96,2026-07-23,CONFIRMED
5467,2168,sarahvega@example.com,1449,Box thing,Martinez and Sons Cinemas,5,50.8,2026-07-23,CONFIRMED
5468,2413,awade@example.net,233,Try hundred foreign,Hudson-Sparks Cinemas,1,17.33,2026-07-23,CONFIRMED
5469,4725,diana55@example.net,934,Break open,Acosta and Sons Cinemas,4,59.32,2026-07-23,CONFIRMED
5470,1680,nancypatel@example.com,160,On,"Medina, Green and Rivera Cinemas",2,49.14,2026-07-23,CONFIRMED
5471,1054,clarkmichael@example.org,1507,Attorney face,Smith Ltd Cinemas,4,55.04,2026-07-01,CONFIRMED
5472,2329,christineandrade@example.net,1732,Difference research,Soto and Sons Cinemas,6,61.98,2026-07-23,CONFIRMED
5473,3041,kimberly12@example.com,1216,Skin court,Peterson-Wagner Cinemas,1,14.3,2026-07-23,CONFIRMED
5474,147,rlutz@example.com,452,Crime mother,Elliott-Holland Cinemas,1,21.59,2026-07-23,CONFIRMED
5475,1053,umcfarland@example.com,861,Paper somebody,"Sims, Weber and Villa Cinemas",4,97.84,2026-06-21,CONFIRMED
5476,4696,qnelson@example.org,465,Staff because,Wright-Davis Cinemas,1,16.18,2026-07-01,CONFIRMED
5477,4308,jennifer04@example.net,309,Contain audience on,Shah PLC Cinemas,4,47.96,2026-07-23,CANCELLED
5478,2187,bryanwallace@example.com,1215,Term four,Hunter Group Cinemas,4,45.96,2026-06-20,CONFIRMED
5479,2366,adam11@example.net,1483,Personal nearly else,Martinez and Sons Cinemas,3,66.57,2026-06-27,CONFIRMED
5480,2143,darrenharris@example.com,846,Science order share son,Miller Group Cinemas,3,60.99,2026-07-23,CONFIRMED
5481,4350,smithmaurice@example.org,1169,Bill involve sound future,"Guerrero, Watson and Perry Cinemas",2,42.86,2026-07-01,CONFIRMED
5482,1202,gcastillo@example.com,1689,Provide right section,"Weiss, Cole and Preston Cinemas",6,72.3,2026-07-23,CONFIRMED
5483,4463,mmccann@example.net,1547,Trial too,Robertson-Hays Cinemas,4,92.6,2026-07-23,CONFIRMED
5484,2828,shannon56@example.org,566,Blue soon boy,Price-Lee Cinemas,3,41.76,2026-06-27,CONFIRMED
5485,2931,dsmith@example.net,464,Quickly them simply project,Moran PLC Cinemas,3,26.19,2026-07-23,CANCELLED
5486,2725,larryfox@example.net,439,Claim form,Santos-Roach Cinemas,2,16.04,2026-07-23,CONFIRMED
5487,2125,davidcopeland@example.net,689,She,George-Myers Cinemas,4,48.12,2026-06-30,CONFIRMED
5488,4714,jasonwaters@example.com,1237,Receive plan across,Lee-Weeks Cinemas,2,29.22,2026-07-17,CONFIRMED
5489,4126,nathan68@example.org,867,Develop,Griffin Group Cinemas,3,49.68,2026-07-23,CANCELLED
5490,1703,luis66@example.org,1809,Nearly second,"Brown, Ali and Jones Cinemas",3,37.62,2026-07-23,CONFIRMED
5491,1041,jonathangonzales@example.org,1210,Staff year,Anderson Inc Cinemas,3,55.23,2026-07-23,CONFIRMED
5492,1891,ann63@example.net,648,Just wind practice,Hall-Washington Cinemas,1,8.68,2026-07-13,CONFIRMED
5493,1439,cynthiabutler@example.org,649,Thank meeting war,"Duarte, Lee and Matthews Cinemas",1,8.75,2026-06-30,CONFIRMED
5494,4004,tgraham@example.com,816,Really too small,Gallagher-Diaz Cinemas,3,35.82,2026-06-30,CONFIRMED
5495,3004,jay71@example.com,1023,Pattern challenge soldier send,Garrett-Stout Cinemas,2,29.18,2026-07-16,CONFIRMED
5496,21,jessicalong@example.net,1681,Not practice,Joseph Inc Cinemas,1,18.67,2026-07-16,CONFIRMED
5497,4855,rhernandez@example.org,1868,Politics line keep,"Davis, Wood and Paul Cinemas",6,126.72,2026-07-23,CONFIRMED
5498,4830,beasleychristopher@example.org,729,Main,Buchanan LLC Cinemas,2,25.28,2026-07-23,CANCELLED
5499,1886,nguyenterri@example.com,587,Face,Martinez-Allen Cinemas,6,72.24,2026-07-03,CONFIRMED
5500,2816,pbrooks@example.com,1632,Before spring,Conway-Andrews Cinemas,2,38.52,2026-07-23,CONFIRMED
5501,3205,pjackson@example.net,1410,Administration fish,Jones Inc Cinemas,5,99.45,2026-07-23,CONFIRMED
5502,3866,diamond85@example.com,437,Threat protect,"Smith, Beard and Taylor Cinemas",2,20.66,2026-07-05,CONFIRMED
5503,4755,wwilliams@example.org,522,Cut sea son,Johnson and Sons Cinemas,3,41.94,2026-07-23,CONFIRMED
5504,2840,regina46@example.org,529,Themselves himself gas,Shah PLC Cinemas,3,49.35,2026-07-23,CONFIRMED
5505,3059,courtneyking@example.net,1820,Night good,Herrera LLC Cinemas,3,49.35,2026-07-23,CONFIRMED
5506,2191,kgreene@example.org,208,Past degree,Munoz-Stokes Cinemas,6,144.6,2026-06-23,CONFIRMED
5507,1952,kellyalvarez@example.com,1801,Answer reveal way few,Garner LLC Cinemas,4,71.24,2026-07-23,CONFIRMED
5508,4192,victor74@example.org,1488,Wonder,Krueger PLC Cinemas,1,12.32,2026-06-12,CONFIRMED
5509,4444,cynthiapacheco@example.net,1135,Look,"Lyons, Branch and Kennedy Cinemas",5,109.0,2026-07-23,CONFIRMED
5510,2444,adamsjeffery@example.org,851,Hope friend,"Sanders, Leblanc and Maldonado Cinemas",6,70.26,2026-07-23,CONFIRMED
5511,1930,davidgreen@example.org,510,Believe,"Smith, Jackson and Porter Cinemas",2,46.3,2026-07-16,CONFIRMED
5512,4547,qbarron@example.org,1729,Whether manager,"Patel, Palmer and Jones Cinemas",1,11.83,2026-06-18,CONFIRMED
5513,1410,ndiaz@example.com,78,South moment alone interview,"Gonzales, Smith and Davis Cinemas",5,90.7,2026-07-23,CONFIRMED
5514,2726,patrick93@example.net,1545,Without think,Smith-Wilson Cinemas,5,109.6,2026-07-07,CONFIRMED
5515,1562,richardperez@example.org,1681,Not practice,Joseph Inc Cinemas,1,18.67,2026-07-21,CONFIRMED
5516,1233,jolsen@example.net,1363,At trip,Reed Group Cinemas,3,32.37,2026-07-23,CANCELLED
5517,1902,kellyrichard@example.net,1926,Stop though page,Grant-Diaz Cinemas,3,35.4,2026-07-23,CONFIRMED
5518,3909,lroy@example.org,1019,Purpose ever ball,Lowery LLC Cinemas,3,74.34,2026-07-03,CANCELLED
5519,3013,sherrymartinez@example.net,369,Enter under,"Black, Collins and Powell Cinemas",1,18.82,2026-06-30,CONFIRMED
5520,2876,marissahale@example.com,1156,Sound itself,Bell PLC Cinemas,1,11.29,2026-07-11,CONFIRMED
5521,506,brownraymond@example.net,1220,Clear open machine voice,"Bennett, Williams and Klein Cinemas",6,105.48,2026-06-28,CONFIRMED
5522,1014,dwilliams@example.com,273,Focus red support,"Compton, Owens and Decker Cinemas",6,92.34,2026-07-23,CONFIRMED
5523,3229,smitchell@example.com,1161,Lead hand stock night,Holloway and Sons Cinemas,4,60.84,2026-06-24,CANCELLED
5524,4545,nicolerandall@example.net,16,Smile wrong,"Ramirez, Horne and Johnson Cinemas",1,14.04,2026-06-28,CONFIRMED
5525,1195,umccoy@example.com,1881,Sign west,"Salazar, Carlson and Hall Cinemas",6,49.92,2026-07-23,CONFIRMED
5526,2622,shellymason@example.com,642,They school hit,"Flowers, Berry and Ramirez Cinemas",1,13.22,2026-07-01,CONFIRMED
5527,454,mallory61@example.net,1277,Interesting tax,Price-Lee Cinemas,1,22.69,2026-07-23,CONFIRMED
5528,1573,richard31@example.com,370,Community piece common cold,Taylor Ltd Cinemas,2,22.06,2026-07-23,CONFIRMED
5529,2171,johnolson@example.org,1026,Bad production brother even,"Moore, Gilmore and Martin Cinemas",3,42.3,2026-06-25,CONFIRMED
5530,3347,rodriguezpeter@example.org,543,Present contain gas,Hill and Sons Cinemas,5,122.35,2026-07-23,CONFIRMED
5531,4220,scotttravis@example.com,1704,Contain mission career,"Miller, Hansen and Salas Cinemas",6,127.44,2026-07-23,CANCELLED
5532,1413,evanholloway@example.com,767,Alone figure strong,"Warner, Carr and Archer Cinemas",4,34.96,2026-07-23,CONFIRMED
5533,3414,cynthiasalas@example.com,152,Company medical house,Jackson-Campbell Cinemas,6,90.54,2026-07-23,CANCELLED
5534,290,nealdavid@example.com,1575,Character personal she list,Weaver-Thompson Cinemas,4,82.92,2026-07-23,CONFIRMED
5535,3390,baileydonna@example.com,1234,Movie management,"Wheeler, Rocha and Rodriguez Cinemas",3,57.9,2026-07-23,CONFIRMED
5536,2856,william41@example.com,1350,Along rule,Carney Group Cinemas,5,65.25,2026-06-23,CONFIRMED
5537,2594,beth81@example.org,600,Near girl hospital,"Thomas, Moreno and Smith Cinemas",4,88.56,2026-07-23,CONFIRMED
5538,1630,brennanmichelle@example.com,1320,Service hope value,Solis-Edwards Cinemas,6,108.96,2026-07-23,CONFIRMED
5539,4390,lopezjulia@example.com,1097,Tonight try,Price-Schmitt Cinemas,2,49.88,2026-07-23,CANCELLED
5540,918,hhampton@example.com,874,Involve window,"Brown, James and Arroyo Cinemas",3,42.15,2026-07-23,CONFIRMED
5541,1072,sheila42@example.net,1934,Story threat visit worry,Walker PLC Cinemas,6,100.32,2026-07-17,CONFIRMED
5542,1910,bcaldwell@example.net,1538,Oil create,"Taylor, Williams and Hall Cinemas",2,37.48,2026-07-23,CONFIRMED
5543,3726,nancyrichardson@example.com,1967,Generation box report,Curry-Allen Cinemas,1,8.34,2026-06-14,CONFIRMED
5544,744,fking@example.org,1312,Hair,"Howard, Townsend and Hayes Cinemas",1,18.92,2026-07-23,CONFIRMED
5545,4556,melanie34@example.org,676,Suffer politics,"Thompson, Harper and Welch Cinemas",1,18.24,2026-07-02,CONFIRMED
5546,4640,oramos@example.org,114,Guy visit concern,Johnson-Alvarez Cinemas,5,58.15,2026-06-16,CONFIRMED
5547,4859,shawn20@example.net,1538,Oil create,"Taylor, Williams and Hall Cinemas",2,37.48,2026-07-23,CONFIRMED
5548,554,victor76@example.com,746,Have grow rate,Price-Schmitt Cinemas,6,96.54,2026-07-15,CANCELLED
5549,1994,matthew00@example.com,1369,Tax write,Castillo Group Cinemas,4,57.16,2026-06-26,CANCELLED
5550,3118,guerracarrie@example.net,1603,Return trouble conference,Miller Inc Cinemas,4,32.84,2026-06-12,CONFIRMED
5551,317,tanya66@example.com,1262,Production open,Johnson Inc Cinemas,2,19.08,2026-06-17,CONFIRMED
5552,3312,franciskenneth@example.net,807,Western address,Padilla-Bennett Cinemas,4,80.24,2026-06-29,CONFIRMED
5553,969,tammythomas@example.com,1599,Seven notice,"Herrera, Jensen and Ramirez Cinemas",4,39.88,2026-07-23,CONFIRMED
5554,1523,ginamiller@example.org,995,Him somebody professional,Miller LLC Cinemas,2,35.8,2026-06-20,CANCELLED
5555,3685,charles77@example.org,431,Discussion teacher,Robinson-Goodwin Cinemas,6,70.98,2026-07-23,CONFIRMED
5556,110,carolhenderson@example.net,780,She foot,"Davis, Johnson and Williams Cinemas",6,63.78,2026-07-23,CONFIRMED
5557,110,carolhenderson@example.net,542,Treatment television girl,Lowery LLC Cinemas,3,24.39,2026-06-24,CONFIRMED
5558,1619,jonathankennedy@example.org,1188,More explain offer,Thompson-Reyes Cinemas,3,61.95,2026-07-23,CANCELLED
5559,3046,nshepherd@example.com,1131,What professor,"Rodriguez, Massey and Day Cinemas",6,91.68,2026-07-23,CONFIRMED
5560,545,bsloan@example.net,1667,Good stay catch,Nguyen-Jenkins Cinemas,3,59.37,2026-06-18,CONFIRMED
5561,636,adrianchang@example.org,175,Indeed just history,"Navarro, Marsh and Hurst Cinemas",1,11.02,2026-07-23,CONFIRMED
5562,3559,iperez@example.org,1226,Sign build,James Ltd Cinemas,5,76.6,2026-07-23,CONFIRMED
5563,1223,ericharris@example.net,399,Ever yet,Walker PLC Cinemas,1,20.1,2026-07-13,CONFIRMED
5564,2776,lawsonjames@example.com,161,Race choose toward,"Schultz, Miller and Wolf Cinemas",5,83.35,2026-07-23,CONFIRMED
5565,614,pbarajas@example.com,250,Local,"Nichols, Glover and Knox Cinemas",2,49.36,2026-07-23,CONFIRMED
5566,2519,singletonnicole@example.net,42,Create attack life,Jackson Ltd Cinemas,3,34.38,2026-07-21,CONFIRMED
5567,268,caleb84@example.net,1367,Career break,"Braun, Mays and Martinez Cinemas",5,49.95,2026-06-26,CONFIRMED
5568,3580,rodriguezallison@example.org,1363,At trip,Reed Group Cinemas,4,43.16,2026-07-17,CONFIRMED
5569,2948,daniellebrown@example.org,913,Describe walk official,Lynch LLC Cinemas,5,56.15,2026-07-16,CONFIRMED
5570,2904,johntravis@example.org,1770,Dream experience chair,Lynch LLC Cinemas,3,28.23,2026-07-23,CANCELLED
5571,1361,nathanielshields@example.com,380,Research general medical,"Vasquez, Sanchez and Green Cinemas",1,18.44,2026-07-23,CANCELLED
5572,4292,bridget96@example.org,190,Choose power customer,Burns-Nguyen Cinemas,1,19.23,2026-07-23,CONFIRMED
5573,988,christopher64@example.net,75,Sometimes charge,"Thomas, White and Jensen Cinemas",2,20.66,2026-07-23,CONFIRMED
5574,4930,susanbaker@example.org,439,Claim form,Santos-Roach Cinemas,6,48.12,2026-07-19,CONFIRMED
5575,4178,cfields@example.net,379,Scene successful control,Robinson-Kennedy Cinemas,2,27.26,2026-07-23,CONFIRMED
5576,1327,aaron79@example.net,755,Successful professor light,"Merritt, Williams and Boone Cinemas",6,80.52,2026-07-23,CONFIRMED
5577,2257,robertzamora@example.org,147,Particular include really,Ward-Blake Cinemas,4,86.4,2026-07-21,CONFIRMED
5578,495,danielthomas@example.com,1862,Six writer great able,"Barnes, Preston and Schultz Cinemas",6,124.68,2026-07-23,CONFIRMED
5579,2716,reneewade@example.org,74,Home magazine,Brown-Ross Cinemas,5,108.9,2026-07-23,CONFIRMED
5580,3163,bairdmolly@example.com,894,Strategy impact,Martinez-Lopez Cinemas,4,84.56,2026-07-12,CANCELLED
5581,2524,holtvictor@example.org,1446,When,Colon LLC Cinemas,3,38.76,2026-07-14,CONFIRMED
5582,475,qsimmons@example.org,1853,Through itself,"Mcdonald, Moore and Richards Cinemas",6,96.06,2026-07-13,CONFIRMED
5583,676,aaron33@example.org,446,Medical scientist,Andrews-Aguirre Cinemas,2,47.22,2026-06-27,CONFIRMED
5584,1423,patrick86@example.net,761,Yourself blue,Johnson and Sons Cinemas,5,49.6,2026-07-01,CONFIRMED
5585,4885,mmitchell@example.org,1655,Yeah exist,Williams-Harmon Cinemas,1,19.97,2026-07-12,CANCELLED
5586,363,barbarawelch@example.com,430,Commercial president,"Schwartz, Estrada and Hernandez Cinemas",1,12.96,2026-07-23,CONFIRMED
5587,1896,amberhunter@example.com,1496,Information war letter,"Carroll, Choi and Collier Cinemas",6,73.8,2026-07-23,CONFIRMED
5588,2927,william93@example.net,1088,Its thousand not,"Boyd, Ellis and Maynard Cinemas",3,30.78,2026-07-23,CANCELLED
5589,4483,adrienne32@example.net,1196,Article among,"Arias, Thompson and Jackson Cinemas",4,97.6,2026-07-23,CONFIRMED
5590,1612,austinfrye@example.org,1004,Education likely,"Arnold, Ashley and Alexander Cinemas",5,86.9,2026-06-22,CONFIRMED
5591,2863,ueaton@example.net,593,Pay company,Bean-Evans Cinemas,6,145.8,2026-07-23,CONFIRMED
5592,673,gordondavid@example.net,596,Voice newspaper,"Hunter, Taylor and York Cinemas",4,37.28,2026-06-20,CONFIRMED
5593,3260,lopeztonya@example.org,1233,Charge a,Buchanan LLC Cinemas,5,85.35,2026-07-20,CONFIRMED
5594,3627,barrettadriana@example.com,1803,Because picture consumer,"Evans, David and Hendrix Cinemas",6,56.4,2026-07-23,CONFIRMED
5595,4270,jonathan59@example.com,476,Shake hospital officer fact,Christian-Booth Cinemas,6,64.8,2026-07-21,CONFIRMED
5596,4280,juan40@example.com,36,Weight lead whom,Sanchez-Douglas Cinemas,1,11.25,2026-07-23,CONFIRMED
5597,3298,castillolinda@example.com,1433,Store although cause,Rodriguez Group Cinemas,6,99.36,2026-07-23,CONFIRMED
5598,661,leslie32@example.com,732,Agree mother may,"Turner, Long and Hendricks Cinemas",1,23.85,2026-07-23,CANCELLED
5599,1177,ryan42@example.com,656,Others son,"Carpenter, Morrow and Smith Cinemas",3,55.02,2026-07-23,CONFIRMED
5600,4028,emma83@example.net,20,Bit positive break,"Baker, Mason and White Cinemas",5,105.65,2026-07-07,CANCELLED
5601,2654,susan13@example.org,888,Itself consumer,"Meyer, Dawson and Harper Cinemas",4,99.52,2026-06-20,CONFIRMED
5602,1404,donald27@example.net,1007,Alone American,Lowery LLC Cinemas,5,87.7,2026-07-23,CONFIRMED
5603,1314,sarahcharles@example.com,661,Open provide,Garrett-Stout Cinemas,3,65.64,2026-07-23,CONFIRMED
5604,4698,whitneytrevor@example.org,1181,Standard strategy,"Myers, Gamble and Sanford Cinemas",4,55.04,2026-06-29,CONFIRMED
5605,4439,leerhonda@example.org,266,Soldier current body,Sutton-Patterson Cinemas,2,25.9,2026-07-23,CONFIRMED
5606,2636,christopher06@example.org,631,There beat good,"Burns, Barker and Horton Cinemas",5,51.45,2026-07-23,CANCELLED
5607,4960,zmendoza@example.org,757,Table although whole,"James, Atkins and Alexander Cinemas",6,91.2,2026-07-23,CONFIRMED
5608,2915,daniel13@example.com,622,Follow response allow,George Group Cinemas,5,120.2,2026-07-19,CONFIRMED
5609,2042,wherring@example.org,1974,Son speech although,Barrera Group Cinemas,4,92.88,2026-07-23,CONFIRMED
5610,4894,cnorris@example.org,927,List no,Rodriguez Inc Cinemas,3,59.67,2026-07-18,CONFIRMED
5611,2971,xstokes@example.com,1887,Entire right,"Scott, Robertson and Mendez Cinemas",5,100.6,2026-07-13,CONFIRMED
5612,2182,ifreeman@example.net,1313,Maintain care,White LLC Cinemas,4,87.2,2026-07-23,CONFIRMED
5613,212,hgrant@example.net,1820,Night good,Herrera LLC Cinemas,1,16.45,2026-07-23,CONFIRMED
5614,1144,melissa36@example.net,322,Skill like,"Blevins, Delgado and Bennett Cinemas",3,67.5,2026-07-23,CONFIRMED
5615,1769,guerramaria@example.org,286,Light involve all,"Thomas, Moreno and Smith Cinemas",3,68.82,2026-06-14,CONFIRMED
5616,2623,maria36@example.com,404,Rule small TV,Villa Group Cinemas,1,12.28,2026-07-23,CONFIRMED
5617,4633,jennifer61@example.net,1167,Follow perhaps social himself,"Greene, Rogers and Haley Cinemas",6,140.34,2026-07-23,CONFIRMED
5618,3616,elizabeth41@example.net,999,Individual price,Miller LLC Cinemas,5,49.45,2026-07-03,CONFIRMED
5619,4751,kjohnson@example.com,1937,Whole evening large,Gallagher-Diaz Cinemas,4,69.08,2026-07-23,CONFIRMED
5620,4495,palmerkatherine@example.net,627,Guess really,Mitchell and Sons Cinemas,2,17.28,2026-07-23,CONFIRMED
5621,556,amandaedwards@example.com,216,Series,Miller-Booker Cinemas,4,62.92,2026-07-23,CONFIRMED
5622,4134,ypearson@example.org,119,Generation main,Acosta and Sons Cinemas,6,64.02,2026-07-23,CONFIRMED
5623,712,ghatfield@example.com,1807,Worker determine,Edwards Inc Cinemas,4,53.0,2026-07-23,CONFIRMED
5624,335,jennifer53@example.com,561,South ahead,"Garcia, Perez and Oliver Cinemas",1,23.14,2026-07-23,CONFIRMED
5625,1992,srodriguez@example.net,462,Everyone research,Thomas-Stevens Cinemas,4,91.12,2026-06-12,CONFIRMED
5626,233,sherry01@example.org,632,Around professor,Hoffman PLC Cinemas,3,68.76,2026-07-23,CONFIRMED
5627,4520,tina93@example.net,792,Political bar,Henderson LLC Cinemas,6,125.46,2026-07-23,CONFIRMED
5628,199,sarah31@example.net,1688,Notice throughout need,Fernandez Inc Cinemas,4,90.8,2026-07-05,CONFIRMED
5629,1690,lambalexandra@example.net,580,Cell true,"Black, Collins and Powell Cinemas",4,51.48,2026-07-07,CONFIRMED
5630,502,julieryan@example.org,895,Choose city,Vargas-Snyder Cinemas,6,104.52,2026-07-23,CONFIRMED
5631,3364,walltracy@example.org,1662,Sell apply,Green-Walters Cinemas,6,122.46,2026-06-25,CONFIRMED
5632,4380,justinbennett@example.com,351,Vote decade,Marshall Group Cinemas,1,17.2,2026-06-22,CONFIRMED
5633,850,tjackson@example.com,1262,Production open,Johnson Inc Cinemas,2,19.08,2026-06-13,CONFIRMED
5634,4359,anthony62@example.com,1351,Discussion enjoy,Bell-Jordan Cinemas,5,100.8,2026-07-23,CONFIRMED
5635,4029,ffarmer@example.net,1722,Candidate door,Elliott Group Cinemas,4,58.12,2026-07-23,CONFIRMED
5636,464,carmengomez@example.net,1094,Also,"Hunter, Taylor and York Cinemas",2,40.68,2026-06-23,CANCELLED
5637,1201,keithdavis@example.com,966,Eight book owner,"Phelps, Kramer and Shannon Cinemas",6,100.8,2026-07-23,CONFIRMED
5638,158,millerjuan@example.org,1043,Tonight current born,Howe Inc Cinemas,5,51.05,2026-07-23,CONFIRMED
5639,438,lucasteresa@example.com,1715,I sing,Diaz LLC Cinemas,2,35.02,2026-07-17,CONFIRMED
5640,4666,paul85@example.org,1582,Plan may,English-Dominguez Cinemas,2,42.58,2026-07-03,CANCELLED
5641,3131,cynthiataylor@example.net,1479,She live,"Bailey, Armstrong and Campbell Cinemas",4,33.84,2026-07-02,CONFIRMED
5642,429,petersrussell@example.org,712,Former get occur,"Howard, Townsend and Hayes Cinemas",1,9.58,2026-06-16,CONFIRMED
5643,3977,shelly47@example.net,266,Soldier current body,Sutton-Patterson Cinemas,6,77.7,2026-07-23,CONFIRMED
5644,796,anthonywhite@example.com,1804,Blood information,Williams-Mckenzie Cinemas,2,24.8,2026-07-23,CONFIRMED
5645,642,keithbaker@example.net,458,South director,"Burns, Barker and Horton Cinemas",3,63.3,2026-07-23,CONFIRMED
5646,533,alejandro92@example.net,362,Shoulder plant,Turner Inc Cinemas,5,117.05,2026-07-23,CONFIRMED
5647,1387,zcoleman@example.net,472,Budget part machine stay,"Patel, Palmer and Jones Cinemas",6,143.58,2026-07-23,CONFIRMED
5648,2943,hharrison@example.org,1749,Career talk,Bradley-Novak Cinemas,6,137.88,2026-07-23,CONFIRMED
5649,615,kennethboyd@example.com,997,Treatment leader near,"Johns, Figueroa and Graham Cinemas",1,20.36,2026-07-19,CANCELLED
5650,3038,zcooper@example.net,1130,Either choose to,Jones-Contreras Cinemas,3,32.79,2026-07-23,CONFIRMED
5651,4216,jonathan78@example.net,1603,Return trouble conference,Miller Inc Cinemas,6,49.26,2026-06-18,CONFIRMED
5652,534,murphygeorge@example.org,845,Pressure human,"Wheeler, Rocha and Rodriguez Cinemas",3,65.16,2026-07-23,CONFIRMED
5653,883,fluna@example.net,1214,Until store,"Flowers, Morgan and Barnes Cinemas",3,44.82,2026-07-09,CONFIRMED
5654,4071,williamsamanda@example.com,861,Paper somebody,"Sims, Weber and Villa Cinemas",6,146.76,2026-06-23,CONFIRMED
5655,4709,raymondamanda@example.com,313,At,Foster Ltd Cinemas,6,131.1,2026-07-23,CANCELLED
5656,2817,briangeorge@example.com,1612,Same,"Diaz, Hill and Becker Cinemas",4,55.04,2026-07-23,CONFIRMED
5657,4267,kimberly75@example.net,1303,During provide another,Henderson LLC Cinemas,3,33.84,2026-07-23,CONFIRMED
5658,4403,sanchezsheila@example.net,36,Weight lead whom,Sanchez-Douglas Cinemas,3,33.75,2026-07-23,CONFIRMED
5659,3603,ngarcia@example.net,310,Drug,Smith Group Cinemas,1,15.04,2026-07-14,CONFIRMED
5660,166,murraymichael@example.net,1084,Nation return smile,"Caldwell, Cross and Russell Cinemas",1,19.35,2026-07-09,CONFIRMED
5661,3022,bailey14@example.com,1095,Couple other,Rojas Inc Cinemas,2,20.6,2026-07-23,CONFIRMED
5662,305,nunezjill@example.net,719,Drop avoid before,Wagner-Hernandez Cinemas,1,15.68,2026-06-29,CANCELLED
5663,866,pricejoshua@example.com,920,Structure save,"Madden, Figueroa and Stafford Cinemas",6,78.66,2026-06-26,CONFIRMED
5664,132,bartondavid@example.com,354,North knowledge our,"Thomas, Becker and Mills Cinemas",2,24.26,2026-06-28,CONFIRMED
5665,4955,petersonrichard@example.com,234,Minute impact,Hill Inc Cinemas,6,49.62,2026-07-23,CONFIRMED
5666,775,martintownsend@example.com,852,Mind discuss too,"White, Burch and Reynolds Cinemas",6,53.82,2026-07-23,CONFIRMED
5667,2896,bendermatthew@example.org,438,Paper fight,Bush-Ayala Cinemas,3,47.64,2026-06-28,CONFIRMED
5668,2448,stevenbarnett@example.com,149,City now,Williams Ltd Cinemas,3,24.42,2026-07-19,CONFIRMED
5669,2467,michaelmyers@example.com,522,Cut sea son,Johnson and Sons Cinemas,1,13.98,2026-07-23,CONFIRMED
5670,1637,mallorycurry@example.com,182,Week color,Rowe-Jones Cinemas,4,53.2,2026-06-21,CONFIRMED
5671,554,victor76@example.com,1395,Section half,"Cruz, Fowler and Haynes Cinemas",3,72.75,2026-06-26,CONFIRMED
5672,4679,pgray@example.com,1632,Before spring,Conway-Andrews Cinemas,2,38.52,2026-07-23,CONFIRMED
5673,1840,kimberlypeterson@example.org,525,Protect official cause,Oconnell-Smith Cinemas,1,9.42,2026-07-23,CONFIRMED
5674,1740,ronald46@example.com,347,Minute season political,Ward-Chase Cinemas,6,95.64,2026-06-19,CONFIRMED
5675,76,janet71@example.org,433,Minute region argue,"White, Burch and Reynolds Cinemas",4,90.52,2026-07-01,CONFIRMED
5676,2855,daycurtis@example.com,897,Mind,"Russell, Murphy and Davis Cinemas",2,46.26,2026-07-23,CANCELLED
5677,1969,emurray@example.com,615,Respond land open,Maldonado-Becker Cinemas,2,39.5,2026-07-15,CONFIRMED
5678,969,tammythomas@example.com,122,Impact compare after,Ryan-West Cinemas,2,33.68,2026-06-25,CANCELLED
5679,3747,ashleypoole@example.net,1141,Lead least,Jones-Taylor Cinemas,2,46.38,2026-07-23,CONFIRMED
5680,3312,franciskenneth@example.net,1275,Movement car as responsibility,Bradley-Novak Cinemas,6,73.38,2026-07-09,CONFIRMED
5681,1910,bcaldwell@example.net,975,Animal manager accept eight,Rodriguez Group Cinemas,4,80.64,2026-07-23,CONFIRMED
5682,2268,andersoncharles@example.net,479,Make according energy,Warren Inc Cinemas,1,10.04,2026-07-23,CANCELLED
5683,1228,ariana93@example.net,379,Scene successful control,Robinson-Kennedy Cinemas,6,81.78,2026-07-23,CANCELLED
5684,3824,lday@example.com,209,Tree allow,Peterson-Mullins Cinemas,1,21.78,2026-06-29,CONFIRMED
5685,4378,kmueller@example.org,726,Seem summer final production,White-Reese Cinemas,5,45.85,2026-07-23,CONFIRMED
5686,1408,gduke@example.net,1224,Else coach,Ochoa-Adams Cinemas,6,71.52,2026-06-22,CONFIRMED
5687,2295,vskinner@example.com,1963,Executive business,Chang Ltd Cinemas,2,49.8,2026-07-23,CONFIRMED
5688,3506,timothy75@example.org,1290,Party,Roth Ltd Cinemas,2,48.44,2026-06-30,CANCELLED
5689,4083,jacksonkaylee@example.com,361,Day think,Mclaughlin Inc Cinemas,3,35.58,2026-07-23,CONFIRMED
5690,2069,aaronchambers@example.net,1779,Reason,"Braun, Mays and Martinez Cinemas",3,65.73,2026-07-11,CONFIRMED
5691,169,kevin54@example.net,797,Idea gun during,Harrison-Leach Cinemas,3,53.7,2026-07-23,CONFIRMED
5692,2202,qmercado@example.com,858,Move suffer security,"Sims, Weber and Villa Cinemas",1,21.01,2026-06-22,CONFIRMED
5693,1177,ryan42@example.com,1055,Mother hotel development list,"Guerrero, Watson and Perry Cinemas",4,33.04,2026-06-29,CONFIRMED
5694,2101,jamiejohnson@example.org,1411,Purpose current,Robinson-Gay Cinemas,2,22.98,2026-07-23,CONFIRMED
5695,3552,tuckerjennifer@example.com,1465,Born dream,"Compton, Owens and Decker Cinemas",5,95.55,2026-06-26,CONFIRMED
5696,2523,kingjulie@example.com,1481,Culture Democrat,"Larson, Daniels and James Cinemas",2,43.54,2026-07-19,CONFIRMED
5697,4252,ukhan@example.org,623,Fire door risk home,Mills and Sons Cinemas,1,20.6,2026-07-22,CONFIRMED
5698,3591,martinstephanie@example.com,284,Lead,Garcia LLC Cinemas,2,27.3,2026-07-03,CONFIRMED
5699,4536,john65@example.org,1490,Drop tend current,Nelson and Sons Cinemas,4,41.2,2026-07-23,CONFIRMED
5700,948,xcarr@example.com,1889,Situation defense woman message,"Underwood, Bartlett and Russell Cinemas",2,20.84,2026-07-15,CONFIRMED
5701,3327,murrayrachel@example.org,1708,Nothing wonder career,Davis PLC Cinemas,4,87.4,2026-06-18,CONFIRMED
5702,4589,ian56@example.com,289,Hope official dark,Smith-Patel Cinemas,1,23.85,2026-07-03,CONFIRMED
5703,3200,warren28@example.com,169,None head,Reese Group Cinemas,6,82.8,2026-07-03,CONFIRMED
5704,4272,jonesmark@example.com,718,News while this,Porter Inc Cinemas,4,71.16,2026-07-23,CONFIRMED
5705,916,garciadebra@example.com,1964,Participant better world,"Mooney, Conley and Fox Cinemas",4,70.32,2026-06-22,CONFIRMED
5706,2913,uscott@example.org,641,Happy country ever,"Davis, Wood and Paul Cinemas",6,73.32,2026-07-22,CANCELLED
5707,3419,baxterbrian@example.org,866,Important to mean,"May, Valenzuela and Lee Cinemas",6,95.76,2026-07-08,CONFIRMED
5708,2460,ericnguyen@example.net,1954,Service,"Hammond, Douglas and Johnson Cinemas",3,32.79,2026-06-20,CONFIRMED
5709,3351,zgibson@example.net,12,Tend,Williams-Harmon Cinemas,3,28.98,2026-06-21,CONFIRMED
5710,1468,moralesdawn@example.com,574,Usually within need than,Rodriguez-Miller Cinemas,3,52.5,2026-06-29,CONFIRMED
5711,525,gallagherjoanna@example.org,412,I prevent,Smith-Clayton Cinemas,5,52.95,2026-07-23,CONFIRMED
5712,3898,joyceobrien@example.net,1119,Magazine painting yard single,"Wiley, Tapia and Smith Cinemas",6,115.32,2026-06-27,CONFIRMED
5713,2943,hharrison@example.org,1563,Of safe,"Henderson, Alexander and Galvan Cinemas",4,34.72,2026-07-07,CONFIRMED
5714,1954,markfuentes@example.com,1533,Interesting news,Martinez-Allen Cinemas,3,60.93,2026-07-23,CONFIRMED
5715,4634,gloria33@example.net,293,Save job shoulder,Clark Group Cinemas,2,20.94,2026-07-23,CONFIRMED
5716,2958,walshdaniel@example.org,702,Investment someone that,Walker-Jones Cinemas,3,40.86,2026-07-23,CONFIRMED
5717,1533,herrerajennifer@example.org,1095,Couple other,Rojas Inc Cinemas,6,61.8,2026-07-23,CANCELLED
5718,4332,eaustin@example.org,1154,Unit matter,Barron-Brown Cinemas,3,29.88,2026-06-19,CONFIRMED
5719,1662,duncanjoshua@example.org,388,Return trouble conference,Andrews-Aguirre Cinemas,4,86.36,2026-07-23,CANCELLED
5720,2024,collinsshannon@example.net,1852,Page over,"Greene, Rogers and Haley Cinemas",3,37.17,2026-07-23,CONFIRMED
5721,3015,jasonhess@example.net,174,Approach suggest save,Wilkerson-Davis Cinemas,5,124.0,2026-06-17,CONFIRMED
5722,2961,deborahcoleman@example.com,213,Agent also,Owens-Mayer Cinemas,6,126.84,2026-07-19,CONFIRMED
5723,3825,brandon83@example.com,1510,Music future treatment,Jackson-Campbell Cinemas,4,80.24,2026-06-27,CANCELLED
5724,2973,justin49@example.com,1709,Office discussion,Hudson-Sparks Cinemas,3,43.92,2026-07-23,CONFIRMED
5725,1849,aknight@example.org,682,Set southern,Wilson-Pierce Cinemas,6,107.04,2026-06-23,CONFIRMED
5726,4055,laura77@example.net,301,Fast public decade smile,Henderson-Parks Cinemas,4,62.84,2026-07-12,CONFIRMED
5727,2000,tholt@example.com,744,While senior,"Flowers, Morgan and Barnes Cinemas",4,44.92,2026-07-23,CONFIRMED
5728,3619,beasleyrobert@example.com,1838,Mrs threat,"Skinner, Howe and Davis Cinemas",5,79.15,2026-07-23,CONFIRMED
5729,4495,palmerkatherine@example.net,887,Already control,Morris-Armstrong Cinemas,4,48.0,2026-07-23,CONFIRMED
5730,1932,gaineserika@example.org,1115,Beautiful that age although,Stevenson Group Cinemas,4,53.0,2026-06-28,CONFIRMED
5731,723,amymiller@example.org,1451,Deep theory contain world,Parsons-Allen Cinemas,1,22.45,2026-07-23,CANCELLED
5732,4769,rosshannah@example.net,1573,Pattern structure,Robinson Inc Cinemas,1,14.48,2026-07-12,CONFIRMED
5733,2634,wrightcarolyn@example.com,503,Already low able,Carroll-Morris Cinemas,2,28.16,2026-07-23,CONFIRMED
5734,4674,diazamy@example.net,477,Point vote want,Nguyen-Castro Cinemas,4,60.08,2026-07-23,CONFIRMED
5735,2248,nashlinda@example.com,838,Leader,Ross-Blair Cinemas,1,24.9,2026-06-18,CONFIRMED
5736,1714,dustinwilliams@example.net,473,Create authority,"Wright, Mcknight and Stephens Cinemas",5,70.75,2026-07-23,CONFIRMED
5737,2933,faith55@example.org,425,American memory player,"Anderson, Thompson and Gill Cinemas",6,86.1,2026-07-12,CANCELLED
5738,1852,charles46@example.org,1441,Decide sister general,Knox and Sons Cinemas,6,147.96,2026-07-23,CONFIRMED
5739,328,barrettashley@example.com,1032,Quite approach,Russell Inc Cinemas,6,124.14,2026-06-25,CONFIRMED
5740,2225,ndiaz@example.net,930,Similar item,"Vang, Wilkinson and Wilson Cinemas",4,85.72,2026-07-07,CONFIRMED
5741,2966,jenniferweber@example.org,1817,Either account speech,Benson Inc Cinemas,2,22.82,2026-07-06,CONFIRMED
5742,4406,hornmatthew@example.org,459,Bank whatever,"James, Atkins and Alexander Cinemas",3,42.57,2026-07-23,CONFIRMED
5743,3042,vanessamoore@example.org,1707,Piece individual foot manage,"Baker, Williams and Jones Cinemas",6,134.82,2026-07-03,CONFIRMED
5744,510,waretabitha@example.com,1063,Bit sing,"Miranda, Wheeler and Avila Cinemas",1,23.42,2026-07-18,CANCELLED
5745,2108,kimjennifer@example.com,384,Boy issue,Todd Group Cinemas,3,51.6,2026-07-23,CONFIRMED
5746,2745,emily05@example.com,1493,Move fill another,"Li, Jensen and Vazquez Cinemas",1,13.28,2026-07-23,CONFIRMED
5747,283,pdixon@example.org,1301,Hear chance,"Perry, May and Liu Cinemas",2,46.0,2026-06-23,CONFIRMED
5748,1385,mooresteven@example.net,72,Central design affect,Rodriguez-Hernandez Cinemas,6,97.44,2026-07-23,CONFIRMED
5749,90,znoble@example.net,1643,Watch energy lose,Shaffer-Yates Cinemas,5,70.25,2026-07-23,CONFIRMED
5750,4210,justinellison@example.com,453,Minute region argue,"Marquez, Martinez and Bailey Cinemas",2,19.78,2026-07-18,CONFIRMED
5751,3699,ftucker@example.com,1463,Know never,Turner Inc Cinemas,3,62.55,2026-06-22,CONFIRMED
5752,1349,monicawood@example.org,1440,Investment job environment,Cervantes PLC Cinemas,4,71.04,2026-07-18,CONFIRMED
5753,4877,youngmary@example.org,788,Theory sure,Castro and Sons Cinemas,3,68.79,2026-07-23,CONFIRMED
5754,3642,kshelton@example.org,1586,Others brother visit employee,"Morales, Miller and Harrell Cinemas",2,39.06,2026-06-22,CONFIRMED
5755,4479,delacruzmelanie@example.net,1508,Wonder peace ability,Villa Group Cinemas,2,46.08,2026-07-05,CONFIRMED
5756,4170,veronica41@example.org,183,Our respond,Atkinson-Nelson Cinemas,5,93.95,2026-07-23,CONFIRMED
5757,263,kimbradley@example.com,267,Far,James LLC Cinemas,6,83.46,2026-07-20,CANCELLED
5758,4966,gloverjaime@example.org,757,Table although whole,"James, Atkins and Alexander Cinemas",2,30.4,2026-07-23,CONFIRMED
5759,2134,iwilson@example.com,428,Part situation more,Wallace Ltd Cinemas,5,48.05,2026-07-06,CONFIRMED
5760,1725,sbailey@example.net,1348,Baby dog food,"Stevens, Norris and Smith Cinemas",3,68.4,2026-07-23,CONFIRMED
5761,1894,ashley62@example.net,1054,Type plan,Walker-Gonzalez Cinemas,4,97.8,2026-07-23,CONFIRMED
5762,3570,urios@example.net,1606,Democratic conference,Hernandez Inc Cinemas,3,40.29,2026-07-17,CONFIRMED
5763,480,jrobinson@example.net,956,Occur that article,Smith-Ramirez Cinemas,5,84.9,2026-07-01,CONFIRMED
5764,629,harrisstacey@example.net,1305,Leader,Hernandez Ltd Cinemas,5,69.0,2026-07-23,CONFIRMED
5765,1800,beth38@example.net,1458,Sure voice on,Gibson-Thomas Cinemas,2,35.7,2026-07-21,CONFIRMED
5766,4354,walllarry@example.org,588,For true we,Wright and Sons Cinemas,4,42.6,2026-07-20,CONFIRMED
5767,1186,joshua15@example.net,390,Style stop really lead,"Short, Brooks and Lang Cinemas",4,58.8,2026-06-26,CONFIRMED
5768,3584,alansmith@example.org,739,Environmental reflect,Flores Ltd Cinemas,4,91.72,2026-07-23,CONFIRMED
5769,1067,madisonhampton@example.com,1736,Fish,Avila LLC Cinemas,6,61.26,2026-07-21,CONFIRMED
5770,619,taylortina@example.org,1797,Win out,Prince Inc Cinemas,3,70.89,2026-06-27,CONFIRMED
5771,4470,scottcollins@example.net,789,Result discuss standard,Grant-Diaz Cinemas,1,14.96,2026-06-25,CONFIRMED
5772,1047,hannah26@example.org,139,Name also,Shaffer-Yates Cinemas,2,16.36,2026-07-17,CONFIRMED
5773,2797,olsencarlos@example.com,100,Analysis matter,Lyons PLC Cinemas,3,67.08,2026-07-23,CANCELLED
5774,3766,kevinnguyen@example.net,454,Course bill debate sort,"Burns, Barker and Horton Cinemas",6,69.78,2026-07-21,CANCELLED
5775,1363,kimlee@example.net,1488,Wonder,Krueger PLC Cinemas,1,12.32,2026-06-21,CONFIRMED
5776,2815,chawkins@example.com,812,Fish interview,Gallegos-Turner Cinemas,3,25.26,2026-07-02,CANCELLED
5777,451,davisjennifer@example.org,1872,Concern finish important project,"Bennett, Williams and Klein Cinemas",1,20.62,2026-07-23,CONFIRMED
5778,698,andrearivera@example.net,888,Itself consumer,"Meyer, Dawson and Harper Cinemas",4,99.52,2026-06-13,CONFIRMED
5779,3043,stephen89@example.com,1035,Staff agency,"Turner, Ponce and Barrett Cinemas",4,75.24,2026-07-15,CONFIRMED
5780,4397,ecopeland@example.com,1298,Might then increase dark,"Smith, Beard and Taylor Cinemas",4,48.64,2026-07-01,CONFIRMED
5781,3404,hjimenez@example.org,1357,Feeling campaign land huge,Anderson Group Cinemas,1,17.45,2026-07-23,CONFIRMED
5782,3911,xgreen@example.net,1984,Discover adult no,Williams Ltd Cinemas,6,89.04,2026-06-26,CANCELLED
5783,212,hgrant@example.net,1581,Next coach front expect,Wood-Williams Cinemas,6,114.0,2026-07-23,CONFIRMED
5784,192,theresagalloway@example.net,1594,Course vote team,"Nichols, Glover and Knox Cinemas",1,24.8,2026-07-23,CONFIRMED
5785,675,vparks@example.org,1259,Suggest job,"Carrillo, Henderson and Matthews Cinemas",6,144.84,2026-07-23,CONFIRMED
5786,3848,jerrygray@example.com,1929,There magazine politics,Myers and Sons Cinemas,4,38.28,2026-07-23,CONFIRMED
5787,362,michael28@example.com,1516,Hotel,Smith Ltd Cinemas,2,36.94,2026-07-23,CONFIRMED
5788,2489,robert46@example.com,870,Pattern civil,"Henson, Jones and Sanders Cinemas",3,69.78,2026-07-23,CONFIRMED
5789,4108,weaverhector@example.com,93,Friend develop heart,Raymond LLC Cinemas,5,63.85,2026-07-23,CANCELLED
5790,1559,iedwards@example.net,717,Both hotel,"Wilson, Stewart and Hobbs Cinemas",3,41.16,2026-07-23,CONFIRMED
5791,2341,hjones@example.com,736,Choose,"Kennedy, Cohen and Pennington Cinemas",1,10.66,2026-07-09,CONFIRMED
5792,1657,melinda77@example.com,1915,Each bed good friend,"Smith, Beard and Taylor Cinemas",5,112.85,2026-07-23,CONFIRMED
5793,4971,margaretwilson@example.org,1408,Own modern oil,Wright Group Cinemas,2,37.36,2026-06-24,CANCELLED
5794,2694,jill37@example.net,692,Manage myself lose,Mcclain Inc Cinemas,6,134.58,2026-07-23,CANCELLED
5795,1055,gavin84@example.org,494,Democrat,Gibson Ltd Cinemas,5,42.4,2026-06-28,CONFIRMED
5796,981,lucaslori@example.org,1390,Mind point game,Gibson Ltd Cinemas,5,40.35,2026-07-23,CONFIRMED
5797,1419,robertjohnson@example.org,1875,Dark lot sister,Garcia-Yu Cinemas,4,33.16,2026-07-23,CANCELLED
5798,2688,blake50@example.com,1307,Ball great,"Thomas, White and Jensen Cinemas",6,76.5,2026-07-23,CONFIRMED
5799,912,jesse84@example.net,118,Year respond,White-Morales Cinemas,3,71.91,2026-07-23,CANCELLED
5800,1807,janedickerson@example.net,969,Loss dark act,"Vasquez, Sanchez and Green Cinemas",3,56.31,2026-07-21,CONFIRMED
5801,3533,bmaddox@example.com,700,Just although key,Morris-Merritt Cinemas,6,72.6,2026-07-02,CONFIRMED
5802,871,hufftroy@example.net,1014,Music reason sense list,"Martinez, Roman and Murphy Cinemas",4,80.12,2026-06-20,CONFIRMED
5803,2699,rachel27@example.com,1031,Institution possible,Carney Group Cinemas,1,18.57,2026-07-23,CONFIRMED
5804,1380,baileypaul@example.net,1983,Goal other,Dunn-Pennington Cinemas,2,23.96,2026-07-15,CONFIRMED
5805,912,jesse84@example.net,947,Buy ground student with,Andrews-Aguirre Cinemas,6,138.06,2026-07-13,CONFIRMED
5806,3544,fsteele@example.com,390,Style stop really lead,"Short, Brooks and Lang Cinemas",6,88.2,2026-06-16,CONFIRMED
5807,2426,tyrone95@example.org,667,Power list our,Flores Ltd Cinemas,4,81.44,2026-07-23,CONFIRMED
5808,2919,despinoza@example.com,1291,Although play position,Martinez LLC Cinemas,2,26.54,2026-07-23,CONFIRMED
5809,1068,theresascott@example.com,1402,Top relationship visit,Bean-Evans Cinemas,5,43.25,2026-07-23,CONFIRMED
5810,908,teresamiller@example.org,47,Development thus,"King, Taylor and Middleton Cinemas",2,19.8,2026-07-23,CANCELLED
5811,938,davidsawyer@example.net,155,Worker have still,Thomas and Sons Cinemas,1,20.76,2026-07-02,CANCELLED
5812,25,gkeith@example.net,1343,Through itself,Sims-Padilla Cinemas,4,91.68,2026-07-01,CANCELLED
5813,1309,wangjoshua@example.com,724,Reason rock bit,"Foster, Smith and Grimes Cinemas",3,56.73,2026-06-17,CONFIRMED
5814,4651,zkirk@example.net,1038,Recently support,"Chase, Prince and Wilcox Cinemas",3,68.46,2026-07-23,CONFIRMED
5815,3248,roblesjeffrey@example.com,1401,Oil,Lynch LLC Cinemas,1,18.57,2026-07-23,CONFIRMED
5816,135,cobbmary@example.net,518,Like pull,"Garcia, Perez and Oliver Cinemas",2,32.56,2026-07-23,CONFIRMED
5817,2584,tpeters@example.com,869,Though meeting,Robinson-Johnson Cinemas,3,56.19,2026-07-16,CONFIRMED
5818,3628,alicia60@example.org,1527,School pass at,"Caldwell, Stevenson and Joseph Cinemas",4,99.4,2026-07-23,CONFIRMED
5819,3828,morrisonstephanie@example.org,1307,Ball great,"Thomas, White and Jensen Cinemas",1,12.75,2026-07-23,CONFIRMED
5820,754,paulsmith@example.org,1822,Can newspaper water,"Gonzalez, Santos and Gardner Cinemas",6,102.42,2026-07-15,CONFIRMED
5821,1899,xward@example.com,555,One long low,"Ramsey, Martinez and Sherman Cinemas",5,64.5,2026-07-23,CONFIRMED
5822,4562,amanda64@example.org,1805,Identify effort,"Taylor, Williams and Hall Cinemas",6,108.48,2026-06-14,CONFIRMED
5823,1373,christiandanielle@example.com,723,Card,"Edwards, Baker and Anderson Cinemas",5,102.65,2026-07-23,CANCELLED
5824,4910,iward@example.net,317,Music guess,"Larson, Daniels and James Cinemas",3,59.4,2026-07-23,CONFIRMED
5825,125,michaelcampos@example.net,1868,Politics line keep,"Davis, Wood and Paul Cinemas",6,126.72,2026-07-23,CANCELLED
5826,3916,hendersonerin@example.org,1166,Believe dark,"Garza, Williams and Walker Cinemas",4,73.52,2026-06-30,CANCELLED
5827,1535,williamskaren@example.org,779,System real ability,"Murphy, Lee and Garcia Cinemas",6,57.36,2026-06-24,CONFIRMED
5828,2276,victoriapittman@example.com,866,Important to mean,"May, Valenzuela and Lee Cinemas",5,79.8,2026-07-03,CANCELLED
5829,4313,margarettaylor@example.org,945,Sometimes eye quickly,Benson Inc Cinemas,3,52.71,2026-07-04,CONFIRMED
5830,1406,wilcoxjennifer@example.com,1861,Summer out,"Marquez, Martinez and Bailey Cinemas",4,90.28,2026-07-06,CONFIRMED
5831,2827,montgomeryzachary@example.net,1155,Machine seven candidate,Jones-Contreras Cinemas,2,19.74,2026-06-22,CONFIRMED
5832,2886,lucasedwards@example.com,1808,Gun size cup,"James, Howard and Johnson Cinemas",5,41.7,2026-07-23,CONFIRMED
5833,2676,knightrenee@example.org,1357,Feeling campaign land huge,Anderson Group Cinemas,5,87.25,2026-07-23,CONFIRMED
5834,2415,stephen64@example.com,155,Worker have still,Thomas and Sons Cinemas,5,103.8,2026-06-25,CONFIRMED
5835,4922,duane50@example.com,744,While senior,"Flowers, Morgan and Barnes Cinemas",5,56.15,2026-07-23,CONFIRMED
5836,872,blakejackson@example.net,812,Fish interview,Gallegos-Turner Cinemas,4,33.68,2026-07-01,CANCELLED
5837,1559,iedwards@example.net,1597,Goal hard north,Jackson Ltd Cinemas,4,51.28,2026-07-23,CONFIRMED
5838,2802,btorres@example.com,977,Pick man,"Turner, Ponce and Barrett Cinemas",3,44.22,2026-07-10,CONFIRMED
5839,1868,joseph03@example.net,1509,Join create unit,Bradley-Novak Cinemas,2,24.96,2026-06-21,CANCELLED
5840,1244,ashleynelson@example.net,480,Give yeah,"Chen, Faulkner and Casey Cinemas",2,18.04,2026-07-23,CONFIRMED
5841,1531,pwilliams@example.org,1898,Trouble leave truth,"Velez, Howell and Stevenson Cinemas",3,43.5,2026-07-13,CONFIRMED
5842,1182,aaron25@example.com,1035,Staff agency,"Turner, Ponce and Barrett Cinemas",1,18.81,2026-07-22,CONFIRMED
5843,3006,hawkinsjeffrey@example.net,1234,Movie management,"Wheeler, Rocha and Rodriguez Cinemas",4,77.2,2026-07-23,CONFIRMED
5844,2929,carolyn39@example.org,674,Necessary push,"Elliott, Villarreal and Sosa Cinemas",3,46.08,2026-07-23,CONFIRMED
5845,4029,ffarmer@example.net,1027,Significant impact,Haynes-Moss Cinemas,1,20.7,2026-07-23,CONFIRMED
5846,2194,smithmatthew@example.org,908,Some represent,"Walton, Anderson and Cook Cinemas",1,22.44,2026-07-23,CONFIRMED
5847,1543,deleontammy@example.org,1804,Blood information,Williams-Mckenzie Cinemas,3,37.2,2026-07-23,CONFIRMED
5848,261,millerdaniel@example.org,575,Run hold southern,Christian Ltd Cinemas,2,34.04,2026-06-29,CONFIRMED
5849,1833,moralesmarcus@example.net,39,Smile about,"Haas, Richardson and Lee Cinemas",2,30.66,2026-07-23,CONFIRMED
5850,2489,robert46@example.com,1090,Appear close goal,Hansen-Schneider Cinemas,2,47.02,2026-07-05,CONFIRMED
5851,4285,staffordmarissa@example.com,616,Thank purpose appear,Jackson-Cooper Cinemas,2,34.88,2026-07-23,CONFIRMED
5852,1498,millstyler@example.net,376,Hard debate type,Reyes Inc Cinemas,2,16.38,2026-07-12,CONFIRMED
5853,2838,dwood@example.net,824,Couple,Morrison-Simmons Cinemas,5,55.6,2026-07-06,CONFIRMED
5854,1238,carlastevens@example.net,1908,Factor pretty writer,Peterson-Mullins Cinemas,4,75.76,2026-07-23,CONFIRMED
5855,3090,cynthia62@example.net,1280,Drop,Lee PLC Cinemas,2,41.68,2026-06-19,CONFIRMED
5856,4925,watersjames@example.net,668,Mention can class,Ortiz Ltd Cinemas,5,47.85,2026-06-29,CONFIRMED
5857,4305,rodgersashley@example.net,1714,Leader worry place,"Wilson, Jacobson and Griffith Cinemas",6,140.88,2026-07-23,CONFIRMED
5858,2816,pbrooks@example.com,451,Rise organization,"Taylor, Williams and Hall Cinemas",1,21.59,2026-07-04,CONFIRMED
5859,3371,meadowscharles@example.org,1548,Huge school trip,"Jordan, Swanson and Franklin Cinemas",4,34.44,2026-06-18,CONFIRMED
5860,1020,edward79@example.com,270,Change author expect,"Lawson, Lopez and Myers Cinemas",3,65.37,2026-06-22,CONFIRMED
5861,156,kellyrichmond@example.com,1909,Writer degree book,Clark Ltd Cinemas,3,59.43,2026-07-23,CONFIRMED
5862,4267,kimberly75@example.net,1747,Picture nearly,Chandler-Lynch Cinemas,2,27.64,2026-07-03,CANCELLED
5863,1144,melissa36@example.net,38,Officer skin quality,Landry-Hill Cinemas,3,27.93,2026-07-09,CONFIRMED
5864,659,aguilarkevin@example.com,458,South director,"Burns, Barker and Horton Cinemas",1,21.1,2026-07-14,CONFIRMED
5865,2288,irobinson@example.com,549,Understand growth a,"Hayes, Sharp and Wilson Cinemas",6,77.16,2026-07-23,CONFIRMED
5866,4949,josephcompton@example.com,1125,Similar million have,Diaz and Sons Cinemas,1,15.98,2026-07-05,CONFIRMED
5867,2111,montgomeryhaley@example.com,10,Include available,Gallagher-Diaz Cinemas,1,21.2,2026-06-18,CONFIRMED
5868,4966,gloverjaime@example.org,394,Pattern enter fact,Hoffman PLC Cinemas,5,89.3,2026-07-11,CONFIRMED
5869,2730,qmyers@example.net,302,Institution study along,Brown LLC Cinemas,6,90.84,2026-07-23,CONFIRMED
5870,254,jessica91@example.org,711,Smile recognize section,Thomas Group Cinemas,5,96.65,2026-07-23,CONFIRMED
5871,1094,silvaryan@example.org,955,House participant want,Reid-Miller Cinemas,1,17.74,2026-07-23,CONFIRMED
5872,1714,dustinwilliams@example.net,735,Remember stay,Robinson Group Cinemas,4,52.16,2026-06-22,CANCELLED
5873,3892,urobles@example.org,1858,Action natural southern,"Duarte, Smith and Caldwell Cinemas",6,115.32,2026-07-13,CONFIRMED
5874,3462,jonathanpearson@example.org,522,Cut sea son,Johnson and Sons Cinemas,6,83.88,2026-07-23,CONFIRMED
5875,4934,markrhodes@example.org,1291,Although play position,Martinez LLC Cinemas,4,53.08,2026-07-21,CONFIRMED
5876,550,fred06@example.org,1160,Military she,Haynes-Jackson Cinemas,2,19.06,2026-07-11,CONFIRMED
5877,3113,laurenray@example.org,1075,Yet keep bed,Roberts Ltd Cinemas,3,51.9,2026-06-23,CONFIRMED
5878,4232,phamkristi@example.org,1793,Reality commercial kind,"Barnes, Ellis and Gonzales Cinemas",1,12.7,2026-06-26,CONFIRMED
5879,543,paul18@example.com,1198,Cut,James Ltd Cinemas,2,22.22,2026-07-23,CONFIRMED
5880,3268,jodi94@example.com,1612,Same,"Diaz, Hill and Becker Cinemas",5,68.8,2026-07-23,CONFIRMED
5881,485,dianawolf@example.org,920,Structure save,"Madden, Figueroa and Stafford Cinemas",4,52.44,2026-06-20,CANCELLED
5882,3426,michaelball@example.com,195,Perform home million,Huynh PLC Cinemas,2,36.5,2026-07-23,CONFIRMED
5883,1816,shannon44@example.com,676,Suffer politics,"Thompson, Harper and Welch Cinemas",3,54.72,2026-07-04,CONFIRMED
5884,293,boydrenee@example.net,689,She,George-Myers Cinemas,4,48.12,2026-06-27,CONFIRMED
5885,1640,ambersavage@example.com,28,Gas service,Williamson Group Cinemas,2,19.08,2026-07-13,CONFIRMED
5886,3272,woodjeffery@example.com,243,Job prepare either suffer,Johnson Ltd Cinemas,5,57.5,2026-07-05,CONFIRMED
5887,4739,xberry@example.net,714,Like moment,Scott-Miller Cinemas,2,47.44,2026-07-03,CONFIRMED
5888,677,swright@example.net,853,Help eat same,"Hunter, Ford and Spencer Cinemas",6,140.52,2026-07-23,CONFIRMED
5889,3485,klawson@example.com,13,Protect economy,"Barnes, Miranda and Stephenson Cinemas",2,32.74,2026-07-23,CONFIRMED
5890,4879,ramirezmargaret@example.com,582,Blue stand shoulder,"Hayes, Sharp and Wilson Cinemas",5,114.5,2026-07-11,CONFIRMED
5891,3745,danielgood@example.net,1046,Data tend,Brown-Cohen Cinemas,1,20.95,2026-07-23,CONFIRMED
5892,2673,adam42@example.org,600,Near girl hospital,"Thomas, Moreno and Smith Cinemas",6,132.84,2026-07-23,CONFIRMED
5893,913,kirstenbenson@example.net,45,Hour individual,Wright Group Cinemas,1,17.78,2026-07-23,CANCELLED
5894,1851,antoniojenkins@example.com,802,Decade in thing enter,Miller-Young Cinemas,3,45.45,2026-06-22,CONFIRMED
5895,3950,qdunn@example.net,1179,Identify all agreement stop,Patterson LLC Cinemas,2,31.4,2026-07-23,CANCELLED
5896,2058,michael17@example.org,1070,Certain hair plant,Bird-Trujillo Cinemas,2,44.16,2026-07-23,CANCELLED
5897,3934,zacharymorris@example.org,559,Rise soldier own,"Rivera, Gomez and Levine Cinemas",1,10.3,2026-07-09,CANCELLED
5898,1362,harrisdebra@example.net,1111,Car feel small,Griffin Ltd Cinemas,2,46.62,2026-07-23,CONFIRMED
5899,2688,blake50@example.com,397,Southern student,Greene-Shelton Cinemas,3,58.23,2026-07-16,CONFIRMED
5900,1733,scott83@example.net,1741,Find development,"Russell, Meyer and Smith Cinemas",1,22.15,2026-07-05,CONFIRMED
5901,616,gjones@example.net,1022,Site yeah,Sanchez-Douglas Cinemas,2,22.2,2026-07-20,CONFIRMED
5902,2925,jimenezterri@example.net,144,National than,Woods-Mccarthy Cinemas,2,38.52,2026-07-23,CANCELLED
5903,3260,lopeztonya@example.org,419,Reveal service ability,Zuniga Group Cinemas,6,67.68,2026-07-15,CONFIRMED
5904,1427,vanessajimenez@example.org,453,Minute region argue,"Marquez, Martinez and Bailey Cinemas",5,49.45,2026-07-12,CONFIRMED
5905,849,mollysmith@example.org,46,Fire require mind,Harrington Group Cinemas,4,75.16,2026-07-04,CONFIRMED
5906,425,jhickman@example.net,953,Whose which,Harris-Hernandez Cinemas,3,43.17,2026-06-15,CONFIRMED
5907,3385,sarajoseph@example.net,1325,Sit local,"Sanders, Leblanc and Maldonado Cinemas",5,66.35,2026-07-23,CONFIRMED
5908,1524,ericwheeler@example.org,1070,Certain hair plant,Bird-Trujillo Cinemas,4,88.32,2026-07-23,CONFIRMED
5909,4431,richardhall@example.net,1052,Power game yard,"Walton, Anderson and Cook Cinemas",6,90.9,2026-07-23,CONFIRMED
5910,2018,rivaslisa@example.net,375,Adult hour,"Velez, Howell and Stevenson Cinemas",5,103.1,2026-07-22,CONFIRMED
5911,3790,collinsjose@example.com,1580,Energy professor,Gibbs Group Cinemas,1,11.38,2026-07-14,CONFIRMED
5912,2001,redwards@example.com,76,Structure whom,"James, Howard and Johnson Cinemas",4,56.6,2026-07-23,CONFIRMED
5913,2828,shannon56@example.org,1293,Drop,Moran PLC Cinemas,1,11.95,2026-07-23,CONFIRMED
5914,1554,elizabeth14@example.com,1395,Section half,"Cruz, Fowler and Haynes Cinemas",3,72.75,2026-06-13,CONFIRMED
5915,655,wellsadam@example.com,1874,Between up rich lead,"Miranda, Reese and Johnson Cinemas",4,71.68,2026-07-22,CANCELLED
5916,1627,rlewis@example.com,688,Off,"Castro, Garcia and Daniels Cinemas",1,20.74,2026-07-21,CONFIRMED
5917,120,bethany36@example.com,1195,Media worry grow,Whitehead-Hernandez Cinemas,1,12.52,2026-07-16,CONFIRMED
5918,4369,perezjonathan@example.net,1891,Voice themselves most,Harper-Johnson Cinemas,5,94.35,2026-07-23,CONFIRMED
5919,4091,wliu@example.net,1746,Suggest interest truth,Butler and Sons Cinemas,1,20.97,2026-07-23,CONFIRMED
5920,296,sjackson@example.org,905,It week yeah,Singleton-King Cinemas,5,84.4,2026-07-03,CONFIRMED
5921,3045,carpenterkristen@example.org,54,Choose son,Herman-Martin Cinemas,5,44.65,2026-07-03,CANCELLED
5922,1825,asmith@example.net,481,Usually industry,"Caldwell, Stevenson and Joseph Cinemas",4,62.96,2026-07-19,CONFIRMED
5923,1232,xvazquez@example.org,575,Run hold southern,Christian Ltd Cinemas,3,51.06,2026-07-01,CONFIRMED
5924,3248,roblesjeffrey@example.com,814,Most fund,"Chen, Faulkner and Casey Cinemas",4,86.28,2026-07-23,CONFIRMED
5925,3636,alewis@example.net,503,Already low able,Carroll-Morris Cinemas,2,28.16,2026-07-23,CANCELLED
5926,1724,jeffreyhansen@example.net,1781,Economy material,Moore-Bright Cinemas,2,35.14,2026-06-20,CONFIRMED
5927,745,billyjohns@example.net,563,Analysis serious,"Ramirez, Horne and Johnson Cinemas",4,60.24,2026-07-23,CANCELLED
5928,2698,kristin71@example.org,1186,Picture ok imagine,"Miller, Hansen and Salas Cinemas",5,105.6,2026-07-23,CONFIRMED
5929,4763,jennifer73@example.org,1480,Fact watch safe father,"James, Atkins and Alexander Cinemas",2,33.6,2026-07-23,CONFIRMED
5930,1280,ruizgary@example.net,174,Approach suggest save,Wilkerson-Davis Cinemas,1,24.8,2026-06-16,CONFIRMED
5931,1034,brookstaylor@example.org,502,Ground general today,"Miranda, Reese and Johnson Cinemas",3,28.74,2026-07-23,CONFIRMED
5932,38,elizabeth52@example.org,1039,Really kitchen,"Anderson, Velazquez and Stewart Cinemas",6,90.0,2026-07-23,CONFIRMED
5933,4555,houstonjohn@example.net,1775,Source south ask,Shields LLC Cinemas,5,81.15,2026-07-04,CONFIRMED
5934,1466,simonedward@example.net,1614,Arrive morning guy,Diaz and Sons Cinemas,5,53.3,2026-07-23,CONFIRMED
5935,2723,kathleengreene@example.com,1955,Occur give short,Thomas Group Cinemas,4,87.12,2026-07-20,CONFIRMED
5936,2188,cmejia@example.com,316,Friend,"Diaz, Hill and Becker Cinemas",2,41.62,2026-06-15,CONFIRMED
5937,1062,ashley45@example.net,1606,Democratic conference,Hernandez Inc Cinemas,5,67.15,2026-07-23,CONFIRMED
5938,4392,davisjohn@example.com,1451,Deep theory contain world,Parsons-Allen Cinemas,5,112.25,2026-07-23,CONFIRMED
5939,3387,opatterson@example.com,1918,Question through over,"Burns, Barker and Horton Cinemas",4,86.32,2026-07-23,CONFIRMED
5940,4521,allenamy@example.net,10,Include available,Gallagher-Diaz Cinemas,3,63.6,2026-06-28,CONFIRMED
5941,2699,rachel27@example.com,1499,Relate affect,Carter-Johnson Cinemas,5,59.05,2026-07-08,CONFIRMED
5942,3969,gonzalesmary@example.org,1951,New including product,"Yang, Willis and Walker Cinemas",1,18.27,2026-07-23,CONFIRMED
5943,3163,bairdmolly@example.com,701,This begin network,White-Reese Cinemas,2,19.14,2026-07-07,CONFIRMED
5944,4003,ishepherd@example.org,634,Line mother chance,Harris-Jensen Cinemas,1,12.71,2026-07-14,CANCELLED
5945,3737,alfredhowell@example.net,371,Throughout executive their,Morgan-Rodriguez Cinemas,2,21.54,2026-07-23,CONFIRMED
5946,1385,mooresteven@example.net,298,Sea professor might,"Young, Henry and Wright Cinemas",6,99.18,2026-07-18,CONFIRMED
5947,3003,stephanie86@example.net,1727,Image,Nguyen-Jenkins Cinemas,3,71.85,2026-07-23,CANCELLED
5948,3215,caseamy@example.net,1949,Degree moment recently,Brown and Sons Cinemas,6,112.98,2026-06-29,CONFIRMED
5949,690,robert07@example.com,1819,Scientist,Jacobs-Lopez Cinemas,6,137.94,2026-07-23,CONFIRMED
5950,4428,wblackwell@example.org,72,Central design affect,Rodriguez-Hernandez Cinemas,5,81.2,2026-07-23,CONFIRMED
5951,3375,diane90@example.org,1419,View rich brother,Harrington Group Cinemas,4,33.16,2026-07-23,CONFIRMED
5952,3130,benjaminwilliams@example.org,1749,Career talk,Bradley-Novak Cinemas,6,137.88,2026-07-23,CONFIRMED
5953,1957,phillip11@example.net,836,Open,"Chase, Prince and Wilcox Cinemas",5,96.6,2026-07-23,CONFIRMED
5954,4742,mark23@example.org,1960,Realize,Landry-Hill Cinemas,1,15.72,2026-07-15,CONFIRMED
5955,2129,caitlinwilliams@example.org,627,Guess really,Mitchell and Sons Cinemas,4,34.56,2026-07-23,CONFIRMED
5956,2459,hallmatthew@example.com,416,Network nor father,Clark Group Cinemas,1,11.56,2026-07-09,CONFIRMED
5957,3108,joemurphy@example.net,1578,Cost agent,Ward-Blake Cinemas,4,59.76,2026-07-09,CONFIRMED
5958,4708,amanda74@example.com,1076,Future effort,Santos-Wood Cinemas,1,15.44,2026-07-23,CONFIRMED
5959,4151,omoon@example.org,412,I prevent,Smith-Clayton Cinemas,3,31.77,2026-07-23,CONFIRMED
5960,1445,cassandramontgomery@example.com,1575,Character personal she list,Weaver-Thompson Cinemas,5,103.65,2026-07-23,CONFIRMED
5961,650,drobinson@example.org,723,Card,"Edwards, Baker and Anderson Cinemas",4,82.12,2026-07-23,CONFIRMED
5962,4579,beckaustin@example.com,1865,On public answer measure,Martin and Sons Cinemas,6,72.3,2026-06-19,CONFIRMED
5963,3904,jasonsosa@example.org,1966,Conference,"Marshall, Murray and Miller Cinemas",5,40.5,2026-07-23,CANCELLED
5964,3124,qadams@example.org,1756,Green baby,"Brown, James and Arroyo Cinemas",1,12.15,2026-07-18,CANCELLED
5965,2618,hsmith@example.net,1260,Might short player,Casey-Romero Cinemas,1,9.39,2026-07-21,CONFIRMED
5966,2268,andersoncharles@example.net,1745,Argue partner,Robinson Group Cinemas,4,37.36,2026-06-26,CONFIRMED
5967,303,parcher@example.org,544,Us consider baby,Davis-Montgomery Cinemas,2,16.92,2026-07-13,CONFIRMED
5968,4743,oconnellherbert@example.com,1984,Discover adult no,Williams Ltd Cinemas,2,29.68,2026-06-20,CONFIRMED
5969,4086,heathamber@example.org,1480,Fact watch safe father,"James, Atkins and Alexander Cinemas",6,100.8,2026-07-23,CONFIRMED
5970,3732,kjenkins@example.com,1700,Song to foreign,Buchanan LLC Cinemas,1,12.91,2026-07-23,CONFIRMED
5971,3796,dixonjoshua@example.net,329,Another standard one on,Greene-Shelton Cinemas,3,56.52,2026-06-18,CONFIRMED
5972,4407,grossamber@example.org,1950,Test word attack,"Porter, Patel and Jackson Cinemas",2,35.46,2026-07-15,CONFIRMED
5973,993,greenechristina@example.net,783,Impact every hard,Watson-Gray Cinemas,3,66.33,2026-06-23,CONFIRMED
5974,3071,melissa29@example.com,1944,Size meet region,"Payne, Escobar and Barrett Cinemas",2,39.7,2026-07-01,CONFIRMED
5975,3065,coxmaria@example.com,239,Site,"Brown, Armstrong and Johnson Cinemas",6,58.08,2026-07-23,CONFIRMED
5976,997,djohnson@example.net,789,Result discuss standard,Grant-Diaz Cinemas,6,89.76,2026-06-24,CONFIRMED
5977,888,waterskyle@example.org,1670,Artist stop,Bird-Trujillo Cinemas,5,78.2,2026-06-19,CONFIRMED
5978,3231,tranangela@example.net,578,Alone American,Matthews PLC Cinemas,2,38.54,2026-07-12,CONFIRMED
5979,2926,wrightcynthia@example.org,1920,Laugh most court,Welch-Hogan Cinemas,4,76.64,2026-06-27,CONFIRMED
5980,2379,dominique09@example.com,160,On,"Medina, Green and Rivera Cinemas",1,24.57,2026-07-23,CONFIRMED
5981,2643,smithcourtney@example.com,880,Head effect friend,Moore Group Cinemas,1,12.22,2026-07-23,CONFIRMED
5982,509,jasonwebb@example.net,951,How rest,"Larson, Daniels and James Cinemas",4,79.8,2026-07-15,CONFIRMED
5983,3422,hmoreno@example.net,1496,Information war letter,"Carroll, Choi and Collier Cinemas",6,73.8,2026-07-23,CONFIRMED
5984,1970,gjohnson@example.org,38,Officer skin quality,Landry-Hill Cinemas,6,55.86,2026-07-08,CONFIRMED
5985,2310,anthony55@example.net,307,Behavior cultural,Maldonado-Becker Cinemas,2,21.52,2026-07-23,CONFIRMED
5986,773,alyssaparsons@example.com,317,Music guess,"Larson, Daniels and James Cinemas",2,39.6,2026-07-23,CANCELLED
5987,2787,schroedercatherine@example.net,613,Member necessary agency,Reese Group Cinemas,2,20.94,2026-07-23,CONFIRMED
5988,3181,melissa83@example.com,803,Hair remember,"Wallace, Perkins and Johnson Cinemas",3,36.33,2026-06-22,CONFIRMED
5989,245,samuel83@example.com,726,Seem summer final production,White-Reese Cinemas,1,9.17,2026-07-21,CANCELLED
5990,3364,walltracy@example.org,1812,Leg,Wagner and Sons Cinemas,6,76.74,2026-07-23,CANCELLED
5991,2754,warnermichael@example.net,1700,Song to foreign,Buchanan LLC Cinemas,2,25.82,2026-07-23,CANCELLED
5992,1173,jstanton@example.org,1015,Article among,Landry-Hill Cinemas,1,18.88,2026-07-23,CONFIRMED
5993,147,rlutz@example.com,831,Page,"Jones, Sanchez and Thomas Cinemas",2,23.94,2026-07-20,CONFIRMED
5994,2225,ndiaz@example.net,1195,Media worry grow,Whitehead-Hernandez Cinemas,1,12.52,2026-07-23,CONFIRMED
5995,4741,michaelsellers@example.org,1518,Dark drive,"Newman, Carter and Brown Cinemas",4,59.72,2026-07-23,CONFIRMED
5996,1349,monicawood@example.org,841,Many four end,"Perez, Hoffman and Tucker Cinemas",4,63.24,2026-06-19,CANCELLED
5997,2116,melissacastro@example.net,960,Beat sign,Carlson-Cruz Cinemas,2,25.7,2026-06-26,CONFIRMED
5998,2299,johnmendez@example.com,702,Investment someone that,Walker-Jones Cinemas,2,27.24,2026-07-23,CANCELLED
5999,4384,whitneyjennifer@example.com,1620,Example evening campaign,"Carpenter, Morrow and Smith Cinemas",5,50.6,2026-07-21,CONFIRMED
6000,1675,yangjennifer@example.com,890,Run all support,"Henderson, Alexander and Galvan Cinemas",2,47.62,2026-07-23,CONFIRMED
6001,2500,padkins@example.org,754,Later,Johnson-Alvarez Cinemas,1,11.7,2026-07-23,CONFIRMED
6002,517,chaselisa@example.org,1324,Join threat most,"Bray, Nicholson and Walker Cinemas",4,87.04,2026-07-02,CANCELLED
6003,2735,jasmine85@example.com,422,Half,Reilly-Gibson Cinemas,2,21.34,2026-07-11,CONFIRMED
6004,2632,mejiatimothy@example.org,1307,Ball great,"Thomas, White and Jensen Cinemas",2,25.5,2026-07-23,CONFIRMED
6005,827,cruzcaitlin@example.com,326,Surface west,Lee-Weeks Cinemas,6,132.42,2026-07-06,CONFIRMED
6006,2833,cindy54@example.net,350,His same,Salazar-Brown Cinemas,4,66.56,2026-07-23,CONFIRMED
6007,1058,william67@example.com,48,Hospital attorney computer,"Patterson, Camacho and White Cinemas",6,147.42,2026-07-23,CANCELLED
6008,1708,ernestwright@example.net,534,Evidence clearly,Jones-Taylor Cinemas,5,76.65,2026-07-06,CANCELLED
6009,1501,maria53@example.net,1126,Goal beat,Smith-Gomez Cinemas,4,97.84,2026-07-18,CONFIRMED
6010,4707,xwilliams@example.com,1720,Player,Wagner-Hernandez Cinemas,5,124.3,2026-07-22,CANCELLED
6011,4958,carrollmegan@example.com,1267,Hit adult example,Whitney-Flores Cinemas,4,49.56,2026-07-23,CONFIRMED
6012,4088,dhiggins@example.org,1041,Star clearly,Joseph Inc Cinemas,3,66.72,2026-07-08,CONFIRMED
6013,424,sanchezbrad@example.com,55,Feel present,Ortiz Ltd Cinemas,3,42.9,2026-06-29,CANCELLED
6014,1986,elizabeth56@example.org,968,Election lawyer successful,Whitehead-Hernandez Cinemas,6,75.3,2026-06-26,CONFIRMED
6015,1827,igraham@example.org,1568,Enough best,"Marshall, Murray and Miller Cinemas",2,46.02,2026-07-23,CANCELLED
6016,5000,wuvalerie@example.com,1637,Truth explain,"Munoz, Krueger and Solomon Cinemas",1,20.87,2026-06-29,CONFIRMED
6017,675,vparks@example.org,254,Whose campaign help,Turner Inc Cinemas,3,37.53,2026-07-23,CONFIRMED
6018,4312,yramsey@example.org,1709,Office discussion,Hudson-Sparks Cinemas,4,58.56,2026-07-23,CANCELLED
6019,2215,angela87@example.org,1489,Letter tough site,Williams-Harmon Cinemas,3,37.2,2026-07-23,CONFIRMED
6020,101,mikemiles@example.net,1364,Put free,Wilson-Williams Cinemas,3,72.48,2026-07-23,CONFIRMED
6021,2131,jpadilla@example.net,919,Admit impact beat each,Roberts Group Cinemas,6,117.36,2026-06-16,CONFIRMED
6022,2890,youngsarah@example.com,348,Next leader finally,Moran PLC Cinemas,6,75.18,2026-07-12,CANCELLED
6023,4838,uthompson@example.com,1021,How even,"Bell, Peterson and Price Cinemas",6,75.48,2026-07-06,CANCELLED
6024,3141,hdoyle@example.com,181,Interest physical,Gonzalez-Mccarthy Cinemas,4,34.2,2026-07-23,CONFIRMED
6025,7,njohnson@example.net,82,Wife reflect nearly service,Hill-Guerra Cinemas,6,140.7,2026-06-28,CONFIRMED
6026,3353,melissamoore@example.org,215,Movement involve,"Jackson, Andersen and Bowen Cinemas",4,55.08,2026-06-25,CONFIRMED
6027,283,pdixon@example.org,1389,Think find,"Gonzalez, Santos and Gardner Cinemas",3,70.68,2026-07-23,CONFIRMED
6028,1676,alvin91@example.com,1359,Space type eye,Chang Ltd Cinemas,5,96.15,2026-07-23,CONFIRMED
6029,1495,rodriguezjohn@example.com,1541,Analysis live daughter,Fuller Ltd Cinemas,4,49.76,2026-06-26,CANCELLED
6030,4814,tiffanymoore@example.com,616,Thank purpose appear,Jackson-Cooper Cinemas,2,34.88,2026-07-23,CONFIRMED
6031,3656,clarkchad@example.com,602,Throw teacher,"Jordan, Swanson and Franklin Cinemas",5,92.0,2026-07-23,CONFIRMED
6032,2714,richardwilliams@example.net,860,Win in,Hunter-Estrada Cinemas,3,28.32,2026-07-23,CONFIRMED
6033,340,ucarlson@example.com,490,Want team,Evans Ltd Cinemas,1,12.22,2026-07-23,CONFIRMED
6034,1177,ryan42@example.com,376,Hard debate type,Reyes Inc Cinemas,4,32.76,2026-07-12,CONFIRMED
6035,604,foleyjennifer@example.org,1244,Push price should,Anderson-Silva Cinemas,3,25.38,2026-07-16,CONFIRMED
6036,3164,vtodd@example.net,90,Research once medical,"Kennedy, Cohen and Pennington Cinemas",5,92.6,2026-07-23,CANCELLED
6037,2140,usawyer@example.net,356,Nor rule,"Cain, Contreras and Jackson Cinemas",3,53.16,2026-07-02,CONFIRMED
6038,2585,adam03@example.com,1355,Table mission forward,"Howard, Townsend and Hayes Cinemas",5,97.3,2026-07-23,CONFIRMED
6039,4453,kristinlucas@example.net,811,Reflect air ask,Jones-Barnes Cinemas,5,85.15,2026-07-23,CONFIRMED
6040,2182,ifreeman@example.net,667,Power list our,Flores Ltd Cinemas,2,40.72,2026-07-23,CONFIRMED
6041,594,fflowers@example.com,1724,When news my,"Jones, Abbott and Pope Cinemas",5,96.5,2026-06-25,CONFIRMED
6042,2304,roger90@example.com,869,Though meeting,Robinson-Johnson Cinemas,2,37.46,2026-07-11,CONFIRMED
6043,363,barbarawelch@example.com,900,Usually onto adult mean,Clark-Rivera Cinemas,6,130.8,2026-07-04,CONFIRMED
6044,3410,cphelps@example.net,1059,Service spring,Morrison-Simmons Cinemas,1,16.62,2026-07-23,CONFIRMED
6045,545,bsloan@example.net,202,Miss international become,Hoffman PLC Cinemas,6,62.46,2026-07-23,CONFIRMED
6046,1176,johngarrison@example.org,580,Cell true,"Black, Collins and Powell Cinemas",5,64.35,2026-07-10,CONFIRMED
6047,932,stephenwright@example.org,194,Of him draw,"Herrera, Jensen and Ramirez Cinemas",3,44.49,2026-07-23,CANCELLED
6048,384,elizabeth39@example.net,1157,Within,Martinez and Sons Cinemas,2,23.34,2026-07-17,CONFIRMED
6049,41,stevensmichael@example.org,1155,Machine seven candidate,Jones-Contreras Cinemas,6,59.22,2026-06-18,CONFIRMED
6050,1121,chad76@example.com,969,Loss dark act,"Vasquez, Sanchez and Green Cinemas",3,56.31,2026-07-16,CONFIRMED
6051,1609,mary19@example.org,1732,Difference research,Soto and Sons Cinemas,1,10.33,2026-07-23,CANCELLED
6052,1792,gschultz@example.com,420,Picture popular,"Taylor, Morales and Fuller Cinemas",2,35.32,2026-07-23,CONFIRMED
6053,934,wsmith@example.com,590,Will close crime,"Baker, May and Hughes Cinemas",5,98.1,2026-06-20,CONFIRMED
6054,2141,dunntiffany@example.com,1642,Read shoulder,"Henson, Jones and Sanders Cinemas",3,25.08,2026-07-23,CANCELLED
6055,142,dvega@example.org,139,Name also,Shaffer-Yates Cinemas,5,40.9,2026-07-23,CANCELLED
6056,4079,munozerik@example.org,1027,Significant impact,Haynes-Moss Cinemas,1,20.7,2026-07-23,CONFIRMED
6057,3943,perrylisa@example.net,1140,Bad opportunity week,Buchanan LLC Cinemas,3,30.51,2026-06-26,CONFIRMED
6058,1934,travis56@example.net,1877,Officer same,Jones-Contreras Cinemas,3,56.31,2026-06-25,CONFIRMED
6059,1398,jonathanjones@example.com,35,Its hour treatment themselves,"Cook, Jones and Jones Cinemas",1,24.84,2026-07-13,CONFIRMED
6060,55,sandraheath@example.net,551,Measure above she east,Nunez LLC Cinemas,4,42.76,2026-06-22,CONFIRMED
6061,4999,tiffany48@example.net,1399,Agreement every,"Martin, Jordan and Edwards Cinemas",2,31.06,2026-06-15,CONFIRMED
6062,3456,melissastephens@example.org,1599,Seven notice,"Herrera, Jensen and Ramirez Cinemas",1,9.97,2026-07-23,CONFIRMED
6063,3630,gregory04@example.com,69,Able quickly,"Patterson, Mosley and Michael Cinemas",5,59.0,2026-07-14,CONFIRMED
6064,2972,michaelramirez@example.net,1489,Letter tough site,Williams-Harmon Cinemas,3,37.2,2026-07-23,CONFIRMED
6065,1947,kevinhall@example.net,1834,North structure,Harrell-Hebert Cinemas,3,52.98,2026-06-30,CONFIRMED
6066,2963,martinezrobert@example.net,74,Home magazine,Brown-Ross Cinemas,5,108.9,2026-07-23,CONFIRMED
6067,1349,monicawood@example.org,1224,Else coach,Ochoa-Adams Cinemas,1,11.92,2026-06-17,CONFIRMED
6068,932,stephenwright@example.org,1156,Sound itself,Bell PLC Cinemas,6,67.74,2026-07-18,CONFIRMED
6069,4744,cannonvictoria@example.net,1956,Decade there,"Evans, David and Hendrix Cinemas",2,41.98,2026-07-23,CONFIRMED
6070,3738,james87@example.org,6,Heavy board,Davenport-Reynolds Cinemas,6,59.52,2026-06-29,CONFIRMED
6071,3722,noahpierce@example.com,1657,Town direction,"Walton, Anderson and Cook Cinemas",1,20.03,2026-07-23,CANCELLED
6072,3949,olsenvalerie@example.net,35,Its hour treatment themselves,"Cook, Jones and Jones Cinemas",1,24.84,2026-07-15,CONFIRMED
6073,1678,melissa54@example.com,467,Fight wall why,Wright-Davis Cinemas,3,55.5,2026-07-23,CONFIRMED
6074,3625,josephward@example.com,1891,Voice themselves most,Harper-Johnson Cinemas,3,56.61,2026-07-23,CONFIRMED
6075,3616,elizabeth41@example.net,141,Offer and,"Hall, Jackson and Johnson Cinemas",1,20.93,2026-07-07,CONFIRMED
6076,3392,pharris@example.org,312,Writer probably,Simon and Sons Cinemas,5,61.1,2026-07-23,CANCELLED
6077,4372,davistiffany@example.org,331,Job prepare either suffer,Joseph Inc Cinemas,1,22.22,2026-06-19,CONFIRMED
6078,4473,lburnett@example.net,438,Paper fight,Bush-Ayala Cinemas,6,95.28,2026-06-22,CONFIRMED
6079,493,kimberly66@example.com,825,Minute plan,Wright-Davis Cinemas,6,108.42,2026-06-22,CONFIRMED
6080,253,fernandezmathew@example.com,189,Lot public,"Medina, Green and Rivera Cinemas",4,78.76,2026-07-23,CONFIRMED
6081,1876,vanessamartinez@example.net,1862,Six writer great able,"Barnes, Preston and Schultz Cinemas",1,20.78,2026-07-23,CANCELLED
6082,1011,derek94@example.com,1162,Amount hour level,Adams PLC Cinemas,2,41.1,2026-07-23,CONFIRMED
6083,393,ppatel@example.com,419,Reveal service ability,Zuniga Group Cinemas,5,56.4,2026-07-08,CANCELLED
6084,4812,stephanie59@example.com,1688,Notice throughout need,Fernandez Inc Cinemas,2,45.4,2026-06-25,CONFIRMED
6085,119,hernandezmatthew@example.com,1120,Senior suggest light four,"Santiago, Smith and Cannon Cinemas",6,88.68,2026-07-06,CANCELLED
6086,1447,wquinn@example.net,380,Research general medical,"Vasquez, Sanchez and Green Cinemas",3,55.32,2026-07-23,CONFIRMED
6087,347,simpsonalyssa@example.com,190,Choose power customer,Burns-Nguyen Cinemas,6,115.38,2026-07-22,CANCELLED
6088,4671,stevenking@example.org,1376,Budget interview,"Bauer, Frazier and Sellers Cinemas",2,40.2,2026-06-20,CONFIRMED
6089,851,nicole01@example.org,608,Watch real,Dickson-Park Cinemas,1,8.17,2026-07-23,CONFIRMED
6090,3741,arthur70@example.com,1184,Need door draw,"Henson, Jones and Sanders Cinemas",5,55.0,2026-07-07,CONFIRMED
6091,4860,tcruz@example.com,1657,Town direction,"Walton, Anderson and Cook Cinemas",5,100.15,2026-07-23,CONFIRMED
6092,984,gregorybrock@example.org,150,Agree type,Martinez Ltd Cinemas,5,42.35,2026-07-23,CONFIRMED
6093,3682,williamsdavid@example.org,340,Summer wish,"Howard, Brennan and Moore Cinemas",5,80.55,2026-07-23,CONFIRMED
6094,2385,vreilly@example.net,498,Specific single already accept,"French, Phelps and Berry Cinemas",3,64.53,2026-07-23,CANCELLED
6095,1402,angelaespinoza@example.org,394,Pattern enter fact,Hoffman PLC Cinemas,2,35.72,2026-07-10,CONFIRMED
6096,3992,qwashington@example.com,651,Coach buy owner,"Perry, May and Liu Cinemas",5,90.2,2026-06-12,CONFIRMED
6097,3996,stephen52@example.com,1854,Market break different,"Marshall, Murray and Miller Cinemas",2,41.96,2026-07-23,CONFIRMED
6098,453,gblair@example.com,1350,Along rule,Carney Group Cinemas,4,52.2,2026-06-30,CONFIRMED
6099,1791,scott40@example.com,398,Well down produce bag,Vega-Lawrence Cinemas,3,71.91,2026-06-28,CONFIRMED
6100,4127,victoria46@example.net,624,According,Ochoa-Adams Cinemas,1,10.63,2026-07-23,CONFIRMED
6101,434,gclark@example.org,1892,Future,"Patterson, Camacho and White Cinemas",1,10.98,2026-07-23,CONFIRMED
6102,778,jvega@example.com,169,None head,Reese Group Cinemas,2,27.6,2026-07-14,CONFIRMED
6103,159,amanda86@example.org,1338,About book partner,"Levy, Franco and Hoffman Cinemas",2,26.96,2026-06-20,CONFIRMED
6104,3152,twagner@example.com,493,Father wife,Smith-Gomez Cinemas,6,121.56,2026-06-30,CONFIRMED
6105,3961,williamskelly@example.org,714,Like moment,Scott-Miller Cinemas,6,142.32,2026-07-08,CONFIRMED
6106,2231,mirandaclarke@example.com,1409,Where,"Nichols, Glover and Knox Cinemas",4,84.44,2026-07-09,CANCELLED
6107,526,eadams@example.org,1458,Sure voice on,Gibson-Thomas Cinemas,6,107.1,2026-07-18,CONFIRMED
6108,3263,donald07@example.net,890,Run all support,"Henderson, Alexander and Galvan Cinemas",3,71.43,2026-07-23,CONFIRMED
6109,3214,maria79@example.org,1565,Site yeah,"Baker, May and Hughes Cinemas",2,40.6,2026-07-21,CONFIRMED
6110,1152,shawn29@example.net,1825,Owner office,"Miranda, Wheeler and Avila Cinemas",6,56.22,2026-06-30,CONFIRMED
6111,3348,rsanchez@example.net,1412,Character lay where bill,Mcdonald-Taylor Cinemas,1,23.12,2026-07-23,CONFIRMED
6112,162,agalvan@example.com,1865,On public answer measure,Martin and Sons Cinemas,3,36.15,2026-06-30,CONFIRMED
6113,753,christopherbrown@example.org,1978,College together size mother,"Burns, Barker and Horton Cinemas",1,23.57,2026-07-02,CONFIRMED
6114,2658,william30@example.org,1090,Appear close goal,Hansen-Schneider Cinemas,4,94.04,2026-07-17,CONFIRMED
6115,1359,rachel22@example.org,1754,Hit trouble,Rodriguez Group Cinemas,6,83.46,2026-07-23,CONFIRMED
6116,299,znolan@example.net,1543,Project real out his,Barnett PLC Cinemas,6,79.38,2026-07-23,CONFIRMED
6117,839,isabella81@example.net,1447,Describe apply up,Fleming Ltd Cinemas,1,9.68,2026-07-21,CONFIRMED
6118,4355,fjensen@example.net,1560,Wife cost language,"Greene, Rogers and Haley Cinemas",3,45.81,2026-07-23,CONFIRMED
6119,304,jonesterri@example.com,1048,Describe also sea,"Lloyd, Walker and Brock Cinemas",6,80.28,2026-07-23,CANCELLED
6120,4146,craig99@example.com,1226,Sign build,James Ltd Cinemas,4,61.28,2026-07-23,CONFIRMED
6121,4500,parkschristopher@example.org,189,Lot public,"Medina, Green and Rivera Cinemas",2,39.38,2026-07-23,CANCELLED
6122,168,natalie54@example.org,92,Mr same between,Wallace-Berry Cinemas,5,95.8,2026-07-23,CONFIRMED
6123,761,jesse81@example.org,769,Social wall over,French Inc Cinemas,3,27.99,2026-07-07,CONFIRMED
6124,728,dianaramirez@example.net,795,President economy,Horne Inc Cinemas,2,17.2,2026-07-23,CONFIRMED
6125,3128,boonewilliam@example.com,367,Bar eight,Williams-Smith Cinemas,3,52.53,2026-07-07,CONFIRMED
6126,2448,stevenbarnett@example.com,1262,Production open,Johnson Inc Cinemas,2,19.08,2026-06-25,CONFIRMED
6127,791,timothyrodriguez@example.org,1163,Picture easy trip,Rodriguez-Hernandez Cinemas,6,99.96,2026-07-23,CONFIRMED
6128,316,sheilabarnes@example.org,337,Oil south different,"Ray, Cunningham and Levine Cinemas",1,16.91,2026-07-09,CONFIRMED
6129,507,omahoney@example.org,1947,Author something,Peterson PLC Cinemas,3,24.45,2026-07-23,CONFIRMED
6130,4137,jamesandrade@example.org,1978,College together size mother,"Burns, Barker and Horton Cinemas",4,94.28,2026-07-05,CONFIRMED
6131,3105,joanwright@example.org,1964,Participant better world,"Mooney, Conley and Fox Cinemas",1,17.58,2026-06-27,CONFIRMED
6132,2434,brownlauren@example.org,1534,Despite audience,Shaw-Barnes Cinemas,6,94.26,2026-07-23,CONFIRMED
6133,3612,tammy78@example.net,1438,Whom suffer economy,Riley PLC Cinemas,5,41.95,2026-07-23,CONFIRMED
6134,1342,ashleymedina@example.net,101,Unit law,Morgan-Ortega Cinemas,6,123.6,2026-06-22,CONFIRMED
6135,1345,dakota83@example.net,338,Later floor,Wyatt Ltd Cinemas,2,28.9,2026-07-20,CONFIRMED
6136,615,kennethboyd@example.com,679,Last might sometimes,Clarke-Ramirez Cinemas,2,23.9,2026-07-07,CONFIRMED
6137,2882,kimberlystevens@example.net,1412,Character lay where bill,Mcdonald-Taylor Cinemas,1,23.12,2026-07-23,CONFIRMED
6138,2672,michelleburton@example.com,552,Participant compare,"Garrison, Ryan and Miller Cinemas",6,69.96,2026-06-16,CONFIRMED
6139,3935,jolson@example.org,862,Write maintain,Hamilton LLC Cinemas,2,22.94,2026-07-10,CONFIRMED
6140,660,nicholasjohnson@example.net,1508,Wonder peace ability,Villa Group Cinemas,6,138.24,2026-07-17,CONFIRMED
6141,4255,patricia62@example.org,189,Lot public,"Medina, Green and Rivera Cinemas",3,59.07,2026-07-23,CONFIRMED
6142,3367,brandon30@example.com,1739,Pick,"Larsen, Hernandez and Ward Cinemas",6,52.38,2026-07-23,CONFIRMED
6143,4639,lisa36@example.org,1713,Method finish,Butler and Sons Cinemas,6,117.78,2026-07-07,CANCELLED
6144,1209,hmoses@example.org,690,Produce end heavy,"Castro, Garcia and Daniels Cinemas",2,33.38,2026-07-12,CONFIRMED
6145,3042,vanessamoore@example.org,1902,Do name environmental,Blevins-Ballard Cinemas,5,48.05,2026-07-23,CONFIRMED
6146,218,sarah17@example.com,1556,Question notice require,Pena-Bass Cinemas,2,45.96,2026-07-23,CANCELLED
6147,393,ppatel@example.com,58,Particular book,Villa Group Cinemas,1,21.28,2026-07-11,CONFIRMED
6148,1524,ericwheeler@example.org,1630,Where itself exactly,Lee PLC Cinemas,5,85.15,2026-06-26,CONFIRMED
6149,1606,vsandoval@example.com,145,Six see rate customer,"Schaefer, Barry and Espinoza Cinemas",1,10.2,2026-07-16,CONFIRMED
6150,4587,sarah61@example.net,686,Decide star,Soto-Lopez Cinemas,3,38.82,2026-07-02,CONFIRMED
6151,1810,howard63@example.net,1334,Ever tonight interesting,"Weiss, Cole and Preston Cinemas",6,57.3,2026-07-11,CONFIRMED
6152,234,meganblackwell@example.org,1121,Central short so,"Gibson, Zimmerman and Warren Cinemas",3,73.68,2026-07-03,CONFIRMED
6153,2794,efrench@example.org,1756,Green baby,"Brown, James and Arroyo Cinemas",3,36.45,2026-07-21,CONFIRMED
6154,4845,icraig@example.com,1205,Daughter black situation,"Hunter, Taylor and York Cinemas",1,10.86,2026-07-23,CONFIRMED
6155,834,gomezjerry@example.com,1764,Car education,"Webb, Thompson and Moore Cinemas",4,50.4,2026-07-23,CONFIRMED
6156,398,sheliacohen@example.net,445,Country news,Bailey-Montoya Cinemas,5,82.05,2026-07-23,CONFIRMED
6157,2745,emily05@example.com,1409,Where,"Nichols, Glover and Knox Cinemas",1,21.11,2026-07-09,CONFIRMED
6158,688,katherinemccarty@example.com,1639,Hand always,Holloway and Sons Cinemas,5,95.25,2026-07-09,CONFIRMED
6159,1324,dmiller@example.org,478,Speech,Vargas-Jensen Cinemas,3,49.02,2026-07-18,CANCELLED
6160,2040,mcdonaldrachael@example.org,938,Sing successful thus sometimes,Hall Ltd Cinemas,5,49.1,2026-07-23,CONFIRMED
6161,1804,brandonmcdonald@example.com,185,Local school people present,"Davis, Richardson and Gonzalez Cinemas",2,22.24,2026-07-23,CONFIRMED
6162,1005,andersontodd@example.net,1492,Ball parent,"Arnold, Thomas and Moss Cinemas",6,142.08,2026-06-19,CANCELLED
6163,4155,seanthompson@example.net,1420,Safe join,Jimenez Ltd Cinemas,5,56.0,2026-07-23,CONFIRMED
6164,4997,guzmancarl@example.com,1448,Pm her yes,"Ellis, Ortega and Andrade Cinemas",5,116.6,2026-07-23,CANCELLED
6165,149,alexisgibbs@example.com,1274,Service know,Berger Ltd Cinemas,4,69.2,2026-07-23,CONFIRMED
6166,3543,jacob92@example.com,946,Time traditional,"Taylor, Morales and Fuller Cinemas",6,139.56,2026-07-23,CONFIRMED
6167,2479,manningkristin@example.net,1010,Front light four,"Bennett, Williams and Klein Cinemas",2,48.46,2026-07-04,CONFIRMED
6168,1425,qschwartz@example.com,1229,Wife article technology child,"Mckee, Gardner and Davenport Cinemas",4,43.76,2026-07-14,CONFIRMED
6169,3194,vnorton@example.net,1228,Friend west anyone,Jones Inc Cinemas,5,84.05,2026-07-23,CANCELLED
6170,4956,nicholaswells@example.org,959,Himself interest kind,Fernandez Inc Cinemas,6,76.44,2026-07-23,CONFIRMED
6171,3954,wendy05@example.com,566,Blue soon boy,Price-Lee Cinemas,4,55.68,2026-06-26,CONFIRMED
6172,447,john02@example.com,1907,Book idea,Quinn-Wilson Cinemas,1,14.71,2026-06-29,CONFIRMED
6173,591,ronaldhodges@example.org,1056,Environmental couple,Buchanan LLC Cinemas,2,34.06,2026-07-10,CONFIRMED
6174,3386,moorekatherine@example.net,1454,Perhaps across specific,"Medina, Miller and Yates Cinemas",2,16.9,2026-07-23,CONFIRMED
6175,434,gclark@example.org,1600,Wall ball,"Wilson, Trujillo and Moody Cinemas",3,61.11,2026-07-23,CANCELLED
6176,3217,sporter@example.com,1413,Either finish system,Newton PLC Cinemas,2,32.42,2026-06-20,CONFIRMED
6177,3359,mckinneyclifford@example.org,1080,Record subject month,Martinez-Allen Cinemas,1,10.5,2026-06-20,CONFIRMED
6178,3099,yrobinson@example.org,243,Job prepare either suffer,Johnson Ltd Cinemas,6,69.0,2026-07-11,CONFIRMED
6179,4010,maxgarcia@example.net,1762,Until we eat,Newton PLC Cinemas,6,97.26,2026-07-07,CANCELLED
6180,441,robert52@example.com,575,Run hold southern,Christian Ltd Cinemas,5,85.1,2026-07-13,CONFIRMED
6181,4597,gibbsbryan@example.com,1183,Because show without,"Larsen, Hernandez and Ward Cinemas",6,72.72,2026-07-04,CONFIRMED
6182,318,reyesjackie@example.org,945,Sometimes eye quickly,Benson Inc Cinemas,5,87.85,2026-07-02,CONFIRMED
6183,442,jamesanderson@example.org,1281,Throw discover recognize,Medina LLC Cinemas,4,67.68,2026-07-15,CONFIRMED
6184,1332,santiagoterri@example.com,1560,Wife cost language,"Greene, Rogers and Haley Cinemas",3,45.81,2026-07-23,CONFIRMED
6185,2068,tammy98@example.org,1412,Character lay where bill,Mcdonald-Taylor Cinemas,2,46.24,2026-07-23,CONFIRMED
6186,1140,dawnwarren@example.net,1704,Contain mission career,"Miller, Hansen and Salas Cinemas",4,84.96,2026-07-23,CONFIRMED
6187,4581,jared06@example.com,1898,Trouble leave truth,"Velez, Howell and Stevenson Cinemas",6,87.0,2026-07-11,CANCELLED
6188,1785,zparker@example.net,985,Dark lot sister,Lynn Group Cinemas,3,49.89,2026-07-23,CANCELLED
6189,1561,aaronramirez@example.org,1709,Office discussion,Hudson-Sparks Cinemas,2,29.28,2026-07-23,CONFIRMED
6190,854,bakermariah@example.com,601,Series contain,"Hendricks, Zuniga and Miller Cinemas",6,137.46,2026-06-14,CONFIRMED
6191,2079,gutierrezsteven@example.com,606,International live whole,"Blevins, Delgado and Bennett Cinemas",4,53.92,2026-07-20,CANCELLED
6192,273,jonespaul@example.com,1894,Area base,"Cruz, Fowler and Haynes Cinemas",6,82.74,2026-07-08,CANCELLED
6193,2028,stephenstanley@example.com,38,Officer skin quality,Landry-Hill Cinemas,5,46.55,2026-07-02,CONFIRMED
6194,2499,melissa18@example.org,1275,Movement car as responsibility,Bradley-Novak Cinemas,5,61.15,2026-07-11,CONFIRMED
6195,899,melanie49@example.org,285,Bank though,"Roberts, Stanton and Smith Cinemas",6,116.16,2026-07-23,CONFIRMED
6196,1742,jessica95@example.net,973,Our purpose,"Medina, Lee and Freeman Cinemas",3,74.43,2026-06-27,CONFIRMED
6197,4138,kennethporter@example.net,1868,Politics line keep,"Davis, Wood and Paul Cinemas",5,105.6,2026-07-23,CONFIRMED
6198,1399,luisgolden@example.com,73,Why citizen,Obrien and Sons Cinemas,6,131.94,2026-07-23,CONFIRMED
6199,3014,hector95@example.net,1591,Place,"Freeman, Cox and Mitchell Cinemas",5,53.25,2026-07-23,CONFIRMED
6200,3520,nielsenapril@example.net,336,Officer size why free,"Castro, Irwin and Rodriguez Cinemas",4,61.4,2026-07-23,CONFIRMED
6201,3940,julia09@example.org,1688,Notice throughout need,Fernandez Inc Cinemas,5,113.5,2026-07-08,CANCELLED
6202,4921,jamescrawford@example.net,568,Big while capital,Holden LLC Cinemas,4,48.28,2026-07-18,CANCELLED
6203,62,beasleykimberly@example.org,1529,Stock,Carroll-Snyder Cinemas,6,113.28,2026-07-21,CONFIRMED
6204,1535,williamskaren@example.org,1588,Work,"Schwartz, Estrada and Hernandez Cinemas",3,35.7,2026-07-23,CONFIRMED
6205,320,kevin07@example.com,605,Price writer spring question,Mckinney-Butler Cinemas,4,76.28,2026-07-23,CONFIRMED
6206,2335,ramosedward@example.com,248,Federal throw,Hall-Washington Cinemas,1,17.66,2026-07-23,CONFIRMED
6207,3076,brookeherrera@example.net,1923,Small million,"Nguyen, Ellis and Wright Cinemas",1,9.83,2026-07-09,CONFIRMED
6208,3645,mcontreras@example.org,593,Pay company,Bean-Evans Cinemas,4,97.2,2026-07-23,CONFIRMED
6209,2461,kphillips@example.net,798,Lay same,Owens-Lang Cinemas,4,37.2,2026-07-23,CONFIRMED
6210,3852,robert73@example.net,1501,Else traditional,"Stevens, Norris and Smith Cinemas",2,42.26,2026-07-23,CONFIRMED
6211,3166,christopher69@example.net,1985,Bank,Thomas-Stevens Cinemas,6,137.04,2026-06-24,CONFIRMED
6212,4298,judith43@example.net,1358,World candidate,Wood-Watson Cinemas,1,12.58,2026-06-28,CONFIRMED
6213,4357,brandon98@example.org,1265,Trouble personal,Marshall Group Cinemas,5,87.7,2026-07-23,CONFIRMED
6214,3558,antonio26@example.org,1156,Sound itself,Bell PLC Cinemas,2,22.58,2026-07-15,CONFIRMED
6215,840,turneramy@example.com,777,Yet interview,Cervantes PLC Cinemas,5,42.8,2026-07-23,CONFIRMED
6216,3556,patrick78@example.org,264,Along surface,"Cain, Contreras and Jackson Cinemas",2,47.18,2026-07-23,CONFIRMED
6217,1669,madison11@example.net,1442,Over charge,White-Jackson Cinemas,2,33.52,2026-07-23,CANCELLED
6218,3694,erica50@example.com,349,Rock blue,Chen Ltd Cinemas,5,79.2,2026-07-23,CONFIRMED
6219,1976,guerreropatrick@example.com,890,Run all support,"Henderson, Alexander and Galvan Cinemas",4,95.24,2026-07-23,CONFIRMED
6220,2078,blawson@example.net,1871,Market loss parent,Rodriguez Group Cinemas,4,58.68,2026-07-23,CONFIRMED
6221,4404,krogers@example.org,1389,Think find,"Gonzalez, Santos and Gardner Cinemas",4,94.24,2026-07-23,CONFIRMED
6222,4032,phillipsscott@example.net,421,Executive,"Harrington, Johnson and Jones Cinemas",4,98.96,2026-06-15,CONFIRMED
6223,199,sarah31@example.net,1793,Reality commercial kind,"Barnes, Ellis and Gonzales Cinemas",1,12.7,2026-06-21,CONFIRMED
6224,2225,ndiaz@example.net,1293,Drop,Moran PLC Cinemas,6,71.7,2026-07-23,CONFIRMED
6225,1167,andrewsdebbie@example.com,482,Make include,"Navarro, Marsh and Hurst Cinemas",5,108.5,2026-07-23,CONFIRMED
6226,780,wholt@example.net,1841,Month matter policy,Anderson Inc Cinemas,1,19.04,2026-07-23,CONFIRMED
6227,2100,kgarcia@example.com,543,Present contain gas,Hill and Sons Cinemas,1,24.47,2026-07-23,CONFIRMED
6228,68,jensenrebecca@example.com,1684,Level speak,"Underwood, Bartlett and Russell Cinemas",2,25.38,2026-07-23,CONFIRMED
6229,2945,schwartzdonna@example.org,1183,Because show without,"Larsen, Hernandez and Ward Cinemas",2,24.24,2026-07-07,CONFIRMED
6230,463,gibsonbrandon@example.com,1876,Majority how social address,Meyers-Owens Cinemas,5,121.25,2026-07-15,CONFIRMED
6231,2281,sduffy@example.net,974,Chance company,"Wallace, Perkins and Johnson Cinemas",1,21.58,2026-07-09,CONFIRMED
6232,3913,jeremy09@example.com,181,Interest physical,Gonzalez-Mccarthy Cinemas,1,8.55,2026-07-23,CANCELLED
6233,771,wardlinda@example.net,1262,Production open,Johnson Inc Cinemas,5,47.7,2026-06-16,CONFIRMED
6234,1413,evanholloway@example.com,731,Water born,Anderson-Kirk Cinemas,2,41.32,2026-07-23,CONFIRMED
6235,3803,lgoodwin@example.net,464,Quickly them simply project,Moran PLC Cinemas,3,26.19,2026-07-23,CONFIRMED
6236,291,jeremiahwalton@example.org,1230,Play resource by,"Lewis, Jordan and Young Cinemas",6,57.42,2026-06-21,CONFIRMED
6237,1752,marymiller@example.net,1775,Source south ask,Shields LLC Cinemas,2,32.46,2026-07-05,CONFIRMED
6238,397,awong@example.com,800,All total,"Green, Cooper and Heath Cinemas",2,22.74,2026-06-25,CONFIRMED
6239,3014,hector95@example.net,810,Career miss,Shields LLC Cinemas,5,40.9,2026-07-23,CONFIRMED
6240,335,jennifer53@example.com,1386,Purpose according we,Richardson Ltd Cinemas,5,70.25,2026-07-23,CONFIRMED
6241,2500,padkins@example.org,651,Coach buy owner,"Perry, May and Liu Cinemas",4,72.16,2026-06-18,CONFIRMED
6242,1563,juliethomas@example.net,1627,Mouth himself,"Evans, David and Hendrix Cinemas",2,22.46,2026-07-23,CONFIRMED
6243,2897,jandrade@example.org,538,About decision,"Martin, Jordan and Edwards Cinemas",2,35.44,2026-07-23,CONFIRMED
6244,3040,elizabethfry@example.org,608,Watch real,Dickson-Park Cinemas,3,24.51,2026-07-23,CONFIRMED
6245,3762,davidwoods@example.com,1620,Example evening campaign,"Carpenter, Morrow and Smith Cinemas",6,60.72,2026-07-23,CONFIRMED
6246,4479,delacruzmelanie@example.net,674,Necessary push,"Elliott, Villarreal and Sosa Cinemas",6,92.16,2026-07-23,CONFIRMED
6247,3345,henrybailey@example.net,1545,Without think,Smith-Wilson Cinemas,1,21.92,2026-07-06,CONFIRMED
6248,2679,danielle53@example.net,1125,Similar million have,Diaz and Sons Cinemas,3,47.94,2026-07-13,CONFIRMED
6249,209,kelsey70@example.net,315,Car police,Bush-Ayala Cinemas,6,144.06,2026-06-16,CONFIRMED
6250,4448,gsmith@example.com,227,People tax amount author,Ortega Group Cinemas,2,29.4,2026-07-23,CONFIRMED
6251,4922,duane50@example.com,1058,Building treatment ready,Nelson-Knight Cinemas,5,120.75,2026-07-16,CONFIRMED
6252,775,martintownsend@example.com,452,Crime mother,Elliott-Holland Cinemas,2,43.18,2026-07-23,CONFIRMED
6253,2995,kruegertammie@example.com,1123,Miss stay,Garner LLC Cinemas,1,20.0,2026-07-20,CONFIRMED
6254,3679,dharrison@example.com,945,Sometimes eye quickly,Benson Inc Cinemas,2,35.14,2026-07-07,CONFIRMED
6255,2629,msimpson@example.net,305,Majority deep,"Marquez, Martinez and Bailey Cinemas",3,24.72,2026-07-23,CANCELLED
6256,4057,monroegary@example.com,1240,Type plan,Avila LLC Cinemas,5,64.9,2026-07-12,CONFIRMED
6257,3642,kshelton@example.org,341,Movie man itself,Adams PLC Cinemas,5,56.2,2026-06-26,CONFIRMED
6258,4341,yhunt@example.com,1209,While court,"Moore, Alexander and Reed Cinemas",2,32.52,2026-07-21,CONFIRMED
6259,745,billyjohns@example.net,692,Manage myself lose,Mcclain Inc Cinemas,3,67.29,2026-07-23,CANCELLED
6260,622,laura09@example.com,1367,Career break,"Braun, Mays and Martinez Cinemas",4,39.96,2026-06-27,CONFIRMED
6261,4126,nathan68@example.org,1775,Source south ask,Shields LLC Cinemas,5,81.15,2026-06-29,CONFIRMED
6262,1322,adrian20@example.com,1158,New attack,James Ltd Cinemas,2,24.26,2026-07-23,CONFIRMED
6263,2631,younglinda@example.com,1961,Direction material,"Jordan, Swanson and Franklin Cinemas",4,80.0,2026-07-23,CONFIRMED
6264,4162,bellmichelle@example.com,412,I prevent,Smith-Clayton Cinemas,1,10.59,2026-07-23,CONFIRMED
6265,2749,spowers@example.net,1692,Forward become,Roberts-Mccarty Cinemas,6,65.04,2026-06-22,CONFIRMED
6266,3235,brookshannah@example.com,935,Claim opportunity ability,Ho-Mendez Cinemas,1,19.01,2026-07-19,CONFIRMED
6267,4616,nicholsheather@example.net,1581,Next coach front expect,Wood-Williams Cinemas,2,38.0,2026-07-23,CONFIRMED
6268,1118,nicoleperez@example.net,723,Card,"Edwards, Baker and Anderson Cinemas",1,20.53,2026-07-23,CONFIRMED
6269,1801,xcooke@example.net,426,Actually look total,Romero PLC Cinemas,3,61.2,2026-07-23,CONFIRMED
6270,4828,gwendolyndennis@example.com,1383,Where leader its,Sharp Ltd Cinemas,1,19.32,2026-07-23,CONFIRMED
6271,1659,andrewdelacruz@example.com,682,Set southern,Wilson-Pierce Cinemas,5,89.2,2026-06-17,CONFIRMED
6272,922,megan50@example.net,115,Service hope value,"Larsen, Hernandez and Ward Cinemas",4,74.24,2026-07-23,CONFIRMED
6273,140,brianmcdaniel@example.com,1365,Along particularly sure,Gonzalez LLC Cinemas,2,29.38,2026-07-11,CONFIRMED
6274,1599,kevinsantos@example.net,1590,Opportunity,Greene-Shelton Cinemas,5,58.05,2026-06-18,CONFIRMED
6275,722,dawn11@example.org,1652,Article available,Peterson-Mullins Cinemas,6,71.04,2026-07-23,CONFIRMED
6276,4379,bmiller@example.org,1880,Sort late his,"Whitney, Mayo and Clark Cinemas",2,16.2,2026-07-07,CONFIRMED
6277,3211,melissa71@example.net,1741,Find development,"Russell, Meyer and Smith Cinemas",6,132.9,2026-07-04,CONFIRMED
6278,386,lloydsharon@example.net,587,Face,Martinez-Allen Cinemas,3,36.12,2026-07-04,CONFIRMED
6279,1358,charlesjohnston@example.com,1730,Week agree beautiful,"Young, Allen and Hernandez Cinemas",5,120.55,2026-07-23,CONFIRMED
6280,2839,rmitchell@example.org,958,Floor offer lead,Gibbs Group Cinemas,5,89.8,2026-07-23,CONFIRMED
6281,1944,louis04@example.org,1022,Site yeah,Sanchez-Douglas Cinemas,4,44.4,2026-07-20,CONFIRMED
6282,2173,chatfield@example.org,1038,Recently support,"Chase, Prince and Wilcox Cinemas",1,22.82,2026-07-23,CANCELLED
6283,4997,guzmancarl@example.com,926,Make blue,Mclaughlin Inc Cinemas,2,21.66,2026-07-06,CANCELLED
6284,2266,ajones@example.net,272,Training tough decision,"Castro, Irwin and Rodriguez Cinemas",3,66.63,2026-07-23,CONFIRMED
6285,2752,ricemichael@example.net,1111,Car feel small,Griffin Ltd Cinemas,4,93.24,2026-07-23,CONFIRMED
6286,3828,morrisonstephanie@example.org,982,Health change tree,Martinez LLC Cinemas,3,69.06,2026-07-15,CONFIRMED
6287,2699,rachel27@example.com,1127,Major cold,"Wong, Dawson and Martin Cinemas",4,40.48,2026-07-23,CANCELLED
6288,3742,ortizrobert@example.org,858,Move suffer security,"Sims, Weber and Villa Cinemas",3,63.03,2026-07-02,CONFIRMED
6289,22,brewergregory@example.com,1974,Son speech although,Barrera Group Cinemas,4,92.88,2026-07-23,CONFIRMED
6290,3104,brandon45@example.org,240,Industry water,Bradley-Davis Cinemas,2,27.9,2026-07-23,CONFIRMED
6291,4633,jennifer61@example.net,1796,Learn environment,Turner Inc Cinemas,1,11.48,2026-07-13,CONFIRMED
6292,1766,angelavalencia@example.net,1219,Fear somebody,"Davis, Wood and Paul Cinemas",5,50.4,2026-07-23,CONFIRMED
6293,2536,xhughes@example.net,176,Especially,Green-Ewing Cinemas,4,47.6,2026-07-23,CONFIRMED
6294,4111,rachel13@example.com,1632,Before spring,Conway-Andrews Cinemas,6,115.56,2026-07-23,CONFIRMED
6295,2272,millsanthony@example.net,1897,Hair ahead,"Gonzales, Smith and Davis Cinemas",1,11.45,2026-07-23,CONFIRMED
6296,3506,timothy75@example.org,507,House north,Wilson Inc Cinemas,2,28.74,2026-07-16,CONFIRMED
6297,3980,patrick84@example.com,1762,Until we eat,Newton PLC Cinemas,2,32.42,2026-07-10,CANCELLED
6298,691,justin46@example.com,558,Seven,"Marshall, Murray and Miller Cinemas",3,58.56,2026-07-23,CONFIRMED
6299,4387,josebrown@example.net,1233,Charge a,Buchanan LLC Cinemas,5,85.35,2026-07-23,CONFIRMED
6300,821,karisanchez@example.org,973,Our purpose,"Medina, Lee and Freeman Cinemas",3,74.43,2026-07-02,CONFIRMED
6301,3037,nelsonaaron@example.org,1678,Image number assume,Gonzalez-Mccarthy Cinemas,4,34.4,2026-07-12,CONFIRMED
6302,2492,bradley39@example.net,1441,Decide sister general,Knox and Sons Cinemas,2,49.32,2026-07-23,CONFIRMED
6303,2017,bakersarah@example.org,1073,Ok rock,"Phelps, Montoya and Barnett Cinemas",5,62.2,2026-07-02,CONFIRMED
6304,1655,qcervantes@example.com,85,Nation,Rojas and Sons Cinemas,5,40.2,2026-07-23,CANCELLED
6305,1145,xfuentes@example.net,1188,More explain offer,Thompson-Reyes Cinemas,3,61.95,2026-07-23,CONFIRMED
6306,1676,alvin91@example.com,1823,Color off,Joyce-Benitez Cinemas,6,76.74,2026-06-22,CONFIRMED
6307,483,bradbennett@example.com,1836,Special drop down,Taylor Ltd Cinemas,3,45.33,2026-07-23,CONFIRMED
6308,4911,jacqueline04@example.net,1230,Play resource by,"Lewis, Jordan and Young Cinemas",5,47.85,2026-06-24,CONFIRMED
6309,684,billyjohnson@example.net,1364,Put free,Wilson-Williams Cinemas,1,24.16,2026-07-23,CONFIRMED
6310,2508,bobbysavage@example.com,795,President economy,Horne Inc Cinemas,6,51.6,2026-07-23,CANCELLED
6311,104,kevin22@example.org,129,Choose mother health,"Patterson, Mosley and Michael Cinemas",1,11.68,2026-07-06,CONFIRMED
6312,3051,bsolis@example.org,163,American return need,Blevins-Ballard Cinemas,3,26.82,2026-07-23,CONFIRMED
6313,1416,ellismichael@example.com,242,Manager store,Roman-Freeman Cinemas,4,94.6,2026-06-26,CONFIRMED
6314,2072,elizabeth81@example.com,1025,Trouble fight fast option,"Velez, Howell and Stevenson Cinemas",6,111.78,2026-07-06,CONFIRMED
6315,3934,zacharymorris@example.org,375,Adult hour,"Velez, Howell and Stevenson Cinemas",4,82.48,2026-07-23,CONFIRMED
6316,2700,bennettdavid@example.org,1848,Year newspaper,Stafford Ltd Cinemas,5,40.45,2026-06-18,CONFIRMED
6317,2999,holly33@example.net,719,Drop avoid before,Wagner-Hernandez Cinemas,1,15.68,2026-06-21,CONFIRMED
6318,457,whitelevi@example.org,715,Chair what measure,"Fowler, Jones and Moore Cinemas",2,42.06,2026-07-04,CONFIRMED
6319,2563,williamruiz@example.org,1790,Trip blue,Gibbs Group Cinemas,5,57.95,2026-07-23,CONFIRMED
6320,4038,carterrandall@example.com,262,Charge a data red,"Sanchez, Terry and Turner Cinemas",5,124.75,2026-07-23,CANCELLED
6321,1483,john69@example.net,722,Letter beyond sign,"White, Smith and Warner Cinemas",1,10.29,2026-07-23,CONFIRMED
6322,1027,brooksharold@example.com,1753,Do leader very,Jordan-Campbell Cinemas,1,17.42,2026-07-23,CANCELLED
6323,2431,qmolina@example.org,634,Line mother chance,Harris-Jensen Cinemas,1,12.71,2026-07-19,CONFIRMED
6324,2217,richardsonbenjamin@example.com,288,Organization full,"Wise, Rocha and Wolfe Cinemas",6,83.04,2026-07-23,CONFIRMED
6325,1132,marksbrandon@example.net,1546,Contain computer must,Mills and Sons Cinemas,4,63.12,2026-07-02,CONFIRMED
6326,1209,hmoses@example.org,1878,Central challenge trouble,Newton PLC Cinemas,5,89.0,2026-07-18,CONFIRMED
6327,1029,jason57@example.net,1388,Evidence protect,"Freeman, Hall and Allison Cinemas",4,45.56,2026-07-20,CONFIRMED
6328,2975,peterpayne@example.org,892,Hundred hair,"Fisher, Payne and Thompson Cinemas",3,38.01,2026-07-14,CONFIRMED
6329,4561,daniellemoore@example.org,1030,Off region measure,"Campbell, Long and Silva Cinemas",2,24.84,2026-06-29,CONFIRMED
6330,43,elizabeth14@example.org,1393,Practice,Nichols-Lam Cinemas,6,70.02,2026-07-23,CONFIRMED
6331,3531,nancy37@example.net,1593,Offer his discover,"Warner, Baker and Campbell Cinemas",4,47.64,2026-07-23,CONFIRMED
6332,6,lloydmiranda@example.org,1969,Tend drive group,"Meyer, Dawson and Harper Cinemas",2,24.2,2026-07-16,CONFIRMED
6333,496,isaactorres@example.org,450,Ahead deal,"Gonzales, Short and Weaver Cinemas",4,46.08,2026-07-23,CONFIRMED
6334,2046,matthew96@example.com,1222,Performance one change,Knox and Sons Cinemas,4,77.6,2026-07-06,CANCELLED
6335,575,garciaanne@example.org,1261,College economy,Atkinson-Nelson Cinemas,2,38.06,2026-07-06,CONFIRMED
6336,3777,jeffery12@example.com,1474,Cultural over,"Clark, Park and Reed Cinemas",3,32.04,2026-07-16,CONFIRMED
6337,156,kellyrichmond@example.com,725,Class if,Kirk Inc Cinemas,4,71.64,2026-07-23,CONFIRMED
6338,137,hollyperkins@example.net,781,Minute right think trouble,Obrien PLC Cinemas,1,13.75,2026-06-20,CONFIRMED
6339,4966,gloverjaime@example.org,1712,Out start reason,Harris PLC Cinemas,4,44.72,2026-07-23,CONFIRMED
6340,4502,zlopez@example.com,1998,None as,"Aguilar, Buckley and Ramirez Cinemas",4,81.48,2026-07-23,CONFIRMED
6341,3129,mrodriguez@example.org,757,Table although whole,"James, Atkins and Alexander Cinemas",4,60.8,2026-07-23,CONFIRMED
6342,3888,danielle74@example.com,232,Man member partner,"Whitney, Mayo and Clark Cinemas",1,15.09,2026-06-30,CONFIRMED
6343,599,awoodward@example.net,552,Participant compare,"Garrison, Ryan and Miller Cinemas",6,69.96,2026-06-17,CONFIRMED
6344,1756,brockmorgan@example.org,1776,First report debate,"Moore, Alexander and Reed Cinemas",5,44.15,2026-07-23,CONFIRMED
6345,1762,brandoncook@example.org,211,Activity record,Newton PLC Cinemas,4,70.76,2026-07-23,CONFIRMED
6346,2424,lisa65@example.com,1107,A,Morgan and Sons Cinemas,1,24.96,2026-07-08,CONFIRMED
6347,4946,jonesanna@example.net,1463,Know never,Turner Inc Cinemas,3,62.55,2026-06-15,CONFIRMED
6348,4089,christine91@example.com,1098,Type score ready,"Silva, Snyder and Reeves Cinemas",3,60.33,2026-07-23,CONFIRMED
6349,1731,jessica82@example.net,1581,Next coach front expect,Wood-Williams Cinemas,6,114.0,2026-07-23,CONFIRMED
6350,2055,yhopkins@example.net,276,Partner usually glass example,"Johns, Figueroa and Graham Cinemas",6,142.44,2026-07-23,CONFIRMED
6351,2135,margaret22@example.net,481,Usually industry,"Caldwell, Stevenson and Joseph Cinemas",4,62.96,2026-07-15,CANCELLED
6352,4750,jennysanders@example.org,1883,Argue almost rise,Kennedy PLC Cinemas,1,10.36,2026-07-23,CONFIRMED
6353,4001,allisonmann@example.org,1616,Identify all agreement stop,Haynes-Jackson Cinemas,3,24.57,2026-06-29,CONFIRMED
6354,4362,craig32@example.org,454,Course bill debate sort,"Burns, Barker and Horton Cinemas",2,23.26,2026-07-19,CONFIRMED
6355,361,snyderfrank@example.org,401,Tonight provide newspaper,"Harper, Thomas and Turner Cinemas",3,49.8,2026-07-02,CONFIRMED
6356,3356,jmiller@example.net,266,Soldier current body,Sutton-Patterson Cinemas,3,38.85,2026-07-23,CONFIRMED
6357,3448,lucasmerritt@example.org,1677,Daughter third laugh,"Williams, Newman and Jones Cinemas",1,18.89,2026-07-23,CONFIRMED
6358,4700,tamarasandoval@example.com,1994,Particular,Hall-Barber Cinemas,1,12.65,2026-07-20,CONFIRMED
6359,2972,michaelramirez@example.net,1598,Six admit enough,Hunter-Estrada Cinemas,3,26.49,2026-07-21,CONFIRMED
6360,2767,steven11@example.org,7,Could social,"Allen, Gonzales and Reeves Cinemas",1,20.51,2026-07-23,CONFIRMED
6361,4734,fernandezjaime@example.net,617,Resource wonder if,Mclaughlin Inc Cinemas,4,89.0,2026-06-25,CONFIRMED
6362,3179,vaughndiana@example.net,1230,Play resource by,"Lewis, Jordan and Young Cinemas",3,28.71,2026-06-27,CONFIRMED
6363,3570,urios@example.net,183,Our respond,Atkinson-Nelson Cinemas,5,93.95,2026-07-23,CONFIRMED
6364,4004,tgraham@example.com,1915,Each bed good friend,"Smith, Beard and Taylor Cinemas",5,112.85,2026-07-23,CONFIRMED
6365,725,jenniferrice@example.com,123,Range pressure but,"Bailey, Armstrong and Campbell Cinemas",4,50.08,2026-07-23,CONFIRMED
6366,4408,andrew67@example.com,1393,Practice,Nichols-Lam Cinemas,6,70.02,2026-07-23,CONFIRMED
6367,1301,patricia89@example.net,818,Opportunity might,Jennings Group Cinemas,2,30.56,2026-07-23,CONFIRMED
6368,1256,harrisamy@example.org,1975,General happy move,Smith-Clayton Cinemas,6,142.98,2026-07-23,CONFIRMED
6369,4212,brittanybishop@example.com,586,Argue,Hebert Group Cinemas,6,147.3,2026-07-23,CANCELLED
6370,1184,nancy67@example.org,192,Discuss create,Duke-Schultz Cinemas,5,95.6,2026-07-23,CONFIRMED
6371,2164,lesliejohnson@example.net,1151,Common story,Davis Inc Cinemas,3,35.04,2026-07-23,CONFIRMED
6372,4262,gleonard@example.net,152,Company medical house,Jackson-Campbell Cinemas,4,60.36,2026-07-23,CANCELLED
6373,668,larry40@example.net,1780,Itself consumer,Peters Group Cinemas,4,92.96,2026-06-09,CONFIRMED
6374,734,pli@example.org,1053,Old strategy,"Moore, Gilmore and Martin Cinemas",2,18.26,2026-07-23,CANCELLED
6375,4613,leelisa@example.net,1981,Rich ahead,Hudson-Sparks Cinemas,2,17.26,2026-07-22,CANCELLED
6376,4359,anthony62@example.com,1049,Prepare much,"Barnes, Paul and Price Cinemas",6,99.06,2026-07-23,CONFIRMED
6377,2446,englishdenise@example.com,153,Because scientist,Harris-Jensen Cinemas,1,18.35,2026-07-23,CONFIRMED
6378,4644,ujohnson@example.net,1870,Memory,Robinson Group Cinemas,2,41.76,2026-07-20,CONFIRMED
6379,45,clarkbrittney@example.org,1146,Light rather discuss,Richardson Ltd Cinemas,3,63.03,2026-07-12,CONFIRMED
6380,697,wendy00@example.com,678,Treatment writer,Thomas-Reilly Cinemas,1,10.43,2026-07-23,CONFIRMED
6381,2641,rebeccagonzalez@example.net,1604,Sense gas,"Cain, Contreras and Jackson Cinemas",2,33.94,2026-07-23,CONFIRMED
6382,885,richardmiddleton@example.org,17,Seek up,Sellers LLC Cinemas,3,27.18,2026-07-23,CONFIRMED
6383,3104,brandon45@example.org,1013,Pattern,"Wilson, Stewart and Hobbs Cinemas",4,95.68,2026-06-28,CANCELLED
6384,622,laura09@example.com,830,Approach statement,Miller-Booker Cinemas,5,98.35,2026-07-16,CONFIRMED
6385,3954,wendy05@example.com,693,Whose usually adult,"Richardson, Stephens and Barnes Cinemas",1,10.25,2026-07-06,CONFIRMED
6386,3080,johnsmith@example.org,27,North alone,Grant-Diaz Cinemas,1,19.14,2026-07-08,CONFIRMED
6387,3325,rodneythomas@example.net,652,Candidate my amount,"Compton, Owens and Decker Cinemas",1,22.99,2026-07-12,CONFIRMED
6388,3524,hugheswilliam@example.org,1367,Career break,"Braun, Mays and Martinez Cinemas",2,19.98,2026-06-22,CONFIRMED
6389,2795,stevensonanthony@example.net,220,Military everybody ability,"Moore, Gilmore and Martin Cinemas",2,27.46,2026-07-18,CONFIRMED
6390,4925,watersjames@example.net,356,Nor rule,"Cain, Contreras and Jackson Cinemas",1,17.72,2026-06-25,CONFIRMED
6391,2298,michael77@example.org,854,Mrs worry like,Brooks-Obrien Cinemas,6,127.86,2026-07-16,CONFIRMED
6392,2631,younglinda@example.com,755,Successful professor light,"Merritt, Williams and Boone Cinemas",4,53.68,2026-07-23,CONFIRMED
6393,1766,angelavalencia@example.net,105,Key thus,"Bautista, Allen and Harrell Cinemas",4,58.4,2026-07-23,CONFIRMED
6394,2824,ellisjames@example.org,1389,Think find,"Gonzalez, Santos and Gardner Cinemas",1,23.56,2026-07-23,CONFIRMED
6395,1876,vanessamartinez@example.net,1440,Investment job environment,Cervantes PLC Cinemas,1,17.76,2026-07-23,CONFIRMED
6396,616,gjones@example.net,1296,Treatment senior,Valdez-Jacobs Cinemas,4,67.44,2026-07-23,CONFIRMED
6397,4077,terri57@example.com,1617,Deep summer wife,Medina LLC Cinemas,2,48.56,2026-07-23,CONFIRMED
6398,3062,davidhart@example.org,1405,Their per poor,Smith Ltd Cinemas,5,84.9,2026-07-23,CONFIRMED
6399,4729,nicholasgallegos@example.net,605,Price writer spring question,Mckinney-Butler Cinemas,4,76.28,2026-07-23,CONFIRMED
6400,47,delacruzsandra@example.com,1537,Modern difficult open,Galloway-Jacobs Cinemas,2,24.7,2026-07-23,CONFIRMED
6401,3074,vward@example.com,576,Almost happy,Medina LLC Cinemas,3,44.22,2026-07-23,CONFIRMED
6402,4402,kingallison@example.org,586,Argue,Hebert Group Cinemas,3,73.65,2026-07-23,CONFIRMED
6403,1194,tuckeramy@example.net,1962,Situation through growth,Mcdonald-Taylor Cinemas,1,8.44,2026-07-23,CONFIRMED
6404,1732,greenlisa@example.net,139,Name also,Shaffer-Yates Cinemas,3,24.54,2026-07-23,CONFIRMED
6405,1434,brownbenjamin@example.org,920,Structure save,"Madden, Figueroa and Stafford Cinemas",2,26.22,2026-06-28,CONFIRMED
6406,3792,hawkinsdouglas@example.com,504,Rich condition,"Brooks, Burns and Davidson Cinemas",1,9.19,2026-07-23,CONFIRMED
6407,3088,markfleming@example.org,1498,Serious,Miller-Young Cinemas,5,59.55,2026-07-23,CONFIRMED
6408,4425,james13@example.com,1002,Go yourself over,"Brown, Hammond and Campbell Cinemas",5,103.25,2026-06-23,CONFIRMED
6409,3561,nguyenjill@example.org,1069,Finish person,Morris-Armstrong Cinemas,2,16.54,2026-07-23,CONFIRMED
6410,1531,pwilliams@example.org,1586,Others brother visit employee,"Morales, Miller and Harrell Cinemas",4,78.12,2026-07-03,CONFIRMED
6411,2246,alanyork@example.com,1884,Method station study,"Salazar, Miller and Arnold Cinemas",4,92.36,2026-07-14,CONFIRMED
6412,874,laura86@example.net,1197,Gas reason large,Robertson-Hays Cinemas,1,9.27,2026-07-04,CONFIRMED
6413,3531,nancy37@example.net,1830,Along seven than,Johnston Inc Cinemas,4,47.96,2026-06-11,CONFIRMED
6414,1042,jenniferdillon@example.net,112,Sea for tree,"Ramirez, Fuller and Wilkins Cinemas",5,55.75,2026-07-23,CONFIRMED
6415,1344,njames@example.org,739,Environmental reflect,Flores Ltd Cinemas,5,114.65,2026-07-23,CONFIRMED
6416,3560,breyes@example.com,990,Hour this dinner,Davis LLC Cinemas,4,34.92,2026-07-23,CANCELLED
6417,4851,kennethrivera@example.org,345,Cultural country section,"Castro, Garcia and Daniels Cinemas",2,42.22,2026-06-22,CONFIRMED
6418,3456,melissastephens@example.org,1632,Before spring,Conway-Andrews Cinemas,6,115.56,2026-07-23,CANCELLED
6419,1507,colemanjim@example.net,1832,Good new,Davis-Abbott Cinemas,4,71.48,2026-07-23,CONFIRMED
6420,3219,webbashley@example.org,1861,Summer out,"Marquez, Martinez and Bailey Cinemas",1,22.57,2026-07-05,CONFIRMED
6421,1295,nunezjeremy@example.net,1842,Magazine daughter want food,"Baker, Mason and White Cinemas",3,58.86,2026-07-04,CONFIRMED
6422,4785,griffithmatthew@example.com,131,Growth continue,Thomas-Wiggins Cinemas,1,14.64,2026-07-23,CONFIRMED
6423,2067,ljones@example.com,1426,Practice organization which ready,"Warner, Baker and Campbell Cinemas",6,79.5,2026-07-23,CONFIRMED
6424,1695,ilopez@example.net,1821,Person data force,Ruiz-Rivera Cinemas,6,49.08,2026-07-23,CANCELLED
6425,1169,egutierrez@example.org,205,Bill discuss four,Mills and Sons Cinemas,5,122.85,2026-06-12,CONFIRMED
6426,977,patrick40@example.net,549,Understand growth a,"Hayes, Sharp and Wilson Cinemas",1,12.86,2026-07-23,CONFIRMED
6427,4183,lindasmith@example.net,1209,While court,"Moore, Alexander and Reed Cinemas",3,48.78,2026-07-17,CONFIRMED
6428,4449,smoore@example.net,968,Election lawyer successful,Whitehead-Hernandez Cinemas,5,62.75,2026-06-25,CONFIRMED
6429,3011,foxrobert@example.net,1929,There magazine politics,Myers and Sons Cinemas,4,38.28,2026-07-23,CONFIRMED
6430,3833,tamaramurphy@example.org,1677,Daughter third laugh,"Williams, Newman and Jones Cinemas",3,56.67,2026-07-23,CONFIRMED
6431,60,joshuacoleman@example.com,16,Smile wrong,"Ramirez, Horne and Johnson Cinemas",6,84.24,2026-06-26,CANCELLED
6432,1195,umccoy@example.com,241,Election option almost,"Sanchez, Terry and Turner Cinemas",2,36.98,2026-07-23,CONFIRMED
6433,2825,jamie38@example.net,1274,Service know,Berger Ltd Cinemas,6,103.8,2026-07-23,CONFIRMED
6434,2043,caitlin30@example.com,705,Nice report,"Anderson, Wilson and Torres Cinemas",6,66.36,2026-07-23,CANCELLED
6435,470,theresaphillips@example.com,770,So yeah,Sims-Padilla Cinemas,3,69.0,2026-06-28,CONFIRMED
6436,4654,garrettmichael@example.com,637,Single,Ibarra Ltd Cinemas,5,49.25,2026-07-23,CONFIRMED
6437,2590,jamessmith@example.com,540,Major,Sellers LLC Cinemas,4,97.48,2026-07-19,CONFIRMED
6438,912,jesse84@example.net,1743,Choice standard,Martinez LLC Cinemas,3,42.75,2026-06-22,CONFIRMED
6439,3894,shawkins@example.com,1092,Enough kid anyone already,Garner LLC Cinemas,3,30.63,2026-07-23,CONFIRMED
6440,88,audrey53@example.net,15,Drop,Holloway and Sons Cinemas,1,13.17,2026-07-23,CONFIRMED
6441,1488,vgriffin@example.com,1107,A,Morgan and Sons Cinemas,3,74.88,2026-07-06,CONFIRMED
6442,188,timothy27@example.org,52,House chance practice,Moran PLC Cinemas,3,49.41,2026-07-23,CONFIRMED
6443,2877,jlevy@example.com,1168,Claim magazine century,Peterson-Mullins Cinemas,2,34.58,2026-07-23,CONFIRMED
6444,595,clayandrew@example.net,53,Everyone under up,"Martinez, Rose and Jackson Cinemas",3,56.79,2026-07-11,CONFIRMED
6445,4638,bellchristopher@example.net,1832,Good new,Davis-Abbott Cinemas,2,35.74,2026-07-23,CONFIRMED
6446,2843,potterjohn@example.com,877,Your,Mccoy-Strickland Cinemas,3,47.25,2026-07-13,CONFIRMED
6447,2958,walshdaniel@example.org,5,Learn get,"Hendricks, Zuniga and Miller Cinemas",1,8.76,2026-06-22,CONFIRMED
6448,1548,greeneshawn@example.com,1882,Off move knowledge,Clark Inc Cinemas,3,62.79,2026-07-23,CONFIRMED
6449,670,christopherturner@example.org,1143,Most bad,Bradley-Davis Cinemas,4,76.28,2026-07-23,CONFIRMED
6450,3132,vfrederick@example.com,469,Authority glass,"Vang, Wilkinson and Wilson Cinemas",4,90.88,2026-07-23,CONFIRMED
6451,4043,bward@example.com,466,Could policy,Peterson Group Cinemas,4,92.76,2026-07-02,CONFIRMED
6452,1828,aaron67@example.net,159,Build pay,Barrera Group Cinemas,4,95.56,2026-06-22,CONFIRMED
6453,26,bowmanjoel@example.net,1830,Along seven than,Johnston Inc Cinemas,6,71.94,2026-06-18,CANCELLED
6454,1264,kmartinez@example.com,966,Eight book owner,"Phelps, Kramer and Shannon Cinemas",5,84.0,2026-07-23,CANCELLED
6455,3445,sarahmiles@example.org,324,Beat pass,Sullivan and Sons Cinemas,1,18.61,2026-07-23,CONFIRMED
6456,1727,meganjohnson@example.org,688,Off,"Castro, Garcia and Daniels Cinemas",5,103.7,2026-07-23,CONFIRMED
6457,4510,joseph02@example.net,329,Another standard one on,Greene-Shelton Cinemas,6,113.04,2026-06-15,CONFIRMED
6458,3192,gabriel32@example.com,1572,Cup believe society today,Meyers-Owens Cinemas,1,24.0,2026-06-18,CANCELLED
6459,703,tonyamartinez@example.net,720,Such small speech,Jackson-Cooper Cinemas,1,22.94,2026-07-21,CONFIRMED
6460,2750,jamesdavis@example.com,797,Idea gun during,Harrison-Leach Cinemas,5,89.5,2026-07-23,CONFIRMED
6461,650,drobinson@example.org,174,Approach suggest save,Wilkerson-Davis Cinemas,6,148.8,2026-06-22,CONFIRMED
6462,3554,fostertracey@example.org,994,Cause we,Hall-Washington Cinemas,4,44.92,2026-07-08,CONFIRMED
6463,4213,melody90@example.net,1698,Good movement how return,Russell Inc Cinemas,6,149.1,2026-07-12,CANCELLED
6464,4291,diazjulie@example.net,399,Ever yet,Walker PLC Cinemas,4,80.4,2026-07-23,CANCELLED
6465,3137,troy51@example.net,785,Attorney pull,Carroll-Snyder Cinemas,6,129.48,2026-06-28,CONFIRMED
6466,2356,douglasrosales@example.com,249,Time feel,Singleton-King Cinemas,4,48.16,2026-07-07,CONFIRMED
6467,4114,wileycynthia@example.org,1341,Total,"Bray, Nicholson and Walker Cinemas",3,36.39,2026-07-23,CONFIRMED
6468,3677,cassandradiaz@example.org,475,Election win,"Ramirez, Horne and Johnson Cinemas",2,17.92,2026-06-28,CONFIRMED
6469,1518,deborahwright@example.net,179,Also daughter,"Russell, Murphy and Davis Cinemas",6,71.16,2026-07-10,CONFIRMED
6470,4442,beverly73@example.net,786,Total report draw,Owens-Mayer Cinemas,1,8.39,2026-06-24,CONFIRMED
6471,1649,jonfrazier@example.org,1942,Party,"Nguyen, Ellis and Wright Cinemas",1,8.14,2026-06-18,CANCELLED
6472,1593,curtisroy@example.net,1626,Present develop day,"Mckee, Gardner and Davenport Cinemas",5,93.85,2026-06-21,CANCELLED
6473,3199,ortegaanthony@example.com,1170,Do seven,Smith-Patel Cinemas,1,9.26,2026-07-23,CONFIRMED
6474,3699,ftucker@example.com,235,Analysis position respond person,"Kennedy, Mueller and Aguirre Cinemas",6,95.16,2026-07-05,CONFIRMED
6475,3215,caseamy@example.net,245,Ahead get federal happen,Ruiz-Rivera Cinemas,4,54.4,2026-07-23,CONFIRMED
6476,1317,washingtonstephanie@example.net,448,Few risk type,Meyers-Owens Cinemas,4,56.92,2026-07-22,CONFIRMED
6477,4872,lauren99@example.net,112,Sea for tree,"Ramirez, Fuller and Wilkins Cinemas",3,33.45,2026-07-23,CONFIRMED
6478,101,mikemiles@example.net,455,Several concern,"Davis, Rodriguez and Andrews Cinemas",5,67.45,2026-06-21,CONFIRMED
6479,3260,lopeztonya@example.org,388,Return trouble conference,Andrews-Aguirre Cinemas,2,43.18,2026-07-23,CONFIRMED
6480,335,jennifer53@example.com,899,Oil statement think,Colon LLC Cinemas,6,110.16,2026-07-23,CONFIRMED
6481,3698,floresalex@example.org,193,Ball today despite,"Wright, Mcknight and Stephens Cinemas",1,12.63,2026-07-23,CONFIRMED
6482,1357,austinbreanna@example.org,810,Career miss,Shields LLC Cinemas,4,32.72,2026-07-21,CONFIRMED
6483,2374,victoria95@example.net,1209,While court,"Moore, Alexander and Reed Cinemas",3,48.78,2026-07-19,CONFIRMED
6484,907,cheryl26@example.net,1645,Shoulder paper,Russell Inc Cinemas,6,97.2,2026-07-23,CONFIRMED
6485,2259,johnhuang@example.net,1788,Never program,White-Morales Cinemas,1,21.9,2026-06-28,CONFIRMED
6486,874,laura86@example.net,593,Pay company,Bean-Evans Cinemas,1,24.3,2026-07-23,CONFIRMED
6487,2150,nicole28@example.com,1791,Work financial,Roth Ltd Cinemas,1,14.87,2026-07-23,CONFIRMED
6488,431,fhughes@example.org,748,Audience new,Mendoza-Jackson Cinemas,4,40.0,2026-07-06,CANCELLED
6489,3976,delacruzmelissa@example.org,1246,Apply reduce,Diaz-Jimenez Cinemas,5,90.55,2026-06-23,CONFIRMED
6490,390,andrewjackson@example.org,1060,Choose picture age thus,Johnson Ltd Cinemas,2,32.46,2026-07-23,CONFIRMED
6491,2404,twilson@example.com,1731,But,Roberts Group Cinemas,4,47.96,2026-06-21,CONFIRMED
6492,919,robertevans@example.com,920,Structure save,"Madden, Figueroa and Stafford Cinemas",4,52.44,2026-06-21,CONFIRMED
6493,1902,kellyrichard@example.net,1688,Notice throughout need,Fernandez Inc Cinemas,5,113.5,2026-06-27,CANCELLED
6494,1392,michaelallen@example.org,648,Just wind practice,Hall-Washington Cinemas,1,8.68,2026-07-15,CONFIRMED
6495,1166,cainroger@example.net,831,Page,"Jones, Sanchez and Thomas Cinemas",6,71.82,2026-07-17,CONFIRMED
6496,4102,thomashanson@example.org,1494,Particular we,Johnson-Nelson Cinemas,2,35.44,2026-07-23,CONFIRMED
6497,1599,kevinsantos@example.net,44,Throw history method,"Wiley, Tapia and Smith Cinemas",4,42.84,2026-07-17,CONFIRMED
6498,2496,osmith@example.net,1182,Trial current by,Jones Ltd Cinemas,5,66.1,2026-07-23,CONFIRMED
6499,1845,melissa74@example.com,265,Start party stock think,Barnett PLC Cinemas,3,46.86,2026-07-23,CONFIRMED
6500,4139,ataylor@example.net,723,Card,"Edwards, Baker and Anderson Cinemas",4,82.12,2026-07-23,CONFIRMED
6501,1663,jessica23@example.net,59,Common color,Hardy PLC Cinemas,5,71.25,2026-06-22,CONFIRMED
6502,1816,shannon44@example.com,1608,Painting foot card,Lynch LLC Cinemas,2,27.72,2026-07-03,CONFIRMED
6503,3764,samuel58@example.org,1962,Situation through growth,Mcdonald-Taylor Cinemas,1,8.44,2026-07-23,CONFIRMED
6504,3883,dale37@example.net,174,Approach suggest save,Wilkerson-Davis Cinemas,2,49.6,2026-06-26,CONFIRMED
6505,8,evelyncampbell@example.com,452,Crime mother,Elliott-Holland Cinemas,6,129.54,2026-07-23,CONFIRMED
6506,3808,nancywebb@example.net,1049,Prepare much,"Barnes, Paul and Price Cinemas",4,66.04,2026-07-23,CANCELLED
6507,3648,beckalan@example.net,1689,Provide right section,"Weiss, Cole and Preston Cinemas",6,72.3,2026-07-23,CONFIRMED
6508,1850,fgarcia@example.org,290,Three low,Hoffman PLC Cinemas,2,20.5,2026-07-23,CONFIRMED
6509,3910,alexanderking@example.org,1062,Too responsibility,"Anderson, Velazquez and Stewart Cinemas",3,69.81,2026-07-23,CONFIRMED
6510,7,njohnson@example.net,1872,Concern finish important project,"Bennett, Williams and Klein Cinemas",6,123.72,2026-07-23,CONFIRMED
6511,2416,theresamack@example.org,1571,Will culture,"Bell, Campbell and Ryan Cinemas",5,94.3,2026-06-15,CONFIRMED
6512,2189,hardincarlos@example.com,914,Risk hospital process,Elliott-Holland Cinemas,6,119.76,2026-07-23,CANCELLED
6513,1054,clarkmichael@example.org,1752,Draw face,"Levy, Franco and Hoffman Cinemas",2,26.56,2026-06-27,CONFIRMED
6514,2624,patrickhernandez@example.com,1786,Direction pressure now,"Webb, Thompson and Moore Cinemas",2,23.0,2026-07-01,CONFIRMED
6515,700,cwilson@example.org,1358,World candidate,Wood-Watson Cinemas,1,12.58,2026-07-02,CANCELLED
6516,3198,wardjames@example.net,142,Commercial firm,Lambert-Anderson Cinemas,4,50.44,2026-07-17,CONFIRMED
6517,1862,weavervicki@example.com,935,Claim opportunity ability,Ho-Mendez Cinemas,3,57.03,2026-07-14,CONFIRMED
6518,3151,karen67@example.net,112,Sea for tree,"Ramirez, Fuller and Wilkins Cinemas",3,33.45,2026-07-23,CONFIRMED
6519,2680,nicholstodd@example.net,506,Different community entire,"Herrera, Jensen and Ramirez Cinemas",6,91.56,2026-07-23,CANCELLED
6520,3950,qdunn@example.net,1596,Race,Davis-Abbott Cinemas,1,19.03,2026-07-23,CONFIRMED
6521,2351,alexandra00@example.net,221,Give billion if,"Moss, Kelly and Herman Cinemas",4,34.84,2026-06-30,CONFIRMED
6522,4122,harrisjamie@example.com,1881,Sign west,"Salazar, Carlson and Hall Cinemas",6,49.92,2026-07-23,CONFIRMED
6523,401,megan57@example.com,1953,Would forward,Hunter-Estrada Cinemas,3,46.38,2026-06-23,CONFIRMED
6524,3880,jmyers@example.org,103,Her cover,"Santos, Moody and Taylor Cinemas",4,63.04,2026-06-22,CONFIRMED
6525,3783,benjamin44@example.org,1280,Drop,Lee PLC Cinemas,3,62.52,2026-06-26,CANCELLED
6526,1720,josebarnes@example.com,1218,Weight ball hot,Singleton-King Cinemas,1,11.08,2026-07-23,CONFIRMED
6527,4621,bkidd@example.org,592,Who successful,Atkinson-Nelson Cinemas,4,46.2,2026-07-23,CONFIRMED
6528,4985,brianriley@example.org,692,Manage myself lose,Mcclain Inc Cinemas,5,112.15,2026-07-23,CONFIRMED
6529,3204,marcrobbins@example.org,765,Affect evening down real,"Brown, James and Arroyo Cinemas",3,52.26,2026-07-04,CONFIRMED
6530,1108,zhorton@example.com,226,There,"Frye, Hoffman and Santiago Cinemas",1,17.01,2026-07-23,CONFIRMED
6531,4275,davidsonshannon@example.com,1642,Read shoulder,"Henson, Jones and Sanders Cinemas",1,8.36,2026-07-23,CONFIRMED
6532,1605,sjenkins@example.org,1896,Civil bar college,Barrera Group Cinemas,5,95.8,2026-07-04,CONFIRMED
6533,218,sarah17@example.com,889,Their parent alone,Barnett PLC Cinemas,1,20.52,2026-07-23,CONFIRMED
6534,2469,carmenjones@example.net,1923,Small million,"Nguyen, Ellis and Wright Cinemas",2,19.66,2026-07-03,CONFIRMED
6535,1,tonya48@example.net,930,Similar item,"Vang, Wilkinson and Wilson Cinemas",6,128.58,2026-06-29,CONFIRMED
6536,3158,marknavarro@example.org,377,Trade market drop mind,Morris-Armstrong Cinemas,4,37.32,2026-07-23,CONFIRMED
6537,1465,simsdawn@example.org,264,Along surface,"Cain, Contreras and Jackson Cinemas",5,117.95,2026-07-23,CONFIRMED
6538,4594,jason08@example.com,329,Another standard one on,Greene-Shelton Cinemas,3,56.52,2026-06-14,CONFIRMED
6539,220,mphillips@example.org,2,Almost,Aguilar-Bender Cinemas,2,17.62,2026-07-23,CONFIRMED
6540,1358,charlesjohnston@example.com,1607,Play pull still,White-Jackson Cinemas,3,62.64,2026-07-23,CANCELLED
6541,1279,chambersvanessa@example.org,862,Write maintain,Hamilton LLC Cinemas,5,57.35,2026-07-08,CONFIRMED
6542,4393,angela81@example.com,485,Think someone health,Baxter PLC Cinemas,5,110.7,2026-07-04,CANCELLED
6543,1827,igraham@example.org,1140,Bad opportunity week,Buchanan LLC Cinemas,6,61.02,2026-06-21,CONFIRMED
6544,1833,moralesmarcus@example.net,1740,Ground full audience,Dickson-Park Cinemas,5,70.35,2026-07-23,CONFIRMED
6545,980,pcaldwell@example.net,1337,Pay across stage,"Wallace, Perkins and Johnson Cinemas",4,82.4,2026-07-23,CANCELLED
6546,281,melissa10@example.net,1056,Environmental couple,Buchanan LLC Cinemas,3,51.09,2026-07-01,CONFIRMED
6547,1464,alexandrawest@example.com,236,Worker eight,Blevins-Ballard Cinemas,6,102.24,2026-07-23,CONFIRMED
6548,2517,icarpenter@example.org,764,Industry before,"Mckee, Gardner and Davenport Cinemas",5,97.6,2026-07-23,CONFIRMED
6549,3765,nclark@example.com,215,Movement involve,"Jackson, Andersen and Bowen Cinemas",3,41.31,2026-07-05,CONFIRMED
6550,194,josephangela@example.org,1207,Agent environmental,"Herrera, Jensen and Ramirez Cinemas",6,114.66,2026-07-23,CONFIRMED
6551,2051,bernardchristina@example.net,347,Minute season political,Ward-Chase Cinemas,5,79.7,2026-06-20,CONFIRMED
6552,3479,dianeparsons@example.com,434,President coach,James and Sons Cinemas,3,67.68,2026-07-23,CONFIRMED
6553,583,george46@example.com,202,Miss international become,Hoffman PLC Cinemas,1,10.41,2026-07-23,CONFIRMED
6554,2868,acostadylan@example.net,1996,Important hear power,Gonzalez-Wilson Cinemas,2,34.9,2026-06-22,CONFIRMED
6555,895,gromero@example.com,1925,Recent fire,"Walker, Turner and Brown Cinemas",4,76.12,2026-07-23,CANCELLED
6556,2272,millsanthony@example.net,359,Total without,Johnson and Sons Cinemas,5,105.25,2026-07-23,CONFIRMED
6557,883,fluna@example.net,495,Real,Garrett-Stout Cinemas,2,47.68,2026-07-23,CANCELLED
6558,990,cassidymcdonald@example.com,994,Cause we,Hall-Washington Cinemas,2,22.46,2026-07-14,CANCELLED
6559,2335,ramosedward@example.com,1388,Evidence protect,"Freeman, Hall and Allison Cinemas",1,11.39,2026-07-23,CONFIRMED
6560,4553,margaret56@example.org,1200,Last before material,Hamilton LLC Cinemas,2,23.76,2026-07-22,CANCELLED
6561,55,sandraheath@example.net,1457,Against cut establish door,Rodriguez-Miller Cinemas,5,58.45,2026-07-23,CONFIRMED
6562,675,vparks@example.org,577,Others into,"Sanchez, Terry and Turner Cinemas",2,19.8,2026-07-23,CONFIRMED
6563,587,dmcgee@example.net,1573,Pattern structure,Robinson Inc Cinemas,5,72.4,2026-07-13,CONFIRMED
6564,1913,barbara37@example.net,1044,Manager sell,"White, Smith and Warner Cinemas",4,62.2,2026-07-11,CONFIRMED
6565,2946,dennislarsen@example.net,3,Gas around along,Zuniga Group Cinemas,5,105.35,2026-07-23,CONFIRMED
6566,3510,katelynrobinson@example.org,784,Baby final,"Bell, Peterson and Price Cinemas",3,72.18,2026-07-03,CONFIRMED
6567,2204,alexanderlisa@example.net,1455,Soldier watch still old,"Greene, Rogers and Haley Cinemas",3,36.87,2026-07-23,CONFIRMED
6568,4621,bkidd@example.org,649,Thank meeting war,"Duarte, Lee and Matthews Cinemas",5,43.75,2026-06-28,CONFIRMED
6569,2980,donaldchen@example.com,1927,Thing amount,"Schaefer, Barry and Espinoza Cinemas",2,49.88,2026-07-23,CONFIRMED
6570,1764,riley28@example.com,181,Interest physical,Gonzalez-Mccarthy Cinemas,6,51.3,2026-07-23,CONFIRMED
6571,2609,ydavis@example.com,474,Sit team move,Carroll-Snyder Cinemas,6,119.82,2026-07-23,CONFIRMED
6572,1765,suarezstacy@example.com,1320,Service hope value,Solis-Edwards Cinemas,4,72.64,2026-07-23,CONFIRMED
6573,1905,pthomas@example.net,1810,Century kid plan determine,"Perez, Hoffman and Tucker Cinemas",4,50.44,2026-07-13,CONFIRMED
6574,611,wcarroll@example.com,788,Theory sure,Castro and Sons Cinemas,5,114.65,2026-07-23,CONFIRMED
6575,2889,stephen86@example.net,187,Almost agency already,Black-Mccoy Cinemas,3,40.8,2026-07-23,CANCELLED
6576,3571,bwright@example.org,524,Nearly score,"Davis, Johnson and Williams Cinemas",5,114.55,2026-07-23,CONFIRMED
6577,3072,chadcox@example.com,346,Pressure will stay,Delacruz Group Cinemas,4,65.8,2026-07-21,CONFIRMED
6578,4140,zfranco@example.com,225,Unit soon at,"Sanders, Leblanc and Maldonado Cinemas",2,44.38,2026-07-23,CONFIRMED
6579,4450,morgananthony@example.net,1890,Station white,Joyce-Benitez Cinemas,5,110.5,2026-06-16,CONFIRMED
6580,2418,pwilliams@example.com,1682,Against discuss give,"Richardson, Stephens and Barnes Cinemas",6,77.04,2026-06-16,CONFIRMED
6581,2093,jameshicks@example.org,1689,Provide right section,"Weiss, Cole and Preston Cinemas",3,36.15,2026-07-23,CANCELLED
6582,2884,christianmendez@example.com,891,Wrong fear,Nguyen PLC Cinemas,6,97.38,2026-07-23,CONFIRMED
6583,4704,omarhernandez@example.net,1348,Baby dog food,"Stevens, Norris and Smith Cinemas",1,22.8,2026-07-23,CONFIRMED
6584,741,amills@example.com,1676,May military most,Hernandez Ltd Cinemas,6,136.92,2026-07-23,CONFIRMED
6585,2994,elizabeth11@example.org,1724,When news my,"Jones, Abbott and Pope Cinemas",4,77.2,2026-06-21,CONFIRMED
6586,4679,pgray@example.com,1798,Back because,"Wilson, Trujillo and Moody Cinemas",3,62.07,2026-07-23,CONFIRMED
6587,1677,adamwhite@example.net,1227,Owner institution team,Ibarra Ltd Cinemas,4,54.76,2026-07-18,CONFIRMED
6588,1819,christopher67@example.org,80,Get condition goal,Carroll-Snyder Cinemas,2,21.3,2026-07-20,CANCELLED
6589,429,petersrussell@example.org,97,Building truth success cause,Robertson-Hays Cinemas,5,59.7,2026-07-23,CONFIRMED
6590,1292,zpeters@example.com,1476,Six writer great able,"Stevens, Norris and Smith Cinemas",4,94.56,2026-07-23,CANCELLED
6591,1745,fsanford@example.net,1819,Scientist,Jacobs-Lopez Cinemas,6,137.94,2026-07-22,CANCELLED
6592,2879,brittneywashington@example.com,1904,Maybe win goal,"Davis, Rodriguez and Andrews Cinemas",5,118.15,2026-07-04,CONFIRMED
6593,442,jamesanderson@example.org,1509,Join create unit,Bradley-Novak Cinemas,5,62.4,2026-06-25,CONFIRMED
6594,1981,brandonross@example.com,1027,Significant impact,Haynes-Moss Cinemas,4,82.8,2026-07-23,CONFIRMED
6595,4106,florescrystal@example.org,1974,Son speech although,Barrera Group Cinemas,4,92.88,2026-07-23,CANCELLED
6596,3363,tcarr@example.org,1268,Prove environmental,Singleton-King Cinemas,3,37.77,2026-07-23,CANCELLED
6597,1852,charles46@example.org,582,Blue stand shoulder,"Hayes, Sharp and Wilson Cinemas",6,137.4,2026-07-04,CONFIRMED
6598,309,butlerolivia@example.com,535,Act television,Garcia LLC Cinemas,5,115.05,2026-07-23,CONFIRMED
6599,841,mgallegos@example.org,1053,Old strategy,"Moore, Gilmore and Martin Cinemas",3,27.39,2026-07-18,CONFIRMED
6600,4202,nball@example.com,1474,Cultural over,"Clark, Park and Reed Cinemas",5,53.4,2026-07-18,CONFIRMED
6601,1561,aaronramirez@example.org,672,Mr if get,Hebert Group Cinemas,1,17.05,2026-07-23,CONFIRMED
6602,4013,mallory90@example.org,512,Sometimes black movie,Gonzalez Group Cinemas,5,64.1,2026-07-17,CONFIRMED
6603,4847,kimberlywhitaker@example.net,1343,Through itself,Sims-Padilla Cinemas,1,22.92,2026-06-30,CONFIRMED
6604,2625,brooke45@example.net,1947,Author something,Peterson PLC Cinemas,6,48.9,2026-07-23,CONFIRMED
6605,4411,wcarter@example.com,422,Half,Reilly-Gibson Cinemas,1,10.67,2026-07-08,CANCELLED
6606,3652,vmoore@example.org,1260,Might short player,Casey-Romero Cinemas,1,9.39,2026-07-21,CONFIRMED
6607,3171,davisemily@example.org,628,Front its,Miller-Booker Cinemas,3,70.11,2026-07-14,CONFIRMED
6608,4338,achaney@example.org,753,Hot modern believe,Smith-James Cinemas,6,107.1,2026-07-23,CONFIRMED
6609,4414,ingramsara@example.com,120,As indeed can,Villa Group Cinemas,6,142.8,2026-06-27,CONFIRMED
6610,1782,christina43@example.net,569,President wind,Peterson-Wagner Cinemas,2,34.56,2026-06-24,CONFIRMED
6611,2144,gbrown@example.org,1800,Data us,Smith Group Cinemas,6,54.78,2026-07-23,CONFIRMED
6612,2601,zthompson@example.com,477,Point vote want,Nguyen-Castro Cinemas,1,15.02,2026-07-23,CONFIRMED
6613,2958,walshdaniel@example.org,1014,Music reason sense list,"Martinez, Roman and Murphy Cinemas",3,60.09,2026-06-16,CONFIRMED
6614,223,tbrown@example.com,746,Have grow rate,Price-Schmitt Cinemas,2,32.18,2026-07-18,CONFIRMED
6615,4930,susanbaker@example.org,77,Worker message truth present,Edwards PLC Cinemas,2,39.66,2026-06-12,CONFIRMED
6616,2899,nicolemckenzie@example.org,936,Traditional one,Mcclain Inc Cinemas,6,75.48,2026-07-23,CONFIRMED
6617,3605,melissa39@example.org,686,Decide star,Soto-Lopez Cinemas,2,25.88,2026-07-02,CONFIRMED
6618,2407,ulewis@example.net,1168,Claim magazine century,Peterson-Mullins Cinemas,5,86.45,2026-07-23,CONFIRMED
6619,2265,john03@example.com,675,Pattern far break,Scott-Perez Cinemas,2,49.0,2026-07-09,CONFIRMED
6620,1089,allisonbarr@example.com,667,Power list our,Flores Ltd Cinemas,5,101.8,2026-07-23,CONFIRMED
6621,1306,kgilbert@example.net,1028,Arrive occur sister,Pham Ltd Cinemas,6,95.7,2026-06-27,CONFIRMED
6622,1098,fwalton@example.com,1994,Particular,Hall-Barber Cinemas,4,50.6,2026-07-23,CONFIRMED
6623,3386,moorekatherine@example.net,459,Bank whatever,"James, Atkins and Alexander Cinemas",6,85.14,2026-07-23,CONFIRMED
6624,894,ppruitt@example.com,990,Hour this dinner,Davis LLC Cinemas,2,17.46,2026-07-23,CONFIRMED
6625,3148,catherinemartin@example.net,1925,Recent fire,"Walker, Turner and Brown Cinemas",4,76.12,2026-07-23,CONFIRMED
6626,1615,weberamber@example.org,705,Nice report,"Anderson, Wilson and Torres Cinemas",1,11.06,2026-07-23,CONFIRMED
6627,4692,caleb79@example.com,1345,Price production,"Phillips, Walters and Evans Cinemas",3,73.11,2026-07-23,CONFIRMED
6628,4622,edwin67@example.org,1390,Mind point game,Gibson Ltd Cinemas,6,48.42,2026-07-23,CONFIRMED
6629,3895,gary05@example.net,1393,Practice,Nichols-Lam Cinemas,1,11.67,2026-07-23,CONFIRMED
6630,251,janet65@example.com,1692,Forward become,Roberts-Mccarty Cinemas,1,10.84,2026-06-24,CONFIRMED
6631,35,taylormichael@example.net,524,Nearly score,"Davis, Johnson and Williams Cinemas",5,114.55,2026-07-23,CONFIRMED
6632,4499,natashaburke@example.net,1195,Media worry grow,Whitehead-Hernandez Cinemas,3,37.56,2026-07-17,CONFIRMED
6633,4739,xberry@example.net,246,Box ten class,Goodwin Inc Cinemas,3,43.17,2026-07-23,CONFIRMED
6634,2574,bmartin@example.net,734,Yourself social source,Johnson-Alvarez Cinemas,2,19.3,2026-06-28,CONFIRMED
6635,2465,joannadavis@example.net,451,Rise organization,"Taylor, Williams and Hall Cinemas",3,64.77,2026-07-03,CANCELLED
6636,1829,susanporter@example.org,991,Including drive,Page-Jacobs Cinemas,2,41.76,2026-06-16,CONFIRMED
6637,3538,eric34@example.com,1966,Conference,"Marshall, Murray and Miller Cinemas",3,24.3,2026-07-23,CONFIRMED
6638,1939,john90@example.org,190,Choose power customer,Burns-Nguyen Cinemas,3,57.69,2026-07-23,CONFIRMED
6639,1161,chasebeck@example.com,1049,Prepare much,"Barnes, Paul and Price Cinemas",1,16.51,2026-07-20,CONFIRMED
6640,3848,jerrygray@example.com,595,Value practice have,Robinson-Kennedy Cinemas,3,65.1,2026-06-22,CONFIRMED
6641,257,mcdanielgregory@example.net,347,Minute season political,Ward-Chase Cinemas,5,79.7,2026-07-02,CANCELLED
6642,1560,nmcintosh@example.com,1117,Detail more,"Berry, Green and Ward Cinemas",4,35.68,2026-07-23,CONFIRMED
6643,1944,louis04@example.org,365,However figure,"Carlson, Ware and Moore Cinemas",6,148.86,2026-07-23,CONFIRMED
6644,1201,keithdavis@example.com,1117,Detail more,"Berry, Green and Ward Cinemas",1,8.92,2026-07-23,CONFIRMED
6645,3407,gabriel94@example.org,304,Machine old,"Good, Brewer and Fisher Cinemas",1,16.65,2026-07-23,CONFIRMED
6646,2720,jocelynstephens@example.com,1185,Determine hundred,Johnson and Sons Cinemas,4,39.92,2026-06-19,CANCELLED
6647,3204,marcrobbins@example.org,855,Out civil service,Parks Ltd Cinemas,1,23.66,2026-07-23,CONFIRMED
6648,3885,fowleramanda@example.net,374,Again,"Miller, Friedman and Weaver Cinemas",2,45.04,2026-06-23,CONFIRMED
6649,4892,campbellkristen@example.com,1162,Amount hour level,Adams PLC Cinemas,3,61.65,2026-07-23,CONFIRMED
6650,3039,valerieyoder@example.net,39,Smile about,"Haas, Richardson and Lee Cinemas",2,30.66,2026-07-23,CONFIRMED
6651,532,osbornkelly@example.net,691,Business also,"Rich, Brown and Bruce Cinemas",4,53.88,2026-07-23,CONFIRMED
6652,1828,aaron67@example.net,555,One long low,"Ramsey, Martinez and Sherman Cinemas",1,12.9,2026-07-23,CONFIRMED
6653,4644,ujohnson@example.net,1041,Star clearly,Joseph Inc Cinemas,1,22.24,2026-07-11,CONFIRMED
6654,1964,tinaortiz@example.org,615,Respond land open,Maldonado-Becker Cinemas,1,19.75,2026-07-02,CANCELLED
6655,4514,amorrison@example.net,77,Worker message truth present,Edwards PLC Cinemas,3,59.49,2026-06-24,CONFIRMED
6656,4480,erikayoung@example.net,1812,Leg,Wagner and Sons Cinemas,1,12.79,2026-07-23,CONFIRMED
6657,2194,smithmatthew@example.org,1204,Economy,Johnson Inc Cinemas,1,13.77,2026-06-17,CONFIRMED
6658,2550,campbellanthony@example.net,1481,Culture Democrat,"Larson, Daniels and James Cinemas",6,130.62,2026-07-23,CONFIRMED
6659,660,nicholasjohnson@example.net,1887,Entire right,"Scott, Robertson and Mendez Cinemas",5,100.6,2026-07-23,CONFIRMED
6660,339,sara94@example.net,973,Our purpose,"Medina, Lee and Freeman Cinemas",5,124.05,2026-06-26,CONFIRMED
6661,2110,martin00@example.com,1648,Pass go,James Ltd Cinemas,1,16.25,2026-06-19,CONFIRMED
6662,1367,hgonzalez@example.org,1581,Next coach front expect,Wood-Williams Cinemas,3,57.0,2026-07-23,CONFIRMED
6663,2990,scottrodriguez@example.org,1729,Whether manager,"Patel, Palmer and Jones Cinemas",3,35.49,2026-06-26,CONFIRMED
6664,4768,frankjackson@example.org,690,Produce end heavy,"Castro, Garcia and Daniels Cinemas",2,33.38,2026-06-30,CANCELLED
6665,1856,jeffrey59@example.net,1429,Computer generation although matter,Long Inc Cinemas,3,54.6,2026-07-23,CANCELLED
6666,527,bryan79@example.net,1036,Success near,"Morales, Miller and Harrell Cinemas",4,92.32,2026-07-08,CONFIRMED
6667,586,soniaharmon@example.net,770,So yeah,Sims-Padilla Cinemas,6,138.0,2026-06-19,CONFIRMED
6668,4689,mmiller@example.org,1989,Much minute,"Gonzales, Short and Weaver Cinemas",3,72.42,2026-07-23,CONFIRMED
6669,2807,mfowler@example.com,520,Least nothing best huge,Reid-Miller Cinemas,4,53.72,2026-07-03,CONFIRMED
6670,4131,dalehudson@example.org,43,Nor consider tree,Sullivan PLC Cinemas,3,35.28,2026-07-02,CONFIRMED
6671,2849,whiteheadmatthew@example.com,302,Institution study along,Brown LLC Cinemas,3,45.42,2026-07-23,CONFIRMED
6672,446,jchase@example.com,1952,Force sing,Meyers-Owens Cinemas,2,46.08,2026-07-23,CONFIRMED
6673,4834,adamsjoseph@example.org,1633,Program yourself,Stevenson Group Cinemas,1,21.02,2026-07-23,CONFIRMED
6674,3052,rgarcia@example.org,1849,Culture part language,Schmidt-Mendoza Cinemas,2,37.18,2026-07-23,CONFIRMED
6675,227,brownreginald@example.net,525,Protect official cause,Oconnell-Smith Cinemas,5,47.1,2026-07-23,CONFIRMED
6676,2059,davidlove@example.com,424,Management nearly understand,Hardy PLC Cinemas,5,72.85,2026-07-23,CONFIRMED
6677,246,sullivanjoshua@example.net,1620,Example evening campaign,"Carpenter, Morrow and Smith Cinemas",3,30.36,2026-07-16,CONFIRMED
6678,1226,jason46@example.net,1826,Fact true,Guzman-Montoya Cinemas,6,145.14,2026-07-23,CONFIRMED
6679,921,carolineperry@example.org,1813,Still gun,Ferguson and Sons Cinemas,2,49.04,2026-07-23,CONFIRMED
6680,3490,blakesarah@example.net,871,Sign be land,Jones Inc Cinemas,3,57.15,2026-07-23,CONFIRMED
6681,318,reyesjackie@example.org,838,Leader,Ross-Blair Cinemas,4,99.6,2026-06-13,CONFIRMED
6682,185,thomasstephen@example.net,400,Later human should,Andersen and Sons Cinemas,6,98.82,2026-07-23,CONFIRMED
6683,1491,hannahfields@example.com,86,Site unit response,Moran PLC Cinemas,4,47.2,2026-07-23,CANCELLED
6684,3016,hshah@example.com,192,Discuss create,Duke-Schultz Cinemas,5,95.6,2026-07-23,CONFIRMED
6685,4615,pattonkaitlyn@example.com,1675,Clear order expert,Gibbs Group Cinemas,2,25.06,2026-07-23,CONFIRMED
6686,1941,douglashart@example.net,1706,Do assume,Pena-Bass Cinemas,6,136.44,2026-06-19,CANCELLED
6687,4641,clinton67@example.com,165,Place growth staff,"Davis, Rodriguez and Andrews Cinemas",6,147.66,2026-07-23,CANCELLED
6688,2949,mramos@example.net,862,Write maintain,Hamilton LLC Cinemas,5,57.35,2026-07-15,CONFIRMED
6689,1780,michaelford@example.org,1885,Religious be,Martinez Inc Cinemas,1,24.51,2026-06-12,CONFIRMED
6690,1843,jameschaney@example.net,684,Mrs call,Griffin Ltd Cinemas,5,56.6,2026-07-23,CONFIRMED
6691,4381,jenniferpage@example.net,1603,Return trouble conference,Miller Inc Cinemas,3,24.63,2026-06-16,CONFIRMED
6692,3541,william78@example.net,1503,Speak pay and,Mccarthy-Hobbs Cinemas,2,35.86,2026-07-13,CONFIRMED
6693,2546,samantha05@example.net,72,Central design affect,Rodriguez-Hernandez Cinemas,3,48.72,2026-07-23,CONFIRMED
6694,4164,gallaghermartin@example.com,1578,Cost agent,Ward-Blake Cinemas,6,89.64,2026-07-11,CONFIRMED
6695,4929,christinakim@example.net,1153,Hit green long,Avila LLC Cinemas,5,49.25,2026-07-10,CONFIRMED
6696,1572,cooleypatricia@example.org,29,Dream experience chair,Garcia LLC Cinemas,4,33.84,2026-06-27,CONFIRMED
6697,546,zhumphrey@example.org,1459,Way former affect network,"Kennedy, Cohen and Pennington Cinemas",4,35.2,2026-07-12,CONFIRMED
6698,3203,qlong@example.com,1443,Alone institution education,Rojas Inc Cinemas,5,75.45,2026-07-23,CONFIRMED
6699,952,kenneth76@example.org,1267,Hit adult example,Whitney-Flores Cinemas,6,74.34,2026-07-23,CONFIRMED
6700,1528,louis02@example.org,1448,Pm her yes,"Ellis, Ortega and Andrade Cinemas",3,69.96,2026-07-23,CONFIRMED
6701,2420,frankjimenez@example.net,1682,Against discuss give,"Richardson, Stephens and Barnes Cinemas",6,77.04,2026-06-20,CONFIRMED
6702,3795,michellemorgan@example.com,497,Moment,Jordan-Campbell Cinemas,2,28.16,2026-07-23,CONFIRMED
6703,4332,eaustin@example.org,1690,Fund weight,"Compton, Owens and Decker Cinemas",1,8.39,2026-07-23,CONFIRMED
6704,3965,burchalyssa@example.net,859,Necessary much,"Vang, Wilkinson and Wilson Cinemas",4,73.28,2026-07-03,CONFIRMED
6705,4095,hughesjoseph@example.net,1098,Type score ready,"Silva, Snyder and Reeves Cinemas",5,100.55,2026-07-23,CANCELLED
6706,1629,stephen61@example.com,1080,Record subject month,Martinez-Allen Cinemas,2,21.0,2026-06-20,CONFIRMED
6707,4290,jacqueline24@example.org,745,Visit always,"English, Holloway and Jones Cinemas",4,80.64,2026-06-23,CONFIRMED
6708,2112,jaredwilliams@example.org,1035,Staff agency,"Turner, Ponce and Barrett Cinemas",2,37.62,2026-07-10,CANCELLED
6709,1918,brandimoore@example.org,1405,Their per poor,Smith Ltd Cinemas,3,50.94,2026-07-23,CONFIRMED
6710,2497,jacksonmatthew@example.com,1651,Campaign wife,"Herring, Wilson and Mendoza Cinemas",6,109.26,2026-07-11,CONFIRMED
6711,2884,christianmendez@example.com,1009,Another,Edwards and Sons Cinemas,2,31.0,2026-06-13,CONFIRMED
6712,4305,rodgersashley@example.net,1573,Pattern structure,Robinson Inc Cinemas,4,57.92,2026-07-13,CANCELLED
6713,3908,mlopez@example.com,575,Run hold southern,Christian Ltd Cinemas,2,34.04,2026-07-08,CONFIRMED
6714,3077,austin67@example.org,1207,Agent environmental,"Herrera, Jensen and Ramirez Cinemas",4,76.44,2026-07-23,CONFIRMED
6715,1250,ingrambrandon@example.com,1166,Believe dark,"Garza, Williams and Walker Cinemas",2,36.76,2026-07-02,CONFIRMED
6716,3190,xcruz@example.org,1472,Focus listen,"Smith, Yang and Ford Cinemas",6,98.16,2026-07-01,CONFIRMED
6717,3019,jacksonlaura@example.com,434,President coach,James and Sons Cinemas,5,112.8,2026-07-23,CANCELLED
6718,1054,clarkmichael@example.org,207,Let building,Hansen-Schneider Cinemas,1,13.99,2026-07-23,CANCELLED
6719,2169,lawrencelambert@example.com,1346,Energy find side,"Whitney, Mayo and Clark Cinemas",4,42.76,2026-07-23,CONFIRMED
6720,2319,floydjoann@example.com,1518,Dark drive,"Newman, Carter and Brown Cinemas",2,29.86,2026-07-23,CONFIRMED
6721,1049,davidsmith@example.com,304,Machine old,"Good, Brewer and Fisher Cinemas",3,49.95,2026-07-23,CONFIRMED
6722,4421,scruz@example.net,22,Own pretty field,"Garrison, Ryan and Miller Cinemas",6,59.1,2026-06-20,CONFIRMED
6723,2105,christopherfields@example.org,1434,But issue everything,Moyer-Ramirez Cinemas,2,27.84,2026-06-22,CONFIRMED
6724,3045,carpenterkristen@example.org,1618,Maintain while,"Howard, Gomez and Owens Cinemas",5,109.8,2026-07-23,CONFIRMED
6725,1696,robin19@example.com,1582,Plan may,English-Dominguez Cinemas,1,21.29,2026-07-02,CONFIRMED
6726,2001,redwards@example.com,16,Smile wrong,"Ramirez, Horne and Johnson Cinemas",3,42.12,2026-07-02,CONFIRMED
6727,727,kaiserhunter@example.org,210,Third according,Delgado Inc Cinemas,1,20.53,2026-07-23,CONFIRMED
6728,4094,markhill@example.org,1524,Land hotel along,"Meyers, Farrell and Miller Cinemas",3,36.78,2026-07-23,CONFIRMED
6729,266,taramejia@example.org,75,Sometimes charge,"Thomas, White and Jensen Cinemas",5,51.65,2026-07-23,CANCELLED
6730,4866,hsmith@example.com,753,Hot modern believe,Smith-James Cinemas,5,89.25,2026-07-23,CONFIRMED
6731,3126,welchsteven@example.org,1388,Evidence protect,"Freeman, Hall and Allison Cinemas",6,68.34,2026-07-23,CONFIRMED
6732,2091,alfredblair@example.com,21,Instead,Wood-Watson Cinemas,6,69.48,2026-07-23,CONFIRMED
6733,2776,lawsonjames@example.com,1360,Major speech where idea,Mccoy-Alvarado Cinemas,5,114.15,2026-07-23,CONFIRMED
6734,277,matthewsmith@example.org,1721,Everyone water message,Cook PLC Cinemas,4,69.24,2026-07-23,CONFIRMED
6735,516,ucampos@example.com,1795,Front trouble adult,"Robinson, Jones and Welch Cinemas",5,64.7,2026-07-06,CONFIRMED
6736,2779,david43@example.com,1861,Summer out,"Marquez, Martinez and Bailey Cinemas",5,112.85,2026-07-13,CONFIRMED
6737,590,ruth45@example.org,224,More current,Patterson-Lawrence Cinemas,3,74.37,2026-06-20,CONFIRMED
6738,65,reynoldsmichelle@example.org,48,Hospital attorney computer,"Patterson, Camacho and White Cinemas",2,49.14,2026-07-23,CONFIRMED
6739,3865,christopher06@example.com,278,Machine short,Edwards and Sons Cinemas,6,89.82,2026-07-06,CONFIRMED
6740,3986,broman@example.com,356,Nor rule,"Cain, Contreras and Jackson Cinemas",5,88.6,2026-06-29,CONFIRMED
6741,699,fullerkristie@example.com,1122,Power apply outside,Buchanan LLC Cinemas,6,92.46,2026-07-23,CONFIRMED
6742,1992,srodriguez@example.net,1694,Fall letter,Gibson-Gardner Cinemas,1,23.64,2026-07-23,CONFIRMED
6743,1608,merritttaylor@example.com,149,City now,Williams Ltd Cinemas,1,8.14,2026-07-23,CONFIRMED
6744,653,davidbrock@example.com,398,Well down produce bag,Vega-Lawrence Cinemas,4,95.88,2026-07-11,CONFIRMED
6745,4970,hayesanthony@example.com,1923,Small million,"Nguyen, Ellis and Wright Cinemas",1,9.83,2026-07-08,CONFIRMED
6746,2994,elizabeth11@example.org,789,Result discuss standard,Grant-Diaz Cinemas,1,14.96,2026-06-22,CONFIRMED
6747,3749,hendersonfernando@example.net,1658,Laugh across,Anderson-Silva Cinemas,2,47.4,2026-07-06,CONFIRMED
6748,2839,rmitchell@example.org,993,Read girl,Valdez-Jacobs Cinemas,3,63.96,2026-07-23,CONFIRMED
6749,3061,schultzderek@example.net,1004,Education likely,"Arnold, Ashley and Alexander Cinemas",6,104.28,2026-07-05,CONFIRMED
6750,2625,brooke45@example.net,598,Everything run after,Roth Ltd Cinemas,5,123.85,2026-07-23,CONFIRMED
6751,4659,hughesalexis@example.org,1636,Recent middle music,"Murphy, Lee and Garcia Cinemas",2,27.46,2026-07-23,CONFIRMED
6752,2904,johntravis@example.org,1491,To much however create,Howe Inc Cinemas,1,16.65,2026-07-01,CANCELLED
6753,2797,olsencarlos@example.com,1299,Go face very language,Castro and Sons Cinemas,6,90.96,2026-07-23,CONFIRMED
6754,2559,jamestodd@example.com,283,International thousand,"Cox, Ford and Huffman Cinemas",6,97.02,2026-06-19,CONFIRMED
6755,1400,adamstephens@example.org,1074,Its bit foreign,"Wilson, Jacobson and Griffith Cinemas",6,112.86,2026-07-23,CONFIRMED
6756,3212,wnelson@example.com,7,Could social,"Allen, Gonzales and Reeves Cinemas",5,102.55,2026-07-23,CONFIRMED
6757,4961,henrymarshall@example.net,1719,Difficult page send always,"Meyer, Dawson and Harper Cinemas",4,58.2,2026-06-21,CANCELLED
6758,4501,mark79@example.net,322,Skill like,"Blevins, Delgado and Bennett Cinemas",1,22.5,2026-07-23,CANCELLED
6759,895,gromero@example.com,1690,Fund weight,"Compton, Owens and Decker Cinemas",1,8.39,2026-07-23,CONFIRMED
6760,514,stevengreene@example.org,1423,Or fall forward institution,"Dorsey, Reyes and Dunn Cinemas",3,34.02,2026-07-18,CANCELLED
6761,2983,nathanbanks@example.org,889,Their parent alone,Barnett PLC Cinemas,5,102.6,2026-07-23,CANCELLED
6762,4349,jamesdavid@example.com,217,Cultural money something,Mendoza Group Cinemas,1,23.82,2026-07-17,CANCELLED
6763,3002,burnskatherine@example.org,866,Important to mean,"May, Valenzuela and Lee Cinemas",5,79.8,2026-07-02,CONFIRMED
6764,4457,brownbarbara@example.com,82,Wife reflect nearly service,Hill-Guerra Cinemas,1,23.45,2026-06-26,CONFIRMED
6765,4386,robertdavis@example.net,139,Name also,Shaffer-Yates Cinemas,6,49.08,2026-07-16,CONFIRMED
6766,69,yrichardson@example.com,199,Yes month,Hoover-Parrish Cinemas,6,79.68,2026-07-23,CONFIRMED
6767,2776,lawsonjames@example.com,213,Agent also,Owens-Mayer Cinemas,2,42.28,2026-07-21,CONFIRMED
6768,1410,ndiaz@example.com,1210,Staff year,Anderson Inc Cinemas,3,55.23,2026-07-23,CONFIRMED
6769,3396,tammyowen@example.com,665,Stand from happen,"Burns, Barker and Horton Cinemas",4,55.96,2026-07-23,CONFIRMED
6770,2257,robertzamora@example.org,342,Policy throughout,Mcmahon PLC Cinemas,1,19.9,2026-06-21,CANCELLED
6771,679,martinezdavid@example.org,1404,Expect production,Davis Inc Cinemas,3,52.77,2026-07-23,CONFIRMED
6772,3539,paulabrooks@example.net,1775,Source south ask,Shields LLC Cinemas,2,32.46,2026-07-08,CONFIRMED
6773,4563,joseph28@example.org,1338,About book partner,"Levy, Franco and Hoffman Cinemas",2,26.96,2026-06-21,CONFIRMED
6774,1776,danielletorres@example.com,116,Parent strategy not,Hernandez Inc Cinemas,4,53.64,2026-07-16,CANCELLED
6775,558,smithjohn@example.org,1321,Report do question,White Inc Cinemas,6,86.34,2026-06-16,CONFIRMED
6776,1535,williamskaren@example.org,1307,Ball great,"Thomas, White and Jensen Cinemas",3,38.25,2026-07-23,CONFIRMED
6777,1681,ndillon@example.net,1094,Also,"Hunter, Taylor and York Cinemas",3,61.02,2026-06-29,CONFIRMED
6778,2478,smcguire@example.org,34,Staff political theory,Miller-Smith Cinemas,5,118.9,2026-07-23,CONFIRMED
6779,4200,michael78@example.com,1282,Institution anyone significant,Gallegos-Turner Cinemas,1,16.24,2026-06-14,CONFIRMED
6780,4873,josebutler@example.com,1101,Stock for political,"Freeman, Hall and Allison Cinemas",3,39.54,2026-06-22,CONFIRMED
6781,1878,jessecohen@example.org,762,Product organization,Johnson Inc Cinemas,1,15.49,2026-07-01,CONFIRMED
6782,3047,anthonywinters@example.com,506,Different community entire,"Herrera, Jensen and Ramirez Cinemas",1,15.26,2026-07-23,CONFIRMED
6783,523,shane49@example.net,131,Growth continue,Thomas-Wiggins Cinemas,5,73.2,2026-07-23,CONFIRMED
6784,1009,hansonbriana@example.org,451,Rise organization,"Taylor, Williams and Hall Cinemas",2,43.18,2026-07-02,CONFIRMED
6785,3445,sarahmiles@example.org,469,Authority glass,"Vang, Wilkinson and Wilson Cinemas",1,22.72,2026-07-23,CONFIRMED
6786,599,awoodward@example.net,188,Citizen then,Sanchez-Douglas Cinemas,2,47.74,2026-07-23,CONFIRMED
6787,107,qflores@example.org,1427,Truth over western best,Lynn Group Cinemas,4,59.44,2026-07-16,CANCELLED
6788,1335,thomas06@example.net,106,Blue near serve,"Young, Allen and Hernandez Cinemas",6,148.74,2026-07-15,CONFIRMED
6789,1025,jonesjerry@example.net,114,Guy visit concern,Johnson-Alvarez Cinemas,5,58.15,2026-06-15,CONFIRMED
6790,698,andrearivera@example.net,1153,Hit green long,Avila LLC Cinemas,5,49.25,2026-07-02,CONFIRMED
6791,613,thomaswhite@example.org,1709,Office discussion,Hudson-Sparks Cinemas,6,87.84,2026-07-23,CONFIRMED
6792,2560,kenneth22@example.net,1797,Win out,Prince Inc Cinemas,4,94.52,2026-06-21,CONFIRMED
6793,947,zgrimes@example.net,485,Think someone health,Baxter PLC Cinemas,4,88.56,2026-06-28,CONFIRMED
6794,1406,wilcoxjennifer@example.com,1486,Child analysis,Page-Jacobs Cinemas,4,67.44,2026-07-23,CONFIRMED
6795,1319,brittanyyoder@example.com,614,Maintain great gas,Lowery LLC Cinemas,6,135.06,2026-06-29,CONFIRMED
6796,3530,hjohnson@example.com,834,Suggest drug born,"Jones, Abbott and Pope Cinemas",2,39.18,2026-07-12,CONFIRMED
6797,18,rachelcastillo@example.com,766,Arm,Acosta and Sons Cinemas,1,23.49,2026-06-21,CANCELLED
6798,2033,erichmond@example.org,414,Staff argue ten,"Myers, Gamble and Sanford Cinemas",3,55.89,2026-07-23,CONFIRMED
6799,61,iparker@example.org,1288,Agreement outside night,Spears Ltd Cinemas,2,17.76,2026-07-23,CONFIRMED
6800,1980,ublack@example.net,498,Specific single already accept,"French, Phelps and Berry Cinemas",5,107.55,2026-07-23,CONFIRMED
6801,2506,andre19@example.com,217,Cultural money something,Mendoza Group Cinemas,1,23.82,2026-07-15,CANCELLED
6802,368,teresa76@example.org,1453,Carry available,"Davis, Mays and Douglas Cinemas",3,45.69,2026-07-23,CONFIRMED
6803,1061,yware@example.com,81,Personal word,"Strickland, Mccormick and Santos Cinemas",2,46.44,2026-07-10,CANCELLED
6804,3270,brittanyjohnson@example.com,1107,A,Morgan and Sons Cinemas,1,24.96,2026-07-08,CONFIRMED
6805,4526,tholt@example.net,704,Send develop good,"Miller, Hansen and Salas Cinemas",5,97.3,2026-07-14,CONFIRMED
6806,2388,skirby@example.com,1809,Nearly second,"Brown, Ali and Jones Cinemas",6,75.24,2026-07-23,CANCELLED
6807,4922,duane50@example.com,1322,Cover others,Hill Inc Cinemas,5,89.9,2026-07-11,CONFIRMED
6808,134,collinmiller@example.com,1683,Call pick,Holden LLC Cinemas,2,31.5,2026-06-23,CONFIRMED
6809,594,fflowers@example.com,905,It week yeah,Singleton-King Cinemas,2,33.76,2026-06-30,CONFIRMED
6810,2616,rhonda97@example.org,1288,Agreement outside night,Spears Ltd Cinemas,5,44.4,2026-07-23,CONFIRMED
6811,410,lball@example.com,398,Well down produce bag,Vega-Lawrence Cinemas,2,47.94,2026-07-03,CANCELLED
6812,4379,bmiller@example.org,720,Such small speech,Jackson-Cooper Cinemas,4,91.76,2026-07-21,CONFIRMED
6813,3296,jlopez@example.net,1596,Race,Davis-Abbott Cinemas,2,38.06,2026-07-23,CONFIRMED
6814,1694,oconnorvictoria@example.net,599,Reality,"Herring, Wilson and Mendoza Cinemas",6,143.58,2026-07-03,CANCELLED
6815,3598,clarkjustin@example.net,1151,Common story,Davis Inc Cinemas,3,35.04,2026-07-23,CONFIRMED
6816,4373,sullivanalfred@example.net,667,Power list our,Flores Ltd Cinemas,1,20.36,2026-07-23,CONFIRMED
6817,1989,yrivera@example.org,305,Majority deep,"Marquez, Martinez and Bailey Cinemas",5,41.2,2026-07-23,CONFIRMED
6818,4197,rmclean@example.net,120,As indeed can,Villa Group Cinemas,3,71.4,2026-06-26,CANCELLED
6819,4692,caleb79@example.com,402,Choice short,Black-Mccoy Cinemas,2,44.44,2026-07-14,CONFIRMED
6820,4020,haneycarrie@example.com,1413,Either finish system,Newton PLC Cinemas,6,97.26,2026-06-18,CONFIRMED
6821,3119,barkerdaniel@example.com,1091,Defense skin,Howe Inc Cinemas,5,115.55,2026-07-23,CONFIRMED
6822,4678,lamroger@example.net,1685,Indicate however,Moore Group Cinemas,4,58.4,2026-07-06,CONFIRMED
6823,4210,justinellison@example.com,705,Nice report,"Anderson, Wilson and Torres Cinemas",5,55.3,2026-07-23,CONFIRMED
6824,4659,hughesalexis@example.org,61,Baby rather,"Ramsey, Martinez and Sherman Cinemas",3,61.2,2026-06-29,CONFIRMED
6825,1088,afitzpatrick@example.org,556,Pretty least,Morris-Armstrong Cinemas,4,99.52,2026-06-30,CANCELLED
6826,2027,kathryn64@example.com,1415,Act indicate conference,"Arnold, Vargas and Ramirez Cinemas",2,32.12,2026-07-23,CONFIRMED
6827,2812,carrbryan@example.com,1573,Pattern structure,Robinson Inc Cinemas,4,57.92,2026-07-23,CONFIRMED
6828,2542,aguerra@example.net,730,He authority third,Baxter PLC Cinemas,6,134.4,2026-07-23,CONFIRMED
6829,763,tracywilkins@example.net,759,Continue serve,Wood-Williams Cinemas,2,36.98,2026-07-17,CANCELLED
6830,3231,tranangela@example.net,1142,Hear deep likely,Miller Group Cinemas,5,88.55,2026-07-14,CONFIRMED
6831,384,elizabeth39@example.net,290,Three low,Hoffman PLC Cinemas,4,41.0,2026-07-23,CONFIRMED
6832,167,kylemartinez@example.net,486,Few late hospital,"Wolfe, Chavez and Mcbride Cinemas",1,24.43,2026-07-23,CANCELLED
6833,2190,clarkmelinda@example.com,1783,Start activity,Wang-Jackson Cinemas,4,88.04,2026-07-06,CONFIRMED
6834,4203,dorisphillips@example.net,1654,Foreign,"Nguyen, Marsh and Beck Cinemas",6,58.32,2026-07-23,CONFIRMED
6835,2541,earl23@example.com,1027,Significant impact,Haynes-Moss Cinemas,4,82.8,2026-07-23,CONFIRMED
6836,254,jessica91@example.org,1273,Mouth enough,Knight Group Cinemas,6,147.06,2026-06-30,CONFIRMED
6837,4927,wendyjones@example.org,613,Member necessary agency,Reese Group Cinemas,3,31.41,2026-07-21,CONFIRMED
6838,4013,mallory90@example.org,1985,Bank,Thomas-Stevens Cinemas,6,137.04,2026-06-24,CONFIRMED
6839,1299,gardnerjoshua@example.net,351,Vote decade,Marshall Group Cinemas,1,17.2,2026-06-25,CONFIRMED
6840,108,omarmiller@example.net,922,Red decade,Holland and Sons Cinemas,2,34.58,2026-07-23,CONFIRMED
6841,4090,bmullins@example.net,1544,Enjoy former development,Vargas-Jensen Cinemas,2,47.52,2026-07-23,CONFIRMED
6842,149,alexisgibbs@example.com,1361,Mrs student,Williams-Mckenzie Cinemas,3,31.83,2026-06-27,CONFIRMED
6843,2203,eneal@example.com,781,Minute right think trouble,Obrien PLC Cinemas,1,13.75,2026-06-28,CANCELLED
6844,4920,carriebrewer@example.com,80,Get condition goal,Carroll-Snyder Cinemas,3,31.95,2026-07-19,CONFIRMED
6845,2598,beth58@example.net,1896,Civil bar college,Barrera Group Cinemas,5,95.8,2026-07-14,CANCELLED
6846,2852,uhorton@example.net,68,Him song already,Smith-Clayton Cinemas,3,59.25,2026-07-18,CONFIRMED
6847,833,leslie24@example.org,313,At,Foster Ltd Cinemas,1,21.85,2026-07-23,CANCELLED
6848,2949,mramos@example.net,1839,Visit bring behind there,Harris-Wright Cinemas,5,91.7,2026-07-23,CONFIRMED
6849,4991,jessica00@example.com,104,Design short take,Rodriguez PLC Cinemas,4,35.2,2026-07-23,CONFIRMED
6850,2612,kaustin@example.com,1695,Decision,Johnson-Alvarez Cinemas,6,55.98,2026-06-25,CONFIRMED
6851,68,jensenrebecca@example.com,1234,Movie management,"Wheeler, Rocha and Rodriguez Cinemas",1,19.3,2026-07-23,CONFIRMED
6852,3757,christopher07@example.net,247,Development me need,Martinez Ltd Cinemas,4,45.24,2026-07-20,CANCELLED
6853,52,ashley66@example.com,1389,Think find,"Gonzalez, Santos and Gardner Cinemas",2,47.12,2026-07-23,CONFIRMED
6854,1813,lauramartin@example.com,1681,Not practice,Joseph Inc Cinemas,3,56.01,2026-07-18,CONFIRMED
6855,2729,bradfordsheila@example.com,1666,Deal me each,Mccarthy-Hobbs Cinemas,3,43.8,2026-06-23,CONFIRMED
6856,3321,johnsilva@example.org,798,Lay same,Owens-Lang Cinemas,3,27.9,2026-07-23,CONFIRMED
6857,218,sarah17@example.com,1269,Network work,"Cox, Chavez and Davis Cinemas",5,114.7,2026-07-17,CONFIRMED
6858,70,nathan62@example.org,1951,New including product,"Yang, Willis and Walker Cinemas",2,36.54,2026-07-23,CANCELLED
6859,4599,williamsstephen@example.net,1893,Ahead democratic listen,Kirk Inc Cinemas,1,23.86,2026-07-05,CONFIRMED
6860,2861,tcox@example.net,745,Visit always,"English, Holloway and Jones Cinemas",4,80.64,2026-07-05,CONFIRMED
6861,926,morenomary@example.org,579,Term between,Johnson-Powers Cinemas,6,132.9,2026-07-23,CONFIRMED
6862,2452,maustin@example.com,527,Some our,Rhodes-Holland Cinemas,2,38.16,2026-07-23,CONFIRMED
6863,487,herringgerald@example.org,1413,Either finish system,Newton PLC Cinemas,6,97.26,2026-06-14,CONFIRMED
6864,3712,christinabrewer@example.net,973,Our purpose,"Medina, Lee and Freeman Cinemas",1,24.81,2026-07-03,CANCELLED
6865,4534,haynesmichelle@example.net,314,System pressure,Andrews-Aguirre Cinemas,3,42.57,2026-07-23,CONFIRMED
6866,1635,anna23@example.com,1422,Policy,"Boyd, Ellis and Maynard Cinemas",1,18.13,2026-07-23,CONFIRMED
6867,2370,reginaldgoodman@example.com,1704,Contain mission career,"Miller, Hansen and Salas Cinemas",5,106.2,2026-07-23,CONFIRMED
6868,4139,ataylor@example.net,582,Blue stand shoulder,"Hayes, Sharp and Wilson Cinemas",2,45.8,2026-07-12,CONFIRMED
6869,4954,tonyparker@example.com,460,Door give hair,"James, Howard and Johnson Cinemas",2,47.08,2026-07-23,CONFIRMED
6870,2381,russellsamantha@example.com,594,Arm interest,"Jones, Sanchez and Thomas Cinemas",6,134.94,2026-07-23,CONFIRMED
6871,2811,lwalton@example.com,1144,Have reach water hit,Henderson LLC Cinemas,2,34.92,2026-07-11,CONFIRMED
6872,3581,gilbertamanda@example.org,759,Continue serve,Wood-Williams Cinemas,6,110.94,2026-07-21,CONFIRMED
6873,3004,jay71@example.com,152,Company medical house,Jackson-Campbell Cinemas,6,90.54,2026-07-23,CONFIRMED
6874,1581,joseph00@example.com,188,Citizen then,Sanchez-Douglas Cinemas,3,71.61,2026-07-23,CONFIRMED
6875,1249,regina11@example.com,1561,While everybody woman,"Webb, Thompson and Moore Cinemas",1,23.25,2026-07-23,CONFIRMED
6876,4296,tonyaramos@example.com,897,Mind,"Russell, Murphy and Davis Cinemas",5,115.65,2026-07-23,CONFIRMED
6877,4653,nathansandoval@example.net,1940,Continue offer anyone,"Marshall, Murray and Miller Cinemas",4,84.72,2026-07-06,CONFIRMED
6878,3375,diane90@example.org,1655,Yeah exist,Williams-Harmon Cinemas,3,59.91,2026-07-23,CONFIRMED
6879,3219,webbashley@example.org,985,Dark lot sister,Lynn Group Cinemas,1,16.63,2026-07-23,CONFIRMED
6880,3962,johnathan76@example.net,1627,Mouth himself,"Evans, David and Hendrix Cinemas",3,33.69,2026-07-23,CONFIRMED
6881,2986,hartmanvictor@example.com,1366,Allow couple,Villarreal and Sons Cinemas,1,10.26,2026-07-23,CONFIRMED
6882,2464,james70@example.net,1219,Fear somebody,"Davis, Wood and Paul Cinemas",3,30.24,2026-07-23,CONFIRMED
6883,2346,kaylee70@example.org,748,Audience new,Mendoza-Jackson Cinemas,4,40.0,2026-07-20,CONFIRMED
6884,3981,dawnroberts@example.net,610,Remember hotel really authority,Aguirre-Bennett Cinemas,6,55.44,2026-07-23,CONFIRMED
6885,2426,tyrone95@example.org,236,Worker eight,Blevins-Ballard Cinemas,1,17.04,2026-07-23,CONFIRMED
6886,1588,rebeccarodriguez@example.net,1262,Production open,Johnson Inc Cinemas,2,19.08,2026-06-20,CANCELLED
6887,3535,barry75@example.com,450,Ahead deal,"Gonzales, Short and Weaver Cinemas",4,46.08,2026-07-23,CANCELLED
6888,4657,jamesobrien@example.net,1795,Front trouble adult,"Robinson, Jones and Welch Cinemas",2,25.88,2026-07-04,CONFIRMED
6889,845,teresaflores@example.com,1657,Town direction,"Walton, Anderson and Cook Cinemas",1,20.03,2026-07-23,CONFIRMED
6890,1143,curtisjacqueline@example.org,1138,Cultural detail talk,"Stevens, Howell and Mitchell Cinemas",2,27.94,2026-07-23,CONFIRMED
6891,3191,christopherrodriguez@example.com,1038,Recently support,"Chase, Prince and Wilcox Cinemas",2,45.64,2026-07-23,CONFIRMED
6892,3813,stephanie11@example.com,1049,Prepare much,"Barnes, Paul and Price Cinemas",5,82.55,2026-07-20,CONFIRMED
6893,4335,mgarcia@example.net,1209,While court,"Moore, Alexander and Reed Cinemas",1,16.26,2026-07-11,CONFIRMED
6894,2697,sandra16@example.com,939,Maintain site night,"Li, Jensen and Vazquez Cinemas",6,101.22,2026-06-17,CONFIRMED
6895,3620,ibrewer@example.org,1199,Everybody coach,Wyatt Ltd Cinemas,5,51.05,2026-07-23,CONFIRMED
6896,2786,pollardgina@example.net,1017,List civil just education,Price-Lee Cinemas,1,8.37,2026-07-21,CONFIRMED
6897,1965,eanderson@example.net,1106,Method tonight them,Terry-Price Cinemas,6,87.36,2026-07-23,CONFIRMED
6898,563,craig18@example.com,1528,Stop herself think,Grant-Diaz Cinemas,6,133.68,2026-07-23,CONFIRMED
6899,3912,douglas05@example.net,327,Fine nor TV,"Smith, Yang and Ford Cinemas",5,115.05,2026-06-28,CONFIRMED
6900,98,iweiss@example.org,1507,Attorney face,Smith Ltd Cinemas,6,82.56,2026-06-22,CANCELLED
6901,2213,dennis53@example.com,558,Seven,"Marshall, Murray and Miller Cinemas",2,39.04,2026-07-23,CONFIRMED
6902,1831,bradleymercado@example.net,30,Either writer tonight,Casey-Romero Cinemas,5,67.95,2026-06-28,CONFIRMED
6903,4172,lindaflowers@example.net,1635,Pressure half debate,"French, Phelps and Berry Cinemas",6,88.74,2026-07-04,CONFIRMED
6904,2461,kphillips@example.net,523,Decision continue,Sherman and Sons Cinemas,3,66.42,2026-07-23,CONFIRMED
6905,2149,jasonrhodes@example.net,1204,Economy,Johnson Inc Cinemas,2,27.54,2026-06-20,CONFIRMED
6906,2288,irobinson@example.com,331,Job prepare either suffer,Joseph Inc Cinemas,5,111.1,2026-06-13,CONFIRMED
6907,3595,boonepaul@example.net,551,Measure above she east,Nunez LLC Cinemas,5,53.45,2026-06-29,CONFIRMED
6908,4222,christinehowell@example.org,1700,Song to foreign,Buchanan LLC Cinemas,3,38.73,2026-07-23,CANCELLED
6909,4739,xberry@example.net,835,Social which,"Payne, Escobar and Barrett Cinemas",3,39.42,2026-07-23,CONFIRMED
6910,4987,brianahoover@example.net,1069,Finish person,Morris-Armstrong Cinemas,2,16.54,2026-07-23,CONFIRMED
6911,2268,andersoncharles@example.net,594,Arm interest,"Jones, Sanchez and Thomas Cinemas",5,112.45,2026-07-23,CONFIRMED
6912,555,nathan39@example.com,980,Market there us design,Martinez PLC Cinemas,5,100.65,2026-07-23,CONFIRMED
6913,1155,dawn33@example.org,818,Opportunity might,Jennings Group Cinemas,2,30.56,2026-07-23,CONFIRMED
6914,2749,spowers@example.net,1973,With should,Carter-Hendrix Cinemas,5,73.8,2026-06-28,CONFIRMED
6915,2774,jocelyn90@example.org,921,Market consider,Barnett PLC Cinemas,6,99.42,2026-07-23,CONFIRMED
6916,1277,qcallahan@example.org,568,Big while capital,Holden LLC Cinemas,1,12.07,2026-07-11,CONFIRMED
6917,666,jscott@example.com,1169,Bill involve sound future,"Guerrero, Watson and Perry Cinemas",4,85.72,2026-07-04,CONFIRMED
6918,1883,john00@example.com,588,For true we,Wright and Sons Cinemas,2,21.3,2026-07-23,CONFIRMED
6919,2903,fsanchez@example.org,1560,Wife cost language,"Greene, Rogers and Haley Cinemas",3,45.81,2026-07-15,CONFIRMED
6920,3260,lopeztonya@example.org,451,Rise organization,"Taylor, Williams and Hall Cinemas",5,107.95,2026-07-02,CONFIRMED
6921,2587,davidrasmussen@example.net,1178,Conference wait military,Smith LLC Cinemas,4,64.28,2026-07-23,CONFIRMED
6922,367,kimberlyperez@example.org,406,Particular customer to,"Snyder, Walker and Harris Cinemas",4,49.56,2026-06-26,CONFIRMED
6923,2181,brent63@example.net,8,General above price,Flores Ltd Cinemas,4,86.8,2026-07-11,CONFIRMED
6924,3416,anita85@example.org,1054,Type plan,Walker-Gonzalez Cinemas,3,73.35,2026-07-23,CONFIRMED
6925,314,davidglover@example.com,730,He authority third,Baxter PLC Cinemas,4,89.6,2026-07-23,CONFIRMED
6926,2233,monroeluke@example.com,1019,Purpose ever ball,Lowery LLC Cinemas,3,74.34,2026-06-27,CONFIRMED
6927,331,stacyjohnson@example.net,1483,Personal nearly else,Martinez and Sons Cinemas,2,44.38,2026-06-16,CONFIRMED
6928,1733,scott83@example.net,1403,All defense,Williams Ltd Cinemas,4,79.08,2026-07-23,CONFIRMED
6929,4993,jason36@example.org,1376,Budget interview,"Bauer, Frazier and Sellers Cinemas",4,80.4,2026-06-28,CANCELLED
6930,3857,bethany57@example.org,1027,Significant impact,Haynes-Moss Cinemas,6,124.2,2026-07-23,CONFIRMED
6931,2404,twilson@example.com,1317,Drop,Green-Ewing Cinemas,2,27.92,2026-07-23,CONFIRMED
6932,7,njohnson@example.net,1771,At as,Ellis-Adkins Cinemas,2,39.08,2026-07-16,CONFIRMED
6933,1207,jeffersondaniel@example.org,1688,Notice throughout need,Fernandez Inc Cinemas,5,113.5,2026-07-01,CONFIRMED
6934,3088,markfleming@example.org,342,Policy throughout,Mcmahon PLC Cinemas,5,99.5,2026-06-24,CONFIRMED
6935,1722,monica89@example.net,999,Individual price,Miller LLC Cinemas,2,19.78,2026-06-25,CONFIRMED
6936,1355,michele20@example.com,247,Development me need,Martinez Ltd Cinemas,3,33.93,2026-07-23,CONFIRMED
6937,2980,donaldchen@example.com,284,Lead,Garcia LLC Cinemas,2,27.3,2026-07-03,CONFIRMED
6938,432,brandon34@example.org,1861,Summer out,"Marquez, Martinez and Bailey Cinemas",3,67.71,2026-07-02,CONFIRMED
6939,3499,rose86@example.com,996,Conference paper nearly,Myers Ltd Cinemas,1,16.38,2026-07-23,CONFIRMED
6940,4106,florescrystal@example.org,302,Institution study along,Brown LLC Cinemas,6,90.84,2026-07-23,CONFIRMED
6941,4162,bellmichelle@example.com,570,Sometimes concern Democrat consider,Gonzalez-Taylor Cinemas,6,71.46,2026-07-23,CONFIRMED
6942,965,collinslaura@example.com,1066,In each yeah,Bridges Ltd Cinemas,1,15.49,2026-07-23,CONFIRMED
6943,2314,kimberlyjones@example.net,1866,Source game,Lyons PLC Cinemas,5,41.7,2026-06-30,CONFIRMED
6944,2993,mirandajoshua@example.org,1625,Father expect cup,Payne-Walton Cinemas,4,51.4,2026-07-05,CONFIRMED
6945,4765,stephen50@example.org,440,Number face get,White-Jackson Cinemas,4,64.64,2026-07-11,CONFIRMED
6946,324,kristiwade@example.net,338,Later floor,Wyatt Ltd Cinemas,4,57.8,2026-07-17,CANCELLED
6947,1144,melissa36@example.net,1154,Unit matter,Barron-Brown Cinemas,1,9.96,2026-06-25,CONFIRMED
6948,4797,heatheraustin@example.org,579,Term between,Johnson-Powers Cinemas,4,88.6,2026-07-23,CONFIRMED
6949,932,stephenwright@example.org,437,Threat protect,"Smith, Beard and Taylor Cinemas",3,30.99,2026-07-13,CONFIRMED
6950,2572,jasonlarson@example.net,1593,Offer his discover,"Warner, Baker and Campbell Cinemas",6,71.46,2026-07-23,CANCELLED
6951,4384,whitneyjennifer@example.com,408,Plant similar out,Harris-Wright Cinemas,1,24.72,2026-07-23,CONFIRMED
6952,765,taylorkaylee@example.com,1377,Own single,Edwards and Sons Cinemas,5,86.6,2026-07-07,CONFIRMED
6953,4178,cfields@example.net,15,Drop,Holloway and Sons Cinemas,4,52.68,2026-07-23,CONFIRMED
6954,1225,vtapia@example.net,364,One stay,Buchanan LLC Cinemas,1,14.92,2026-07-12,CANCELLED
6955,1889,bobbybowen@example.org,1887,Entire right,"Scott, Robertson and Mendez Cinemas",2,40.24,2026-07-18,CANCELLED
6956,3609,elizabeth96@example.org,260,Simple Mr financial,"Gonzales, Short and Weaver Cinemas",4,69.96,2026-07-20,CONFIRMED
6957,577,lmahoney@example.com,1021,How even,"Bell, Peterson and Price Cinemas",3,37.74,2026-06-28,CONFIRMED
6958,2132,birdjoshua@example.net,335,Town next serious wish,Ward-Blake Cinemas,5,63.9,2026-07-23,CONFIRMED
6959,4365,hperez@example.com,1430,Reveal study bad,"Hernandez, Cuevas and Webb Cinemas",5,58.25,2026-06-26,CONFIRMED
6960,3502,jbaker@example.org,30,Either writer tonight,Casey-Romero Cinemas,6,81.54,2026-06-26,CONFIRMED
6961,3442,denise47@example.net,164,Thousand move,Santos-Wood Cinemas,3,42.0,2026-07-07,CONFIRMED
6962,3750,wwatson@example.net,1500,On collection,"Clark, Park and Reed Cinemas",3,74.01,2026-07-23,CONFIRMED
6963,3146,walkertommy@example.org,1386,Purpose according we,Richardson Ltd Cinemas,2,28.1,2026-07-23,CONFIRMED
6964,1916,teresamckee@example.com,80,Get condition goal,Carroll-Snyder Cinemas,1,10.65,2026-07-19,CONFIRMED
6965,3127,gsanders@example.org,1525,Involve tax name,Patterson-Lawrence Cinemas,6,111.54,2026-07-23,CONFIRMED
6966,4055,laura77@example.net,906,Produce,Rojas and Sons Cinemas,5,83.6,2026-07-14,CONFIRMED
6967,2000,tholt@example.com,1258,Hear rise,Hill and Sons Cinemas,5,51.1,2026-06-22,CONFIRMED
6968,610,christophercook@example.com,247,Development me need,Martinez Ltd Cinemas,5,56.55,2026-07-16,CANCELLED
6969,3179,vaughndiana@example.net,1601,Life once same,"Hamilton, Green and Edwards Cinemas",4,87.8,2026-07-23,CONFIRMED
6970,737,bowenjonathan@example.net,1026,Bad production brother even,"Moore, Gilmore and Martin Cinemas",3,42.3,2026-06-30,CONFIRMED
6971,2741,stevenrichardson@example.org,978,Break film tax,Brown LLC Cinemas,5,119.6,2026-07-23,CONFIRMED
6972,851,nicole01@example.org,992,Leader ball imagine his,Vega-Lawrence Cinemas,5,45.7,2026-06-21,CONFIRMED
6973,2955,james25@example.com,1273,Mouth enough,Knight Group Cinemas,6,147.06,2026-06-30,CONFIRMED
6974,3989,danielgraham@example.net,1776,First report debate,"Moore, Alexander and Reed Cinemas",2,17.66,2026-07-18,CONFIRMED
6975,1759,wgarcia@example.com,1550,Skin office oil,Smith Group Cinemas,4,92.64,2026-07-23,CONFIRMED
6976,952,kenneth76@example.org,1887,Entire right,"Scott, Robertson and Mendez Cinemas",4,80.48,2026-07-23,CONFIRMED
6977,3336,tina93@example.com,1491,To much however create,Howe Inc Cinemas,3,49.95,2026-07-07,CONFIRMED
6978,3033,pweber@example.net,1115,Beautiful that age although,Stevenson Group Cinemas,1,13.25,2026-06-29,CONFIRMED
6979,3824,lday@example.com,1022,Site yeah,Sanchez-Douglas Cinemas,4,44.4,2026-07-23,CONFIRMED
6980,3934,zacharymorris@example.org,1474,Cultural over,"Clark, Park and Reed Cinemas",5,53.4,2026-07-15,CONFIRMED
6981,3253,mccallcrystal@example.org,1040,Laugh discuss,"Levy, Franco and Hoffman Cinemas",4,56.48,2026-07-23,CONFIRMED
6982,3503,samuelwheeler@example.net,95,Movement cup prepare,Fitzgerald-Scott Cinemas,6,63.96,2026-06-29,CONFIRMED
6983,202,jessicavang@example.com,1477,Prevent,Anderson-Rios Cinemas,1,17.64,2026-07-23,CANCELLED
6984,1749,hcollins@example.net,1223,Compare well,Hill-Guerra Cinemas,1,21.83,2026-06-26,CANCELLED
6985,1552,troy71@example.org,639,Boy worry medical,Oconnell-Smith Cinemas,3,35.94,2026-07-23,CONFIRMED
6986,3711,gonzaleskenneth@example.net,1049,Prepare much,"Barnes, Paul and Price Cinemas",2,33.02,2026-07-22,CONFIRMED
6987,2753,mcox@example.org,1082,Help require,Hunter Group Cinemas,2,21.34,2026-06-30,CONFIRMED
6988,498,davismichelle@example.com,486,Few late hospital,"Wolfe, Chavez and Mcbride Cinemas",1,24.43,2026-07-23,CONFIRMED
6989,4079,munozerik@example.org,1099,Dream including resource,"Salazar, Carlson and Hall Cinemas",3,68.97,2026-07-23,CONFIRMED
6990,3429,fuentesleonard@example.com,956,Occur that article,Smith-Ramirez Cinemas,6,101.88,2026-06-30,CONFIRMED
6991,2618,hsmith@example.net,954,Cultural huge,"Gonzalez, Santos and Gardner Cinemas",5,47.2,2026-07-23,CONFIRMED
6992,4855,rhernandez@example.org,1349,Serve successful behavior develop,Fitzgerald-Scott Cinemas,2,38.5,2026-07-23,CONFIRMED
6993,4071,williamsamanda@example.com,1992,Read difficult,Knight Group Cinemas,2,28.38,2026-07-23,CONFIRMED
6994,4006,bpham@example.com,1734,Have pressure service,"Harrington, Johnson and Jones Cinemas",6,99.06,2026-07-12,CONFIRMED
6995,2103,virginia82@example.net,1922,Rate wife forget,Mclean Group Cinemas,6,59.52,2026-07-23,CONFIRMED
6996,2628,michelle02@example.com,1116,Deep better,"Moore, Alexander and Reed Cinemas",1,23.42,2026-07-21,CONFIRMED
6997,4911,jacqueline04@example.net,1397,Back building,"Thomas, Becker and Mills Cinemas",1,8.1,2026-07-18,CANCELLED
6998,10,rodneynolan@example.com,715,Chair what measure,"Fowler, Jones and Moore Cinemas",1,21.03,2026-07-05,CONFIRMED
6999,1109,deborahrobinson@example.com,463,Public marriage,"Henderson, Alexander and Galvan Cinemas",6,99.54,2026-06-22,CONFIRMED
7000,4107,ruth54@example.com,586,Argue,Hebert Group Cinemas,2,49.1,2026-07-23,CONFIRMED
7001,582,frank18@example.net,454,Course bill debate sort,"Burns, Barker and Horton Cinemas",3,34.89,2026-07-20,CONFIRMED
7002,4666,paul85@example.org,1002,Go yourself over,"Brown, Hammond and Campbell Cinemas",5,103.25,2026-06-14,CANCELLED
7003,3540,lisarussell@example.com,195,Perform home million,Huynh PLC Cinemas,1,18.25,2026-07-23,CONFIRMED
7004,4461,jstephens@example.com,1773,Family part conference,Anderson-Kirk Cinemas,2,37.9,2026-07-02,CANCELLED
7005,3510,katelynrobinson@example.org,938,Sing successful thus sometimes,Hall Ltd Cinemas,2,19.64,2026-07-23,CONFIRMED
7006,1081,robertcruz@example.org,1139,Employee professor hair,"Garrison, Williams and Garcia Cinemas",4,90.28,2026-07-11,CANCELLED
7007,1928,guzmanrobert@example.com,286,Light involve all,"Thomas, Moreno and Smith Cinemas",3,68.82,2026-06-27,CANCELLED
7008,2299,johnmendez@example.com,1916,Though social,Rowe and Sons Cinemas,4,40.4,2026-07-15,CONFIRMED
7009,3780,owilson@example.net,716,Soldier six until,"Miller, Wade and Flores Cinemas",3,61.41,2026-07-10,CANCELLED
7010,603,dwilliams@example.net,1307,Ball great,"Thomas, White and Jensen Cinemas",4,51.0,2026-07-23,CONFIRMED
7011,4021,eric94@example.org,883,Prevent follow I,Barron-Brown Cinemas,5,47.7,2026-06-25,CONFIRMED
7012,1953,jerrywilliams@example.org,747,Family woman,"Moore, Alexander and Reed Cinemas",1,13.53,2026-07-23,CONFIRMED
7013,4525,tracielong@example.com,768,Across car,Rodriguez-Moore Cinemas,1,24.52,2026-07-23,CONFIRMED
7014,467,frankward@example.com,748,Audience new,Mendoza-Jackson Cinemas,1,10.0,2026-07-20,CONFIRMED
7015,4208,petersonmichael@example.net,1802,Policy similar run,Jennings Group Cinemas,3,24.6,2026-07-22,CONFIRMED
7016,4858,baldwinmichelle@example.org,1687,Million travel,"Evans, David and Hendrix Cinemas",3,32.19,2026-07-13,CONFIRMED
7017,2648,nrice@example.com,1485,Summer machine,Davis-Williams Cinemas,4,80.52,2026-07-07,CANCELLED
7018,1926,sarah04@example.org,1594,Course vote team,"Nichols, Glover and Knox Cinemas",4,99.2,2026-07-23,CONFIRMED
7019,189,jonhall@example.org,1042,Suffer wonder along,Coleman-Green Cinemas,6,131.1,2026-06-27,CONFIRMED
7020,4848,kendra09@example.net,1774,Bar difference,Garner LLC Cinemas,6,107.28,2026-07-23,CONFIRMED
7021,466,vdougherty@example.com,1066,In each yeah,Bridges Ltd Cinemas,6,92.94,2026-07-23,CONFIRMED
7022,1517,brittany44@example.org,283,International thousand,"Cox, Ford and Huffman Cinemas",4,64.68,2026-06-26,CONFIRMED
7023,1095,kparrish@example.com,1683,Call pick,Holden LLC Cinemas,2,31.5,2026-07-01,CONFIRMED
7024,1510,samanthamartinez@example.net,845,Pressure human,"Wheeler, Rocha and Rodriguez Cinemas",2,43.44,2026-07-23,CONFIRMED
7025,3938,olewis@example.org,1237,Receive plan across,Lee-Weeks Cinemas,3,43.83,2026-07-17,CONFIRMED
7026,799,wmarshall@example.org,1664,Way form run,"Warner, Baker and Campbell Cinemas",1,11.25,2026-07-23,CONFIRMED
7027,1091,brandondean@example.com,1855,Member help financial,Nunez LLC Cinemas,6,77.28,2026-07-10,CONFIRMED
7028,2914,jenkinscarl@example.org,1672,Career just,"Ray, Cunningham and Levine Cinemas",1,18.49,2026-07-10,CONFIRMED
7029,2709,xhansen@example.org,1083,Career wrong travel meet,"Hernandez, Cuevas and Webb Cinemas",4,52.52,2026-07-23,CONFIRMED
7030,159,amanda86@example.org,1095,Couple other,Rojas Inc Cinemas,5,51.5,2026-07-23,CONFIRMED
7031,1254,kevin42@example.org,475,Election win,"Ramirez, Horne and Johnson Cinemas",6,53.76,2026-07-03,CONFIRMED
7032,4788,ugonzalez@example.net,891,Wrong fear,Nguyen PLC Cinemas,5,81.15,2026-07-23,CONFIRMED
7033,4905,smithjustin@example.net,1143,Most bad,Bradley-Davis Cinemas,4,76.28,2026-07-23,CONFIRMED
7034,1509,collinsantonio@example.com,786,Total report draw,Owens-Mayer Cinemas,6,50.34,2026-06-29,CONFIRMED
7035,263,kimbradley@example.com,21,Instead,Wood-Watson Cinemas,3,34.74,2026-07-23,CONFIRMED
7036,1879,johnnygray@example.com,137,Protect red recent,Holden LLC Cinemas,4,44.8,2026-07-17,CANCELLED
7037,3547,ortizrandy@example.com,1006,Case include,Payne PLC Cinemas,5,98.9,2026-06-23,CONFIRMED
7038,2055,yhopkins@example.net,1357,Feeling campaign land huge,Anderson Group Cinemas,6,104.7,2026-07-23,CONFIRMED
7039,4739,xberry@example.net,621,Of nature,"Yang, Willis and Walker Cinemas",4,59.6,2026-06-14,CONFIRMED
7040,3769,pmorales@example.net,1297,Cut group few,Patterson-Lawrence Cinemas,1,18.43,2026-07-23,CONFIRMED
7041,2045,christina21@example.com,132,Step different,"White, Smith and Warner Cinemas",2,39.34,2026-07-08,CONFIRMED
7042,2360,ndaniels@example.net,1344,Take special rate ahead,Harrison-Leach Cinemas,2,40.48,2026-07-12,CONFIRMED
7043,2407,ulewis@example.net,135,Picture couple,White-Richards Cinemas,2,18.3,2026-06-16,CONFIRMED
7044,4852,timothypatel@example.net,217,Cultural money something,Mendoza Group Cinemas,3,71.46,2026-07-14,CONFIRMED
7045,2919,despinoza@example.com,178,Law degree police,"Gibson, Zimmerman and Warren Cinemas",2,16.34,2026-07-23,CONFIRMED
7046,3804,catherine31@example.org,225,Unit soon at,"Sanders, Leblanc and Maldonado Cinemas",1,22.19,2026-07-22,CONFIRMED
7047,1161,chasebeck@example.com,396,By what,"Bell, Peterson and Price Cinemas",3,72.33,2026-07-23,CONFIRMED
7048,3460,jacquelinesullivan@example.net,1022,Site yeah,Sanchez-Douglas Cinemas,2,22.2,2026-07-22,CANCELLED
7049,367,kimberlyperez@example.org,1856,Offer evening,"James, Howard and Johnson Cinemas",3,31.92,2026-06-22,CONFIRMED
7050,4023,alyssaevans@example.org,1254,Try think,Smith-Jones Cinemas,2,48.86,2026-07-23,CANCELLED
7051,1401,umartinez@example.org,323,Will media figure,Jones-Barnes Cinemas,4,67.44,2026-07-12,CONFIRMED
7052,3898,joyceobrien@example.net,212,Themselves little game,Moore Group Cinemas,4,33.96,2026-06-19,CONFIRMED
7053,3386,moorekatherine@example.net,1535,Simple throughout,Sanders PLC Cinemas,6,128.1,2026-07-23,CONFIRMED
7054,1994,matthew00@example.com,1889,Situation defense woman message,"Underwood, Bartlett and Russell Cinemas",2,20.84,2026-07-23,CONFIRMED
7055,1872,xjohnson@example.com,61,Baby rather,"Ramsey, Martinez and Sherman Cinemas",4,81.6,2026-07-08,CONFIRMED
7056,1303,scott01@example.com,1624,Production weight Mrs especially,Kim-Romero Cinemas,3,73.83,2026-07-10,CONFIRMED
7057,4177,williamschris@example.com,1455,Soldier watch still old,"Greene, Rogers and Haley Cinemas",6,73.74,2026-07-23,CONFIRMED
7058,2024,collinsshannon@example.net,74,Home magazine,Brown-Ross Cinemas,3,65.34,2026-07-23,CONFIRMED
7059,554,victor76@example.com,1096,Democratic beautiful,Johnson-Powers Cinemas,3,64.92,2026-07-23,CONFIRMED
7060,3449,zamoramichael@example.org,120,As indeed can,Villa Group Cinemas,6,142.8,2026-07-04,CANCELLED
7061,212,hgrant@example.net,972,Less admit involve,"Howard, Brennan and Moore Cinemas",1,22.85,2026-07-23,CONFIRMED
7062,955,landerson@example.net,1637,Truth explain,"Munoz, Krueger and Solomon Cinemas",4,83.48,2026-06-29,CANCELLED
7063,3034,jay70@example.org,490,Want team,Evans Ltd Cinemas,2,24.44,2026-07-23,CONFIRMED
7064,3433,jonathonmorris@example.org,38,Officer skin quality,Landry-Hill Cinemas,4,37.24,2026-07-12,CONFIRMED
7065,814,brookemartin@example.org,515,Fear everything bad receive,Wright and Sons Cinemas,5,75.9,2026-06-10,CONFIRMED
7066,165,bpeterson@example.com,1201,Drive very,"May, Valenzuela and Lee Cinemas",3,54.15,2026-07-06,CONFIRMED
7067,3709,michael97@example.com,700,Just although key,Morris-Merritt Cinemas,4,48.4,2026-07-07,CONFIRMED
7068,3718,eorr@example.net,925,Difficult,"Miller, Villegas and Jones Cinemas",3,37.47,2026-06-26,CONFIRMED
7069,1204,davidfarrell@example.com,355,Deal opportunity opportunity,"Russell, Mercer and Patterson Cinemas",2,41.06,2026-06-27,CANCELLED
7070,4559,robert51@example.org,1551,Begin member interview,"Wallace, Perkins and Johnson Cinemas",6,88.02,2026-07-19,CONFIRMED
7071,4257,james42@example.net,1481,Culture Democrat,"Larson, Daniels and James Cinemas",1,21.77,2026-07-17,CONFIRMED
7072,2358,lewiskayla@example.net,1830,Along seven than,Johnston Inc Cinemas,5,59.95,2026-06-24,CANCELLED
7073,395,yatestraci@example.org,1947,Author something,Peterson PLC Cinemas,1,8.15,2026-07-23,CANCELLED
7074,1456,taylormatthew@example.com,1352,Hard budget,"Chen, Faulkner and Casey Cinemas",6,52.98,2026-06-29,CONFIRMED
7075,721,bailey20@example.com,1867,Trip within production,Adams PLC Cinemas,3,42.66,2026-07-03,CONFIRMED
7076,18,rachelcastillo@example.com,653,Front trouble adult,"Foster, Robbins and Roberts Cinemas",6,54.18,2026-07-20,CONFIRMED
7077,1443,charlesclayton@example.org,1643,Watch energy lose,Shaffer-Yates Cinemas,2,28.1,2026-07-23,CONFIRMED
7078,2318,lopezjessica@example.net,306,Laugh difference less,"Hamilton, Wolfe and Gill Cinemas",2,32.56,2026-07-23,CONFIRMED
7079,738,vunderwood@example.com,980,Market there us design,Martinez PLC Cinemas,1,20.13,2026-07-23,CANCELLED
7080,3162,craig49@example.net,1596,Race,Davis-Abbott Cinemas,2,38.06,2026-07-23,CONFIRMED
7081,4938,anelson@example.org,1597,Goal hard north,Jackson Ltd Cinemas,5,64.1,2026-07-23,CONFIRMED
7082,1129,joanna88@example.org,680,Which process,Rojas and Sons Cinemas,1,20.28,2026-07-23,CONFIRMED
7083,1815,meganpatrick@example.com,1404,Expect production,Davis Inc Cinemas,3,52.77,2026-07-23,CONFIRMED
7084,3195,whitecody@example.org,1405,Their per poor,Smith Ltd Cinemas,1,16.98,2026-07-23,CONFIRMED
7085,510,waretabitha@example.com,27,North alone,Grant-Diaz Cinemas,2,38.28,2026-07-17,CONFIRMED
7086,1436,melissa80@example.org,1053,Old strategy,"Moore, Gilmore and Martin Cinemas",4,36.52,2026-07-17,CANCELLED
7087,1664,aliciabenjamin@example.com,722,Letter beyond sign,"White, Smith and Warner Cinemas",6,61.74,2026-07-23,CONFIRMED
7088,1449,imendoza@example.net,781,Minute right think trouble,Obrien PLC Cinemas,3,41.25,2026-06-30,CONFIRMED
7089,4082,dmckay@example.com,82,Wife reflect nearly service,Hill-Guerra Cinemas,6,140.7,2026-07-07,CONFIRMED
7090,3133,mendozaangela@example.com,1499,Relate affect,Carter-Johnson Cinemas,1,11.81,2026-07-05,CONFIRMED
7091,3376,betty43@example.net,1322,Cover others,Hill Inc Cinemas,5,89.9,2026-07-08,CONFIRMED
7092,2897,jandrade@example.org,121,Knowledge poor around,"Henry, Edwards and Bartlett Cinemas",3,67.8,2026-07-23,CONFIRMED
7093,222,gregory29@example.com,1776,First report debate,"Moore, Alexander and Reed Cinemas",4,35.32,2026-07-16,CONFIRMED
7094,2217,richardsonbenjamin@example.com,310,Drug,Smith Group Cinemas,4,60.16,2026-07-23,CONFIRMED
7095,315,carl66@example.org,465,Staff because,Wright-Davis Cinemas,4,64.72,2026-07-02,CONFIRMED
7096,2563,williamruiz@example.org,747,Family woman,"Moore, Alexander and Reed Cinemas",6,81.18,2026-07-23,CONFIRMED
7097,630,hunterjamie@example.com,230,They street month current,Elliott Group Cinemas,5,116.85,2026-06-25,CONFIRMED
7098,2943,hharrison@example.org,677,In executive may represent,Kennedy PLC Cinemas,1,16.07,2026-07-23,CONFIRMED
7099,4622,edwin67@example.org,1748,Ever,Solis-Edwards Cinemas,3,32.13,2026-07-11,CONFIRMED
7100,1361,nathanielshields@example.com,246,Box ten class,Goodwin Inc Cinemas,4,57.56,2026-07-23,CONFIRMED
7101,4961,henrymarshall@example.net,1398,Among among,Villarreal and Sons Cinemas,3,33.72,2026-07-23,CONFIRMED
7102,3996,stephen52@example.com,703,Thing left,Maldonado-Collins Cinemas,1,22.76,2026-07-23,CONFIRMED
7103,2659,steven65@example.net,581,Program out these,"Medina, Lee and Freeman Cinemas",1,10.78,2026-07-13,CONFIRMED
7104,1194,tuckeramy@example.net,1906,Turn through,Reilly-Gibson Cinemas,3,65.97,2026-07-15,CONFIRMED
7105,998,edwardscaroline@example.com,162,Art,"Hull, Haynes and Garcia Cinemas",3,27.36,2026-07-23,CONFIRMED
7106,109,villawilliam@example.com,1715,I sing,Diaz LLC Cinemas,5,87.55,2026-07-11,CONFIRMED
7107,2383,allenlisa@example.net,760,Hand politics,"Williams, Newman and Jones Cinemas",6,86.4,2026-07-14,CONFIRMED
7108,4976,melinda77@example.org,1508,Wonder peace ability,Villa Group Cinemas,6,138.24,2026-07-09,CONFIRMED
7109,1205,mistymatthews@example.org,648,Just wind practice,Hall-Washington Cinemas,1,8.68,2026-07-07,CONFIRMED
7110,3335,fbyrd@example.com,1877,Officer same,Jones-Contreras Cinemas,1,18.77,2026-07-08,CONFIRMED
7111,3341,cberger@example.net,1569,Lot stage education,"Mooney, Conley and Fox Cinemas",4,71.2,2026-06-12,CONFIRMED
7112,961,banksmeredith@example.com,1079,Participant foreign major you,Anderson Group Cinemas,6,52.86,2026-07-06,CONFIRMED
7113,2650,evalencia@example.com,1480,Fact watch safe father,"James, Atkins and Alexander Cinemas",3,50.4,2026-07-23,CONFIRMED
7114,4183,lindasmith@example.net,910,Show follow floor,Ibarra Ltd Cinemas,6,133.26,2026-06-30,CONFIRMED
7115,1249,regina11@example.com,1322,Cover others,Hill Inc Cinemas,4,71.92,2026-07-17,CONFIRMED
7116,75,seth29@example.org,1248,What no,Hill and Sons Cinemas,3,30.6,2026-07-23,CONFIRMED
7117,2078,blawson@example.net,1454,Perhaps across specific,"Medina, Miller and Yates Cinemas",3,25.35,2026-07-23,CONFIRMED
7118,2152,tanyamcdonald@example.net,1977,Certain two,Herrera-Coleman Cinemas,5,65.8,2026-07-17,CONFIRMED
7119,1466,simonedward@example.net,1433,Store although cause,Rodriguez Group Cinemas,2,33.12,2026-07-23,CONFIRMED
7120,3537,gregoryhoffman@example.net,923,Movie as,Walker-Holt Cinemas,3,46.02,2026-07-20,CONFIRMED
7121,2425,erica19@example.net,1227,Owner institution team,Ibarra Ltd Cinemas,6,82.14,2026-07-23,CONFIRMED
7122,4919,rhondaallen@example.com,180,Huge treatment later,"Hall, Jackson and Johnson Cinemas",6,146.4,2026-07-23,CONFIRMED
7123,2445,karen17@example.com,892,Hundred hair,"Fisher, Payne and Thompson Cinemas",5,63.35,2026-07-14,CONFIRMED
7124,3746,thomasmendoza@example.org,1999,Class if,Reyes Inc Cinemas,6,83.82,2026-06-27,CONFIRMED
7125,1094,silvaryan@example.org,1637,Truth explain,"Munoz, Krueger and Solomon Cinemas",3,62.61,2026-07-01,CONFIRMED
7126,4099,melissafischer@example.net,1774,Bar difference,Garner LLC Cinemas,1,17.88,2026-07-23,CANCELLED
7127,1195,umccoy@example.com,1910,Decide,James and Sons Cinemas,3,58.89,2026-07-01,CANCELLED
7128,1567,stoneandrew@example.net,262,Charge a data red,"Sanchez, Terry and Turner Cinemas",2,49.9,2026-07-23,CONFIRMED
7129,2954,pbrown@example.com,1156,Sound itself,Bell PLC Cinemas,1,11.29,2026-07-16,CONFIRMED
7130,2920,michelle38@example.com,1218,Weight ball hot,Singleton-King Cinemas,6,66.48,2026-07-23,CANCELLED
7131,4104,terry27@example.net,893,News boy per let,"Haney, Dillon and Jackson Cinemas",3,24.87,2026-06-26,CONFIRMED
7132,3340,randall61@example.net,220,Military everybody ability,"Moore, Gilmore and Martin Cinemas",1,13.73,2026-07-21,CONFIRMED
7133,227,brownreginald@example.net,76,Structure whom,"James, Howard and Johnson Cinemas",6,84.9,2026-07-20,CONFIRMED
7134,3609,elizabeth96@example.org,774,Off home,"Ray, Cunningham and Levine Cinemas",3,56.67,2026-07-23,CONFIRMED
7135,219,murraystephen@example.net,1870,Memory,Robinson Group Cinemas,6,125.28,2026-07-09,CONFIRMED
7136,4522,robert99@example.net,893,News boy per let,"Haney, Dillon and Jackson Cinemas",4,33.16,2026-06-16,CONFIRMED
7137,225,floreskimberly@example.org,981,Child plan other about,Byrd-Foster Cinemas,5,96.0,2026-06-30,CONFIRMED
7138,997,djohnson@example.net,764,Industry before,"Mckee, Gardner and Davenport Cinemas",3,58.56,2026-07-23,CANCELLED
7139,2233,monroeluke@example.com,239,Site,"Brown, Armstrong and Johnson Cinemas",4,38.72,2026-07-23,CONFIRMED
7140,1646,dawn85@example.org,1180,Wall before,Marshall Inc Cinemas,4,46.8,2026-06-29,CANCELLED
7141,4471,ijohnson@example.com,471,Artist design drop option,"Patterson, Camacho and White Cinemas",2,26.32,2026-06-26,CANCELLED
7142,4232,phamkristi@example.org,753,Hot modern believe,Smith-James Cinemas,5,89.25,2026-07-23,CANCELLED
7143,3476,mcdanielkatelyn@example.net,1168,Claim magazine century,Peterson-Mullins Cinemas,1,17.29,2026-07-23,CONFIRMED
7144,1294,andrewwalker@example.com,872,Responsibility,Joseph Inc Cinemas,3,62.37,2026-07-14,CANCELLED
7145,2194,smithmatthew@example.org,403,Item but TV,Marshall Inc Cinemas,4,39.16,2026-07-23,CONFIRMED
7146,387,charles95@example.com,1609,Room factor,Hoffman PLC Cinemas,4,36.0,2026-06-17,CONFIRMED
7147,3171,davisemily@example.org,1925,Recent fire,"Walker, Turner and Brown Cinemas",2,38.06,2026-07-23,CANCELLED
7148,1555,troyharris@example.org,538,About decision,"Martin, Jordan and Edwards Cinemas",4,70.88,2026-07-23,CONFIRMED
7149,4614,tinafrye@example.net,229,Human bank,Ferguson and Sons Cinemas,3,38.67,2026-07-23,CONFIRMED
7150,1074,reginaanderson@example.com,954,Cultural huge,"Gonzalez, Santos and Gardner Cinemas",3,28.32,2026-07-23,CONFIRMED
7151,3842,katieesparza@example.net,1451,Deep theory contain world,Parsons-Allen Cinemas,3,67.35,2026-07-23,CONFIRMED
7152,1154,taylormaria@example.com,161,Race choose toward,"Schultz, Miller and Wolf Cinemas",3,50.01,2026-07-23,CONFIRMED
7153,3928,ambergonzalez@example.net,1463,Know never,Turner Inc Cinemas,1,20.85,2026-06-15,CONFIRMED
7154,1426,lanceryan@example.com,709,Manager,Rowe and Sons Cinemas,2,32.98,2026-07-06,CANCELLED
7155,4499,natashaburke@example.net,1227,Owner institution team,Ibarra Ltd Cinemas,3,41.07,2026-07-14,CONFIRMED
7156,189,jonhall@example.org,492,Shake month,Bradley-Novak Cinemas,6,73.86,2026-07-04,CONFIRMED
7157,2349,msanders@example.org,1196,Article among,"Arias, Thompson and Jackson Cinemas",3,73.2,2026-07-23,CONFIRMED
7158,2430,awalker@example.net,747,Family woman,"Moore, Alexander and Reed Cinemas",6,81.18,2026-07-23,CONFIRMED
7159,3479,dianeparsons@example.com,1636,Recent middle music,"Murphy, Lee and Garcia Cinemas",2,27.46,2026-07-23,CONFIRMED
7160,1523,ginamiller@example.org,438,Paper fight,Bush-Ayala Cinemas,4,63.52,2026-06-22,CONFIRMED
7161,4908,smithsonia@example.com,1611,Two,Hampton-Tucker Cinemas,4,51.36,2026-07-23,CANCELLED
7162,1285,pamela11@example.org,1521,Student notice,Marshall Group Cinemas,3,27.96,2026-06-19,CONFIRMED
7163,3121,lshepard@example.org,646,Cultural sign name herself,Hampton-Tucker Cinemas,1,18.14,2026-07-23,CONFIRMED
7164,2222,barberalexander@example.org,326,Surface west,Lee-Weeks Cinemas,6,132.42,2026-07-08,CONFIRMED
7165,4966,gloverjaime@example.org,299,Pm protect,Obrien and Sons Cinemas,6,134.82,2026-07-18,CONFIRMED
7166,290,nealdavid@example.com,668,Mention can class,Ortiz Ltd Cinemas,3,28.71,2026-07-12,CONFIRMED
7167,1368,anthonyavery@example.org,429,Without big project,Thomas and Sons Cinemas,6,122.94,2026-06-28,CANCELLED
7168,1730,clarkdavid@example.net,1419,View rich brother,Harrington Group Cinemas,2,16.58,2026-07-23,CONFIRMED
7169,2580,okim@example.net,1139,Employee professor hair,"Garrison, Williams and Garcia Cinemas",2,45.14,2026-07-10,CANCELLED
7170,4170,veronica41@example.org,1363,At trip,Reed Group Cinemas,2,21.58,2026-07-18,CONFIRMED
7171,4734,fernandezjaime@example.net,2000,Owner peace name,"Thomas, Harper and Williams Cinemas",2,32.32,2026-07-02,CONFIRMED
7172,4242,john94@example.org,1348,Baby dog food,"Stevens, Norris and Smith Cinemas",3,68.4,2026-07-23,CONFIRMED
7173,3346,jimmypugh@example.org,905,It week yeah,Singleton-King Cinemas,5,84.4,2026-06-30,CONFIRMED
7174,2563,williamruiz@example.org,1465,Born dream,"Compton, Owens and Decker Cinemas",5,95.55,2026-06-20,CONFIRMED
7175,850,tjackson@example.com,448,Few risk type,Meyers-Owens Cinemas,3,42.69,2026-07-23,CONFIRMED
7176,808,theresa96@example.org,769,Social wall over,French Inc Cinemas,3,27.99,2026-07-09,CONFIRMED
7177,1380,baileypaul@example.net,1731,But,Roberts Group Cinemas,2,23.98,2026-06-24,CONFIRMED
7178,3106,qjohnson@example.com,1534,Despite audience,Shaw-Barnes Cinemas,6,94.26,2026-07-23,CANCELLED
7179,384,elizabeth39@example.net,1622,Different account might,Herrera-Coleman Cinemas,2,24.78,2026-07-23,CONFIRMED
7180,316,sheilabarnes@example.org,718,News while this,Porter Inc Cinemas,4,71.16,2026-07-23,CANCELLED
7181,4029,ffarmer@example.net,396,By what,"Bell, Peterson and Price Cinemas",1,24.11,2026-07-23,CONFIRMED
7182,3348,rsanchez@example.net,93,Friend develop heart,Raymond LLC Cinemas,2,25.54,2026-07-23,CONFIRMED
7183,4763,jennifer73@example.org,929,Policy include,"Compton, Owens and Decker Cinemas",6,144.84,2026-07-23,CONFIRMED
7184,2487,gregory12@example.org,411,Color there,Brown Inc Cinemas,3,52.32,2026-07-23,CONFIRMED
7185,899,melanie49@example.org,249,Time feel,Singleton-King Cinemas,5,60.2,2026-07-05,CONFIRMED
7186,776,patricialopez@example.net,447,Weight,Gonzalez-Taylor Cinemas,5,69.15,2026-07-12,CONFIRMED
7187,2440,smithheather@example.com,1965,Food middle,Nunez LLC Cinemas,6,57.6,2026-07-14,CONFIRMED
7188,3994,dduffy@example.org,123,Range pressure but,"Bailey, Armstrong and Campbell Cinemas",6,75.12,2026-07-23,CONFIRMED
7189,1211,zevans@example.com,1178,Conference wait military,Smith LLC Cinemas,1,16.07,2026-07-23,CONFIRMED
7190,4792,cruztodd@example.org,1724,When news my,"Jones, Abbott and Pope Cinemas",2,38.6,2026-06-24,CONFIRMED
7191,4100,hillbryan@example.net,1088,Its thousand not,"Boyd, Ellis and Maynard Cinemas",4,41.04,2026-07-23,CONFIRMED
7192,1058,william67@example.com,330,Want see,"Bautista, Allen and Harrell Cinemas",6,130.14,2026-07-23,CONFIRMED
7193,2147,adkinsjessica@example.net,781,Minute right think trouble,Obrien PLC Cinemas,1,13.75,2026-07-01,CANCELLED
7194,4229,xandrews@example.org,1859,Receive attack,"Bray, Nicholson and Walker Cinemas",6,98.16,2026-07-23,CONFIRMED
7195,4114,wileycynthia@example.org,1895,Quality police,"Martin, Cervantes and Stokes Cinemas",3,24.81,2026-07-23,CONFIRMED
7196,190,lpage@example.com,1855,Member help financial,Nunez LLC Cinemas,4,51.52,2026-07-20,CANCELLED
7197,180,espinozarandy@example.com,1846,Attention avoid beyond,Jackson-Mcclure Cinemas,6,67.56,2026-07-23,CONFIRMED
7198,2684,brittany30@example.net,713,News pick,Robinson-Goodwin Cinemas,6,55.08,2026-07-23,CONFIRMED
7199,456,rmoore@example.com,140,Analysis how,Smith-Wilson Cinemas,1,17.96,2026-07-23,CONFIRMED
7200,4269,sheilayoung@example.org,1697,Sea east admit too,"Lopez, Gomez and Garcia Cinemas",4,93.24,2026-07-23,CONFIRMED
7201,1961,sarah19@example.net,1312,Hair,"Howard, Townsend and Hayes Cinemas",2,37.84,2026-07-23,CANCELLED
7202,4370,william46@example.net,1059,Service spring,Morrison-Simmons Cinemas,5,83.1,2026-07-23,CONFIRMED
7203,3076,brookeherrera@example.net,1639,Hand always,Holloway and Sons Cinemas,6,114.3,2026-07-12,CANCELLED
7204,3846,ljackson@example.com,797,Idea gun during,Harrison-Leach Cinemas,3,53.7,2026-07-23,CONFIRMED
7205,2255,joshua84@example.com,1175,Great true safe,Lutz and Sons Cinemas,4,80.2,2026-07-23,CANCELLED
7206,4396,taylorbruce@example.com,693,Whose usually adult,"Richardson, Stephens and Barnes Cinemas",2,20.5,2026-07-05,CONFIRMED
7207,2756,vmendoza@example.net,86,Site unit response,Moran PLC Cinemas,5,59.0,2026-07-23,CANCELLED
7208,2276,victoriapittman@example.com,1990,Field later good security,Bond-Cummings Cinemas,3,60.9,2026-07-13,CANCELLED
7209,2528,gabriellelittle@example.com,1614,Arrive morning guy,Diaz and Sons Cinemas,1,10.66,2026-07-23,CONFIRMED
7210,297,christensenkendra@example.org,1865,On public answer measure,Martin and Sons Cinemas,1,12.05,2026-06-19,CONFIRMED
7211,923,stephanie27@example.net,1881,Sign west,"Salazar, Carlson and Hall Cinemas",3,24.96,2026-07-23,CONFIRMED
7212,1309,wangjoshua@example.com,472,Budget part machine stay,"Patel, Palmer and Jones Cinemas",1,23.93,2026-07-23,CONFIRMED
7213,3686,foxgerald@example.net,1539,Forward while,Ibarra-Jackson Cinemas,6,145.8,2026-07-15,CONFIRMED
7214,2863,ueaton@example.net,1739,Pick,"Larsen, Hernandez and Ward Cinemas",6,52.38,2026-07-23,CONFIRMED
7215,1271,tinajohnson@example.org,1365,Along particularly sure,Gonzalez LLC Cinemas,6,88.14,2026-07-09,CONFIRMED
7216,773,alyssaparsons@example.com,1790,Trip blue,Gibbs Group Cinemas,1,11.59,2026-07-23,CONFIRMED
7217,781,ebowen@example.net,1989,Much minute,"Gonzales, Short and Weaver Cinemas",5,120.7,2026-07-23,CONFIRMED
7218,3391,briannaburns@example.org,1222,Performance one change,Knox and Sons Cinemas,3,58.2,2026-07-05,CONFIRMED
7219,155,nealemma@example.org,34,Staff political theory,Miller-Smith Cinemas,3,71.34,2026-07-23,CONFIRMED
7220,2172,olivia93@example.net,291,Memory final both,Garner LLC Cinemas,6,113.58,2026-06-20,CONFIRMED
7221,4782,xellis@example.org,43,Nor consider tree,Sullivan PLC Cinemas,2,23.52,2026-06-28,CONFIRMED
7222,1387,zcoleman@example.net,1002,Go yourself over,"Brown, Hammond and Campbell Cinemas",6,123.9,2026-06-19,CONFIRMED
7223,2304,roger90@example.com,435,Soldier development reveal,"Schultz, Miller and Wolf Cinemas",5,64.9,2026-06-23,CONFIRMED
7224,2599,garrett93@example.com,77,Worker message truth present,Edwards PLC Cinemas,3,59.49,2026-06-14,CONFIRMED
7225,850,tjackson@example.com,1087,Line defense,"Smith, Yang and Ford Cinemas",3,45.93,2026-06-17,CONFIRMED
7226,1993,thomaselizabeth@example.org,483,Stage realize push we,"Bennett, Williams and Klein Cinemas",4,44.2,2026-07-13,CONFIRMED
7227,2084,sharonedwards@example.net,300,With international citizen,"Nguyen, Marsh and Beck Cinemas",3,71.61,2026-07-10,CONFIRMED
7228,594,fflowers@example.com,1178,Conference wait military,Smith LLC Cinemas,3,48.21,2026-07-23,CONFIRMED
7229,878,larsonjeremy@example.com,1890,Station white,Joyce-Benitez Cinemas,6,132.6,2026-06-23,CONFIRMED
7230,1170,rherman@example.org,295,Politics,"Myers, Gamble and Sanford Cinemas",2,35.36,2026-07-23,CANCELLED
7231,2159,murraycatherine@example.net,1589,Difficult west,"Ruiz, Martin and Jones Cinemas",2,39.12,2026-07-23,CONFIRMED
7232,1345,dakota83@example.net,159,Build pay,Barrera Group Cinemas,1,23.89,2026-06-11,CONFIRMED
7233,3827,rmiller@example.org,1460,Suggest,"Guerrero, Watson and Perry Cinemas",5,97.7,2026-06-27,CONFIRMED
7234,3512,boydamanda@example.com,288,Organization full,"Wise, Rocha and Wolfe Cinemas",1,13.84,2026-07-23,CONFIRMED
7235,4443,harrisjesus@example.net,1509,Join create unit,Bradley-Novak Cinemas,4,49.92,2026-06-26,CONFIRMED
7236,469,reginasingh@example.org,285,Bank though,"Roberts, Stanton and Smith Cinemas",6,116.16,2026-07-23,CONFIRMED
7237,1857,meganfowler@example.com,710,Gas prove line,"Sanders, Leblanc and Maldonado Cinemas",4,67.24,2026-07-23,CONFIRMED
7238,2481,scottlindsey@example.com,682,Set southern,Wilson-Pierce Cinemas,3,53.52,2026-06-19,CANCELLED
7239,1795,nathan60@example.org,1360,Major speech where idea,Mccoy-Alvarado Cinemas,3,68.49,2026-07-23,CONFIRMED
7240,3603,ngarcia@example.net,43,Nor consider tree,Sullivan PLC Cinemas,5,58.8,2026-06-20,CONFIRMED
7241,4448,gsmith@example.com,1946,Center cell budget,"Moore, Alexander and Reed Cinemas",1,11.51,2026-06-30,CONFIRMED
7242,2379,dominique09@example.com,1397,Back building,"Thomas, Becker and Mills Cinemas",6,48.6,2026-07-12,CANCELLED
7243,4321,katherinetucker@example.com,1620,Example evening campaign,"Carpenter, Morrow and Smith Cinemas",6,60.72,2026-07-23,CONFIRMED
7244,3743,stewartamy@example.net,380,Research general medical,"Vasquez, Sanchez and Green Cinemas",5,92.2,2026-07-23,CANCELLED
7245,3300,john60@example.net,1804,Blood information,Williams-Mckenzie Cinemas,6,74.4,2026-07-23,CONFIRMED
7246,567,daniel71@example.com,1504,Program difficult represent,"Williams, Mccoy and Cook Cinemas",3,70.56,2026-07-17,CONFIRMED
7247,2387,vpatterson@example.com,811,Reflect air ask,Jones-Barnes Cinemas,3,51.09,2026-07-22,CONFIRMED
7248,3051,bsolis@example.org,616,Thank purpose appear,Jackson-Cooper Cinemas,5,87.2,2026-07-23,CONFIRMED
7249,602,pparker@example.com,1468,Year free long,Sherman-Munoz Cinemas,3,35.58,2026-07-01,CONFIRMED
7250,2092,gutierrezolivia@example.com,1777,Medical order end,Bell PLC Cinemas,2,22.9,2026-07-23,CONFIRMED
7251,4425,james13@example.com,1317,Drop,Green-Ewing Cinemas,2,27.92,2026-07-23,CANCELLED
7252,1458,susan80@example.com,775,Particular his position,Ferrell-Morgan Cinemas,3,74.25,2026-07-23,CONFIRMED
7253,2204,alexanderlisa@example.net,1165,Account large lot,"Miller, Hansen and Salas Cinemas",2,22.72,2026-07-23,CANCELLED
7254,551,renee99@example.com,1064,Own,Harrington Group Cinemas,1,12.5,2026-07-23,CONFIRMED
7255,3520,nielsenapril@example.net,1599,Seven notice,"Herrera, Jensen and Ramirez Cinemas",3,29.91,2026-07-23,CONFIRMED
7256,3249,brandonrosario@example.net,829,Nation,Freeman Inc Cinemas,5,94.25,2026-07-23,CONFIRMED
7257,354,richard37@example.org,221,Give billion if,"Moss, Kelly and Herman Cinemas",5,43.55,2026-06-28,CONFIRMED
7258,2566,briankennedy@example.org,568,Big while capital,Holden LLC Cinemas,5,60.35,2026-07-18,CONFIRMED
7259,2028,stephenstanley@example.com,1646,Art food,Morris-Merritt Cinemas,6,111.3,2026-07-21,CONFIRMED
7260,1016,justin89@example.com,1266,Indicate big,Mclean Group Cinemas,5,94.65,2026-07-01,CONFIRMED
7261,2244,heather80@example.org,1414,Discover relate,"Martin, Cervantes and Stokes Cinemas",5,72.25,2026-07-12,CONFIRMED
7262,704,belldavid@example.net,165,Place growth staff,"Davis, Rodriguez and Andrews Cinemas",4,98.44,2026-07-23,CONFIRMED
7263,1352,allison84@example.net,1363,At trip,Reed Group Cinemas,1,10.79,2026-07-23,CONFIRMED
7264,4238,ymitchell@example.com,593,Pay company,Bean-Evans Cinemas,2,48.6,2026-07-23,CONFIRMED
7265,588,wilkinskevin@example.net,914,Risk hospital process,Elliott-Holland Cinemas,3,59.88,2026-07-23,CONFIRMED
7266,2443,michael12@example.com,1342,Write oil on,Scott-Miller Cinemas,4,32.0,2026-07-08,CONFIRMED
7267,573,rwhite@example.org,1527,School pass at,"Caldwell, Stevenson and Joseph Cinemas",1,24.85,2026-07-23,CONFIRMED
7268,4018,angelaholder@example.org,1034,Real establish,"Hammond, Douglas and Johnson Cinemas",1,11.78,2026-06-26,CONFIRMED
7269,690,robert07@example.com,1556,Question notice require,Pena-Bass Cinemas,1,22.98,2026-07-23,CONFIRMED
7270,3473,orusso@example.org,908,Some represent,"Walton, Anderson and Cook Cinemas",4,89.76,2026-07-23,CONFIRMED
7271,1105,amanda75@example.net,446,Medical scientist,Andrews-Aguirre Cinemas,2,47.22,2026-07-02,CONFIRMED
7272,4369,perezjonathan@example.net,1352,Hard budget,"Chen, Faulkner and Casey Cinemas",1,8.83,2026-06-21,CONFIRMED
7273,1103,martinramirez@example.org,33,Project,"Olson, Hebert and Jones Cinemas",4,83.16,2026-06-25,CONFIRMED
7274,2804,michelle13@example.com,959,Himself interest kind,Fernandez Inc Cinemas,5,63.7,2026-07-23,CONFIRMED
7275,4274,mparker@example.net,798,Lay same,Owens-Lang Cinemas,1,9.3,2026-07-23,CONFIRMED
7276,2426,tyrone95@example.org,1909,Writer degree book,Clark Ltd Cinemas,1,19.81,2026-07-23,CONFIRMED
7277,1031,vgraham@example.com,285,Bank though,"Roberts, Stanton and Smith Cinemas",4,77.44,2026-07-23,CONFIRMED
7278,2676,knightrenee@example.org,672,Mr if get,Hebert Group Cinemas,2,34.1,2026-07-23,CONFIRMED
7279,933,tsullivan@example.org,444,Him along sense,"Ho, Little and Leon Cinemas",2,23.4,2026-06-25,CANCELLED
7280,364,tammy53@example.org,1220,Clear open machine voice,"Bennett, Williams and Klein Cinemas",6,105.48,2026-07-09,CANCELLED
7281,4782,xellis@example.org,1048,Describe also sea,"Lloyd, Walker and Brock Cinemas",6,80.28,2026-07-23,CONFIRMED
7282,431,fhughes@example.org,1418,Guy fight service,Davis-Phelps Cinemas,6,115.2,2026-06-13,CONFIRMED
7283,2810,diamond43@example.net,724,Reason rock bit,"Foster, Smith and Grimes Cinemas",6,113.46,2026-06-14,CONFIRMED
7284,578,jeffrey62@example.net,1939,True care,"Murphy, Lee and Garcia Cinemas",4,37.76,2026-06-19,CONFIRMED
7285,4863,btapia@example.org,972,Less admit involve,"Howard, Brennan and Moore Cinemas",5,114.25,2026-07-23,CONFIRMED
7286,2038,andrew47@example.com,39,Smile about,"Haas, Richardson and Lee Cinemas",1,15.33,2026-07-23,CONFIRMED
7287,518,alawson@example.org,1370,Quite rise,Clements PLC Cinemas,6,62.82,2026-07-23,CONFIRMED
7288,1966,patricia63@example.com,540,Major,Sellers LLC Cinemas,4,97.48,2026-07-11,CONFIRMED
7289,3703,jamesmendoza@example.org,1021,How even,"Bell, Peterson and Price Cinemas",2,25.16,2026-07-02,CONFIRMED
7290,4042,benitezheather@example.com,467,Fight wall why,Wright-Davis Cinemas,2,37.0,2026-07-23,CONFIRMED
7291,1988,allenjohnson@example.com,1540,Measure bill whatever,"Taylor, Williams and Hall Cinemas",1,10.65,2026-07-23,CONFIRMED
7292,1600,clifford98@example.net,1557,Free sign,Wheeler PLC Cinemas,3,37.83,2026-07-23,CONFIRMED
7293,3774,hallcourtney@example.com,1236,Close ground green,"Vargas, Taylor and Hunt Cinemas",4,80.28,2026-07-02,CONFIRMED
7294,274,wendymason@example.net,1496,Information war letter,"Carroll, Choi and Collier Cinemas",2,24.6,2026-07-23,CONFIRMED
7295,626,amanda72@example.com,1128,Including stand enjoy,"Gonzalez, Santos and Gardner Cinemas",1,8.09,2026-07-23,CONFIRMED
7296,2211,egray@example.net,520,Least nothing best huge,Reid-Miller Cinemas,1,13.43,2026-07-11,CONFIRMED
7297,3330,cruzjoseph@example.com,1139,Employee professor hair,"Garrison, Williams and Garcia Cinemas",5,112.85,2026-07-09,CONFIRMED
7298,41,stevensmichael@example.org,1859,Receive attack,"Bray, Nicholson and Walker Cinemas",4,65.44,2026-07-23,CONFIRMED
7299,852,christopher99@example.org,91,Walk effort,"Williams, Newman and Jones Cinemas",2,33.2,2026-07-02,CANCELLED
7300,1976,guerreropatrick@example.com,445,Country news,Bailey-Montoya Cinemas,4,65.64,2026-07-23,CONFIRMED
7301,894,ppruitt@example.com,1421,Or task local,"Taylor, Morales and Fuller Cinemas",3,49.47,2026-07-02,CONFIRMED
7302,3788,seanwheeler@example.com,1136,Society against,Pratt LLC Cinemas,6,48.06,2026-06-29,CONFIRMED
7303,1482,ediaz@example.org,1267,Hit adult example,Whitney-Flores Cinemas,4,49.56,2026-07-23,CONFIRMED
7304,1986,elizabeth56@example.org,797,Idea gun during,Harrison-Leach Cinemas,5,89.5,2026-07-23,CONFIRMED
7305,1910,bcaldwell@example.net,866,Important to mean,"May, Valenzuela and Lee Cinemas",1,15.96,2026-07-02,CONFIRMED
7306,3031,sean91@example.org,1351,Discussion enjoy,Bell-Jordan Cinemas,4,80.64,2026-07-23,CONFIRMED
7307,2051,bernardchristina@example.net,1227,Owner institution team,Ibarra Ltd Cinemas,3,41.07,2026-07-23,CONFIRMED
7308,3745,danielgood@example.net,1618,Maintain while,"Howard, Gomez and Owens Cinemas",1,21.96,2026-07-23,CONFIRMED
7309,4804,tmorrison@example.net,1753,Do leader very,Jordan-Campbell Cinemas,1,17.42,2026-07-23,CONFIRMED
7310,4489,kelly56@example.net,1830,Along seven than,Johnston Inc Cinemas,5,59.95,2026-06-19,CONFIRMED
7311,1192,christopherharris@example.org,630,Pressure little,Holland and Sons Cinemas,1,24.75,2026-07-23,CONFIRMED
7312,2115,james75@example.org,1634,Walk deal,Guzman-Montoya Cinemas,2,20.32,2026-07-23,CONFIRMED
7313,2119,nathaniel41@example.org,803,Hair remember,"Wallace, Perkins and Johnson Cinemas",1,12.11,2026-06-21,CONFIRMED
7314,2001,redwards@example.com,818,Opportunity might,Jennings Group Cinemas,1,15.28,2026-07-23,CONFIRMED
7315,3493,lori48@example.com,1459,Way former affect network,"Kennedy, Cohen and Pennington Cinemas",6,52.8,2026-07-23,CONFIRMED
7316,1629,stephen61@example.com,1834,North structure,Harrell-Hebert Cinemas,2,35.32,2026-07-04,CONFIRMED
7317,4977,mikegonzalez@example.org,529,Themselves himself gas,Shah PLC Cinemas,1,16.45,2026-07-23,CONFIRMED
7318,4552,stafforderin@example.com,1355,Table mission forward,"Howard, Townsend and Hayes Cinemas",2,38.92,2026-07-23,CANCELLED
7319,2209,james71@example.net,329,Another standard one on,Greene-Shelton Cinemas,3,56.52,2026-06-21,CANCELLED
7320,4101,yclay@example.com,275,Other community data,Miller and Sons Cinemas,4,55.36,2026-07-23,CONFIRMED
7321,2758,moralesbriana@example.com,487,Speech need,Harper-Johnson Cinemas,2,40.3,2026-07-23,CONFIRMED
7322,229,wesleycalhoun@example.net,1710,Employee,Ortega Group Cinemas,4,52.32,2026-07-23,CANCELLED
7323,3489,kristinaallen@example.org,1521,Student notice,Marshall Group Cinemas,1,9.32,2026-06-19,CONFIRMED
7324,1574,xzavala@example.com,1276,Share let,Carroll-Morris Cinemas,4,62.24,2026-06-28,CONFIRMED
7325,2700,bennettdavid@example.org,1048,Describe also sea,"Lloyd, Walker and Brock Cinemas",6,80.28,2026-07-23,CONFIRMED
7326,2824,ellisjames@example.org,1822,Can newspaper water,"Gonzalez, Santos and Gardner Cinemas",1,17.07,2026-07-04,CONFIRMED
7327,3821,matthewmoses@example.org,152,Company medical house,Jackson-Campbell Cinemas,5,75.45,2026-07-23,CONFIRMED
7328,3436,ebrown@example.com,950,Population before possible,"Mckee, Gardner and Davenport Cinemas",5,64.45,2026-07-08,CONFIRMED
7329,407,thomasjohnson@example.net,1979,Always beautiful,Hoffman PLC Cinemas,3,62.22,2026-06-27,CANCELLED
7330,1196,acombs@example.net,1419,View rich brother,Harrington Group Cinemas,3,24.87,2026-07-23,CONFIRMED
7331,452,ibarrabrian@example.net,1756,Green baby,"Brown, James and Arroyo Cinemas",4,48.6,2026-07-18,CONFIRMED
7332,1200,tiffany50@example.net,1106,Method tonight them,Terry-Price Cinemas,5,72.8,2026-07-23,CONFIRMED
7333,3408,vhowell@example.net,1458,Sure voice on,Gibson-Thomas Cinemas,5,89.25,2026-07-23,CONFIRMED
7334,4536,john65@example.org,948,Particular movie,Williams-Mckenzie Cinemas,4,40.32,2026-07-23,CONFIRMED
7335,3805,umoore@example.com,1690,Fund weight,"Compton, Owens and Decker Cinemas",3,25.17,2026-07-23,CONFIRMED
7336,4735,steinsergio@example.net,332,Her there,"Mckee, Gardner and Davenport Cinemas",6,61.26,2026-07-06,CONFIRMED
7337,2811,lwalton@example.com,1118,Identify all agreement stop,Moore Group Cinemas,4,61.16,2026-07-23,CONFIRMED
7338,3007,alvarezjason@example.org,208,Past degree,Munoz-Stokes Cinemas,2,48.2,2026-06-12,CONFIRMED
7339,3212,wnelson@example.com,1043,Tonight current born,Howe Inc Cinemas,5,51.05,2026-07-23,CONFIRMED
7340,4965,suebarajas@example.net,149,City now,Williams Ltd Cinemas,2,16.28,2026-07-18,CONFIRMED
7341,4801,rileyjulie@example.com,1669,Decade alone,Horne Inc Cinemas,6,141.84,2026-06-26,CONFIRMED
7342,3545,oroberts@example.net,62,Factor remember,Herrera-Coleman Cinemas,1,10.03,2026-07-12,CONFIRMED
7343,3761,williamsmonica@example.com,1899,Allow tree miss,Welch-Hogan Cinemas,3,47.82,2026-07-23,CONFIRMED
7344,885,richardmiddleton@example.org,188,Citizen then,Sanchez-Douglas Cinemas,1,23.87,2026-07-23,CONFIRMED
7345,4643,david32@example.com,18,Thank behind,"Smith, Swanson and Glass Cinemas",6,77.52,2026-07-22,CONFIRMED
7346,4469,tamara83@example.com,235,Analysis position respond person,"Kennedy, Mueller and Aguirre Cinemas",6,95.16,2026-07-15,CONFIRMED
7347,2599,garrett93@example.com,367,Bar eight,Williams-Smith Cinemas,6,105.06,2026-07-08,CANCELLED
7348,639,corey22@example.com,1576,Bed,Mccarthy-Hobbs Cinemas,2,30.94,2026-07-23,CONFIRMED
7349,4823,stevenschristopher@example.org,1969,Tend drive group,"Meyer, Dawson and Harper Cinemas",6,72.6,2026-07-09,CONFIRMED
7350,3935,jolson@example.org,1899,Allow tree miss,Welch-Hogan Cinemas,4,63.76,2026-07-23,CANCELLED
7351,3473,orusso@example.org,633,Above white sometimes,Miller Group Cinemas,6,105.6,2026-06-24,CONFIRMED
7352,2099,whernandez@example.com,329,Another standard one on,Greene-Shelton Cinemas,4,75.36,2026-06-26,CONFIRMED
7353,4676,ysoto@example.net,346,Pressure will stay,Delacruz Group Cinemas,5,82.25,2026-07-23,CONFIRMED
7354,1327,aaron79@example.net,160,On,"Medina, Green and Rivera Cinemas",5,122.85,2026-07-23,CONFIRMED
7355,2281,sduffy@example.net,563,Analysis serious,"Ramirez, Horne and Johnson Cinemas",5,75.3,2026-07-23,CONFIRMED
7356,999,michael44@example.com,1604,Sense gas,"Cain, Contreras and Jackson Cinemas",6,101.82,2026-07-23,CONFIRMED
7357,4618,brianjarvis@example.net,999,Individual price,Miller LLC Cinemas,5,49.45,2026-06-28,CONFIRMED
7358,3599,joe89@example.net,1915,Each bed good friend,"Smith, Beard and Taylor Cinemas",5,112.85,2026-07-23,CONFIRMED
7359,4476,torrestravis@example.org,1806,Fine,"Freeman, Cox and Mitchell Cinemas",4,72.12,2026-06-17,CONFIRMED
7360,2033,erichmond@example.org,1501,Else traditional,"Stevens, Norris and Smith Cinemas",3,63.39,2026-07-23,CONFIRMED
7361,1402,angelaespinoza@example.org,1808,Gun size cup,"James, Howard and Johnson Cinemas",6,50.04,2026-07-23,CONFIRMED
7362,2840,regina46@example.org,1811,Ahead main war,Brown and Sons Cinemas,1,9.47,2026-07-17,CONFIRMED
7363,3094,frazierwendy@example.com,1217,Clearly ask her,"Short, Brooks and Lang Cinemas",2,45.64,2026-07-05,CONFIRMED
7364,1303,scott01@example.com,289,Hope official dark,Smith-Patel Cinemas,5,119.25,2026-07-13,CONFIRMED
7365,1492,susandavis@example.org,201,Science experience successful,"Cain, Contreras and Jackson Cinemas",1,9.97,2026-07-20,CONFIRMED
7366,3166,christopher69@example.net,866,Important to mean,"May, Valenzuela and Lee Cinemas",3,47.88,2026-06-26,CONFIRMED
7367,4776,jesseanderson@example.net,501,Have,"Medina, Miller and Yates Cinemas",6,99.18,2026-07-23,CONFIRMED
7368,907,cheryl26@example.net,1117,Detail more,"Berry, Green and Ward Cinemas",5,44.6,2026-07-23,CANCELLED
7369,3757,christopher07@example.net,1339,National notice,Gonzalez-Mccarthy Cinemas,1,16.47,2026-07-23,CONFIRMED
7370,1012,ksherman@example.com,1102,Almost home dream,Villarreal-Jackson Cinemas,2,47.9,2026-07-03,CONFIRMED
7371,1799,lee16@example.net,1407,Father reason,Owens-Mayer Cinemas,5,71.6,2026-07-04,CONFIRMED
7372,3155,natashapaul@example.net,1858,Action natural southern,"Duarte, Smith and Caldwell Cinemas",1,19.22,2026-07-14,CANCELLED
7373,2481,scottlindsey@example.com,1551,Begin member interview,"Wallace, Perkins and Johnson Cinemas",5,73.35,2026-07-19,CONFIRMED
7374,4994,jacobmoss@example.org,1612,Same,"Diaz, Hill and Becker Cinemas",5,68.8,2026-07-23,CONFIRMED
7375,39,lindseysandra@example.org,1231,Machine value television,Burns-Nguyen Cinemas,1,20.27,2026-06-23,CONFIRMED
7376,4068,robertking@example.net,283,International thousand,"Cox, Ford and Huffman Cinemas",2,32.34,2026-06-25,CANCELLED
7377,2393,rhiggins@example.net,729,Main,Buchanan LLC Cinemas,1,12.64,2026-07-23,CONFIRMED
7378,1853,amber38@example.net,1071,Apply simply why,Moody-Williams Cinemas,1,10.37,2026-07-23,CONFIRMED
7379,2496,osmith@example.net,194,Of him draw,"Herrera, Jensen and Ramirez Cinemas",1,14.83,2026-07-23,CANCELLED
7380,3158,marknavarro@example.org,1180,Wall before,Marshall Inc Cinemas,2,23.4,2026-06-28,CONFIRMED
7381,4646,joseph26@example.org,1401,Oil,Lynch LLC Cinemas,3,55.71,2026-07-23,CONFIRMED
7382,4901,kevin33@example.net,1697,Sea east admit too,"Lopez, Gomez and Garcia Cinemas",4,93.24,2026-07-23,CONFIRMED
7383,843,qmoran@example.com,702,Investment someone that,Walker-Jones Cinemas,3,40.86,2026-07-22,CONFIRMED
7384,2082,gtrujillo@example.org,1648,Pass go,James Ltd Cinemas,5,81.25,2026-06-18,CONFIRMED
7385,1453,hudsongwendolyn@example.com,778,Truth better them,"Copeland, Jones and Salazar Cinemas",2,20.58,2026-07-01,CONFIRMED
7386,3729,cynthia88@example.org,1932,Arm sometimes table,"Castro, Garcia and Daniels Cinemas",3,50.64,2026-06-22,CONFIRMED
7387,475,qsimmons@example.org,1578,Cost agent,Ward-Blake Cinemas,5,74.7,2026-06-29,CANCELLED
7388,1515,danielscott@example.com,1645,Shoulder paper,Russell Inc Cinemas,3,48.6,2026-07-23,CONFIRMED
7389,151,kayla33@example.net,29,Dream experience chair,Garcia LLC Cinemas,3,25.38,2026-06-24,CONFIRMED
7390,1877,russelltammy@example.net,843,Special admit,"Phelps, Montoya and Barnett Cinemas",5,121.5,2026-07-23,CONFIRMED
7391,2757,mjones@example.org,873,Current about as,Cordova Group Cinemas,6,87.48,2026-07-23,CONFIRMED
7392,442,jamesanderson@example.org,1487,Actually meet,"Hatfield, Edwards and Brown Cinemas",5,72.45,2026-07-23,CONFIRMED
7393,2374,victoria95@example.net,70,Local choose as,Baldwin-Garcia Cinemas,4,68.64,2026-06-20,CONFIRMED
7394,4628,hughesrachel@example.org,1525,Involve tax name,Patterson-Lawrence Cinemas,3,55.77,2026-07-23,CONFIRMED
7395,4474,gentrykatherine@example.net,1401,Oil,Lynch LLC Cinemas,2,37.14,2026-07-23,CONFIRMED
7396,4409,perkinsdeborah@example.net,1297,Cut group few,Patterson-Lawrence Cinemas,1,18.43,2026-07-23,CONFIRMED
7397,1841,danielduncan@example.org,1142,Hear deep likely,Miller Group Cinemas,1,17.71,2026-07-20,CONFIRMED
7398,3460,jacquelinesullivan@example.net,792,Political bar,Henderson LLC Cinemas,3,62.73,2026-07-23,CANCELLED
7399,4612,matthewgarcia@example.org,1575,Character personal she list,Weaver-Thompson Cinemas,1,20.73,2026-07-23,CONFIRMED
7400,510,waretabitha@example.com,949,Daughter serious international,"Kennedy, Mueller and Aguirre Cinemas",4,84.64,2026-07-23,CONFIRMED
7401,4613,leelisa@example.net,928,Prevent,"Compton, Owens and Decker Cinemas",6,106.68,2026-06-19,CONFIRMED
7402,2581,cisnerosjason@example.org,704,Send develop good,"Miller, Hansen and Salas Cinemas",6,116.76,2026-07-21,CANCELLED
7403,3647,cunninghamraymond@example.org,980,Market there us design,Martinez PLC Cinemas,3,60.39,2026-07-23,CONFIRMED
7404,855,russell21@example.com,1168,Claim magazine century,Peterson-Mullins Cinemas,1,17.29,2026-07-23,CONFIRMED
7405,1949,matthewgonzalez@example.net,1818,Receive material each beat,Spears Ltd Cinemas,4,73.08,2026-07-19,CONFIRMED
7406,2432,reynoldsmatthew@example.net,1142,Hear deep likely,Miller Group Cinemas,5,88.55,2026-07-23,CONFIRMED
7407,3591,martinstephanie@example.com,586,Argue,Hebert Group Cinemas,5,122.75,2026-07-23,CONFIRMED
7408,2340,josephlloyd@example.net,456,Myself rise story,Jones-Contreras Cinemas,6,87.72,2026-06-28,CONFIRMED
7409,914,perrywayne@example.org,1176,Statement,"Henson, Jones and Sanders Cinemas",4,81.24,2026-07-03,CONFIRMED
7410,2377,rmeadows@example.org,1419,View rich brother,Harrington Group Cinemas,1,8.29,2026-07-23,CONFIRMED
7411,2144,gbrown@example.org,1900,Simply modern,Neal Group Cinemas,6,123.9,2026-07-14,CONFIRMED
7412,403,roberthoffman@example.com,48,Hospital attorney computer,"Patterson, Camacho and White Cinemas",1,24.57,2026-07-23,CONFIRMED
7413,2341,hjones@example.com,260,Simple Mr financial,"Gonzales, Short and Weaver Cinemas",3,52.47,2026-07-23,CONFIRMED
7414,3405,diana25@example.net,544,Us consider baby,Davis-Montgomery Cinemas,3,25.38,2026-07-02,CONFIRMED
7415,3173,johngarcia@example.org,418,Not pull ability word,Zuniga Group Cinemas,6,50.76,2026-07-23,CANCELLED
7416,2274,creynolds@example.com,1154,Unit matter,Barron-Brown Cinemas,3,29.88,2026-06-15,CONFIRMED
7417,2456,xlittle@example.org,1179,Identify all agreement stop,Patterson LLC Cinemas,1,15.7,2026-07-23,CONFIRMED
7418,1285,pamela11@example.org,1746,Suggest interest truth,Butler and Sons Cinemas,3,62.91,2026-07-19,CONFIRMED
7419,87,amydavid@example.org,726,Seem summer final production,White-Reese Cinemas,6,55.02,2026-07-23,CONFIRMED
7420,738,vunderwood@example.com,1350,Along rule,Carney Group Cinemas,6,78.3,2026-06-29,CONFIRMED
7421,445,santiagoronald@example.com,1689,Provide right section,"Weiss, Cole and Preston Cinemas",5,60.25,2026-07-23,CONFIRMED
7422,757,turnerdaniel@example.com,510,Believe,"Smith, Jackson and Porter Cinemas",3,69.45,2026-07-12,CANCELLED
7423,3328,jacqueline60@example.net,735,Remember stay,Robinson Group Cinemas,1,13.04,2026-06-20,CONFIRMED
7424,33,fwolf@example.net,1288,Agreement outside night,Spears Ltd Cinemas,4,35.52,2026-07-23,CONFIRMED
7425,3367,brandon30@example.com,1768,Hour trial speech,Anderson-Silva Cinemas,1,20.71,2026-07-23,CONFIRMED
7426,4757,leah30@example.com,294,Positive describe,Fitzgerald-Scott Cinemas,5,97.15,2026-06-29,CONFIRMED
7427,3858,jennifershields@example.net,691,Business also,"Rich, Brown and Bruce Cinemas",5,67.35,2026-07-23,CONFIRMED
7428,1880,qknight@example.net,311,Family third animal hotel,"Mckee, Gardner and Davenport Cinemas",5,121.0,2026-07-23,CONFIRMED
7429,4817,james10@example.net,1027,Significant impact,Haynes-Moss Cinemas,5,103.5,2026-07-23,CONFIRMED
7430,1525,scott76@example.com,843,Special admit,"Phelps, Montoya and Barnett Cinemas",4,97.2,2026-07-23,CONFIRMED
7431,2293,perrytasha@example.net,654,Eye single,Wright-Davis Cinemas,5,103.5,2026-07-21,CONFIRMED
7432,2412,karisullivan@example.net,783,Impact every hard,Watson-Gray Cinemas,3,66.33,2026-06-25,CONFIRMED
7433,4882,meadowsstacey@example.org,1894,Area base,"Cruz, Fowler and Haynes Cinemas",5,68.95,2026-07-02,CONFIRMED
7434,4791,vincentreilly@example.org,67,Lose animal,Turner Inc Cinemas,2,43.28,2026-07-23,CONFIRMED
7435,3848,jerrygray@example.com,375,Adult hour,"Velez, Howell and Stevenson Cinemas",6,123.72,2026-07-23,CONFIRMED
7436,3554,fostertracey@example.org,527,Some our,Rhodes-Holland Cinemas,1,19.08,2026-07-23,CANCELLED
7437,1127,jross@example.org,912,Nothing letter lot sing,Colon LLC Cinemas,2,49.24,2026-06-30,CONFIRMED
7438,698,andrearivera@example.net,37,Now whom smile,Lee-Weeks Cinemas,5,99.55,2026-06-24,CONFIRMED
7439,3760,deborahsmith@example.com,351,Vote decade,Marshall Group Cinemas,1,17.2,2026-06-19,CONFIRMED
7440,3162,craig49@example.net,1104,Series popular,"Freeman, Hall and Allison Cinemas",2,45.22,2026-07-14,CONFIRMED
7441,741,amills@example.com,1414,Discover relate,"Martin, Cervantes and Stokes Cinemas",4,57.8,2026-07-02,CONFIRMED
7442,1238,carlastevens@example.net,892,Hundred hair,"Fisher, Payne and Thompson Cinemas",5,63.35,2026-07-16,CONFIRMED
7443,1036,shaffercraig@example.org,215,Movement involve,"Jackson, Andersen and Bowen Cinemas",4,55.08,2026-06-28,CONFIRMED
7444,2707,turnerlinda@example.net,1487,Actually meet,"Hatfield, Edwards and Brown Cinemas",1,14.49,2026-07-23,CANCELLED
7445,668,larry40@example.net,1062,Too responsibility,"Anderson, Velazquez and Stewart Cinemas",4,93.08,2026-07-23,CONFIRMED
7446,1958,melissa25@example.org,1435,But star sense,Kim-George Cinemas,5,89.7,2026-07-23,CANCELLED
7447,2910,obrown@example.net,629,Be activity,"Gonzales, Short and Weaver Cinemas",4,96.44,2026-07-23,CONFIRMED
7448,4565,sarah07@example.net,1596,Race,Davis-Abbott Cinemas,6,114.18,2026-07-23,CONFIRMED
7449,3298,castillolinda@example.com,1658,Laugh across,Anderson-Silva Cinemas,4,94.8,2026-07-07,CONFIRMED
7450,258,samantha54@example.net,65,Far these,Sellers LLC Cinemas,1,13.56,2026-07-14,CONFIRMED
7451,3751,kelly05@example.net,1810,Century kid plan determine,"Perez, Hoffman and Tucker Cinemas",4,50.44,2026-07-13,CONFIRMED
7452,2346,kaylee70@example.org,588,For true we,Wright and Sons Cinemas,3,31.95,2026-07-23,CANCELLED
7453,2610,collinscourtney@example.net,1523,Energy guy,Cervantes PLC Cinemas,2,16.46,2026-06-28,CONFIRMED
7454,1631,christine11@example.org,19,Research decide even,Chase-Washington Cinemas,2,28.8,2026-07-23,CONFIRMED
7455,1125,jjackson@example.org,436,Western leg Democrat,"King, Taylor and Middleton Cinemas",6,121.56,2026-07-23,CONFIRMED
7456,1364,householly@example.com,282,Start accept civil,Marshall Group Cinemas,3,35.16,2026-07-23,CONFIRMED
7457,2250,emullen@example.net,1755,City,"Miranda, Reese and Johnson Cinemas",4,88.72,2026-07-23,CONFIRMED
7458,132,bartondavid@example.com,429,Without big project,Thomas and Sons Cinemas,2,40.98,2026-06-15,CONFIRMED
7459,1109,deborahrobinson@example.com,1046,Data tend,Brown-Cohen Cinemas,3,62.85,2026-07-23,CONFIRMED
7460,3590,acarroll@example.org,724,Reason rock bit,"Foster, Smith and Grimes Cinemas",5,94.55,2026-06-14,CONFIRMED
7461,1021,zsmith@example.com,1846,Attention avoid beyond,Jackson-Mcclure Cinemas,6,67.56,2026-07-23,CONFIRMED
7462,1062,ashley45@example.net,545,What address poor friend,Nguyen-Castro Cinemas,4,87.6,2026-07-23,CONFIRMED
7463,4056,jonathan85@example.com,1462,Toward right,Duke-Schultz Cinemas,6,53.28,2026-07-23,CONFIRMED
7464,1851,antoniojenkins@example.com,1520,Through unit,Griffin Ltd Cinemas,4,59.6,2026-07-23,CONFIRMED
7465,4013,mallory90@example.org,1827,Operation week sing,Roberts Ltd Cinemas,3,70.02,2026-07-23,CANCELLED
7466,4900,thompsonamber@example.net,782,Give speak,"Carroll, Choi and Collier Cinemas",6,140.82,2026-07-23,CONFIRMED
7467,2781,matthewgraves@example.net,466,Could policy,Peterson Group Cinemas,5,115.95,2026-06-29,CONFIRMED
7468,3757,christopher07@example.net,1071,Apply simply why,Moody-Williams Cinemas,2,20.74,2026-07-23,CONFIRMED
7469,2463,kristin46@example.com,192,Discuss create,Duke-Schultz Cinemas,3,57.36,2026-07-23,CANCELLED
7470,2671,brockfelicia@example.org,606,International live whole,"Blevins, Delgado and Bennett Cinemas",6,80.88,2026-07-17,CONFIRMED
7471,4886,briangardner@example.net,492,Shake month,Bradley-Novak Cinemas,4,49.24,2026-07-04,CONFIRMED
7472,3801,ncarter@example.com,1938,Consider product science,Clark Group Cinemas,1,18.44,2026-06-18,CONFIRMED
7473,758,stewartjeremy@example.org,725,Class if,Kirk Inc Cinemas,6,107.46,2026-07-23,CONFIRMED
7474,4011,emoreno@example.net,877,Your,Mccoy-Strickland Cinemas,1,15.75,2026-07-09,CONFIRMED
7475,4775,derek49@example.org,1784,Natural great floor mission,Jackson Ltd Cinemas,1,23.33,2026-07-23,CONFIRMED
7476,1968,catherine68@example.com,236,Worker eight,Blevins-Ballard Cinemas,6,102.24,2026-07-20,CONFIRMED
7477,421,sanderson@example.org,1252,Then single,"Castro, Garcia and Daniels Cinemas",5,67.75,2026-07-15,CONFIRMED
7478,3895,gary05@example.net,442,Public party trip,"Perez, Hoffman and Tucker Cinemas",6,85.5,2026-07-22,CONFIRMED
7479,4670,vnguyen@example.com,221,Give billion if,"Moss, Kelly and Herman Cinemas",2,17.42,2026-06-27,CONFIRMED
7480,3302,johnsonjohn@example.com,902,Meet speak,Hansen-Schneider Cinemas,6,125.7,2026-07-20,CONFIRMED
7481,2533,tyler86@example.org,1719,Difficult page send always,"Meyer, Dawson and Harper Cinemas",4,58.2,2026-06-23,CONFIRMED
7482,1931,brianhodges@example.net,664,Poor cause,Sanchez-Douglas Cinemas,2,17.2,2026-07-23,CONFIRMED
7483,47,delacruzsandra@example.com,1916,Though social,Rowe and Sons Cinemas,6,60.6,2026-07-08,CANCELLED
7484,4883,xramos@example.com,1586,Others brother visit employee,"Morales, Miller and Harrell Cinemas",1,19.53,2026-06-26,CONFIRMED
7485,2189,hardincarlos@example.com,1807,Worker determine,Edwards Inc Cinemas,1,13.25,2026-07-23,CONFIRMED
7486,2101,jamiejohnson@example.org,407,Game sound,Castillo Group Cinemas,6,71.1,2026-07-23,CONFIRMED
7487,3379,mannbrandi@example.org,1565,Site yeah,"Baker, May and Hughes Cinemas",6,121.8,2026-07-23,CONFIRMED
7488,3994,dduffy@example.org,1313,Maintain care,White LLC Cinemas,6,130.8,2026-07-23,CONFIRMED
7489,464,carmengomez@example.net,1022,Site yeah,Sanchez-Douglas Cinemas,5,55.5,2026-07-20,CONFIRMED
7490,2336,tbrown@example.net,716,Soldier six until,"Miller, Wade and Flores Cinemas",1,20.47,2026-07-04,CONFIRMED
7491,1672,thomas61@example.net,230,They street month current,Elliott Group Cinemas,3,70.11,2026-06-28,CONFIRMED
7492,3282,benjamin76@example.net,440,Number face get,White-Jackson Cinemas,4,64.64,2026-07-09,CONFIRMED
7493,3547,ortizrandy@example.com,1000,Media hospital,Mclaughlin Inc Cinemas,2,32.4,2026-07-23,CONFIRMED
7494,1871,hjones@example.org,586,Argue,Hebert Group Cinemas,3,73.65,2026-07-23,CANCELLED
7495,4216,jonathan78@example.net,969,Loss dark act,"Vasquez, Sanchez and Green Cinemas",5,93.85,2026-07-18,CONFIRMED
7496,1129,joanna88@example.org,531,Respond both,Joyce-Benitez Cinemas,2,24.0,2026-07-23,CANCELLED
7497,1910,bcaldwell@example.net,508,Common strategy,"Bray, Nicholson and Walker Cinemas",3,43.41,2026-07-23,CONFIRMED
7498,2644,flemingcaitlyn@example.org,469,Authority glass,"Vang, Wilkinson and Wilson Cinemas",4,90.88,2026-07-23,CONFIRMED
7499,1487,lgonzalez@example.net,414,Staff argue ten,"Myers, Gamble and Sanford Cinemas",1,18.63,2026-07-23,CANCELLED
7500,2687,jillian89@example.org,566,Blue soon boy,Price-Lee Cinemas,3,41.76,2026-06-16,CONFIRMED
