userId,userFirstName,userLastName,userEmail,role
1,Trevor,Morgan,tonya48@example.net,USER
2,Matthew,Chapman,laura59@example.com,USER
3,Gregory,Anderson,poncelisa@example.com,USER
4,Tricia,Johnson,khanbrad@example.com,USER
5,Nathan,Hall,charlesyoung@example.net,USER
6,Natalie,Ware,lloydmiranda@example.org,USER
7,Jared,Nguyen,njohnson@example.net,USER
8,Cynthia,Peters,evelyncampbell@example.com,USER
9,Melissa,Warren,ncruz@example.net,USER
10,Tracy,Porter,rodneynolan@example.com,USER
11,Jennifer,Carter,ahernandez@example.org,USER
12,Michael,Robertson,samantharoberts@example.org,USER
13,Alicia,Trujillo,jasminemorton@example.org,USER
14,Jillian,Lee,martinezcatherine@example.net,USER
15,Adrian,Torres,brownjoanna@example.org,USER
16,April,Perry,tmoore@example.net,USER
17,Steven,Johnson,katiepowell@example.net,USER
18,Christopher,Bryant,rachelcastillo@example.com,USER
19,Jorge,Mcpherson,timothy62@example.net,USER
20,Sheri,Nguyen,dixonkimberly@example.net,USER
21,Judy,Reyes,jessicalong@example.net,USER
22,Misty,Higgins,brewergregory@example.com,USER
23,Grace,Gonzalez,sararios@example.org,USER
24,Sue,Howe,hunter29@example.net,USER
25,Renee,Lewis,gkeith@example.net,USER
26,Ronald,Murphy,bowmanjoel@example.net,USER
27,Douglas,Mosley,denise39@example.net,USER
28,James,Hawkins,joseph17@example.net,USER
29,Deanna,Mclaughlin,zrobinson@example.com,USER
30,Keith,Mcmahon,jose49@example.com,USER
31,Cheryl,Hardy,patriciamunoz@example.net,USER
32,Scott,Lopez,scottmartin@example.com,USER
33,John,Santana,fwolf@example.net,USER
34,Daniel,Henry,devon88@example.org,USER
35,David,Johnson,taylormichael@example.net,USER
36,Krystal,Roy,glenware@example.com,USER
37,Kathleen,Burns,gstone@example.net,USER
38,Samuel,Sutton,elizabeth52@example.org,USER
39,Dana,Foster,lindseysandra@example.org,USER
40,James,Ramirez,joel61@example.net,USER
41,Melissa,Berry,stevensmichael@example.org,USER
42,Stephanie,Wiggins,johnsonedward@example.net,USER
43,Gary,Mcintosh,elizabeth14@example.org,USER
44,Timothy,Valdez,brianmorrow@example.org,USER
45,Barbara,Gay,clarkbrittney@example.org,USER
46,Charlotte,Wilson,jwilliams@example.net,USER
47,Edward,Clark,delacruzsandra@example.com,USER
48,Robert,Goodwin,brianobrien@example.net,USER
49,Emily,Wilson,ipowell@example.org,USER
50,Bobby,Williamson,griffinjennifer@example.net,USER
51,Julia,Rice,mrandolph@example.net,USER
52,Julie,Lewis,ashley66@example.com,USER
53,Jared,Smith,stanleymcdowell@example.com,USER
54,Kimberly,Garcia,gregory14@example.org,USER
55,Kristine,Vega,sandraheath@example.net,USER
56,Elizabeth,Hendrix,caitlynbennett@example.org,USER
57,Mary,Vargas,virginia56@example.org,USER
58,Lisa,Fitzgerald,trujillojason@example.net,USER
59,Ashley,Reed,xcolon@example.org,USER
60,Jeremy,Chavez,joshuacoleman@example.com,USER
61,Andrea,Fernandez,iparker@example.org,USER
62,Meghan,Green,beasleykimberly@example.org,USER
63,Donald,Olson,hendersonmichael@example.org,USER
64,Timothy,Grant,bruce99@example.org,USER
65,Scott,Griffith,reynoldsmichelle@example.org,USER
66,Robert,Anderson,amanda15@example.com,USER
67,Jose,Shields,walkerjennifer@example.com,USER
68,Antonio,Brown,jensenrebecca@example.com,USER
69,Sue,Elliott,yrichardson@example.com,USER
70,Cindy,Wood,nathan62@example.org,USER
71,John,Skinner,maryking@example.com,USER
72,Aaron,Williams,hammondlaura@example.net,USER
73,David,Clark,gspencer@example.com,USER
74,Raymond,Hines,burnsrodney@example.org,ADMIN
75,Amy,Black,seth29@example.org,USER
76,Miranda,Rodriguez,janet71@example.org,USER
77,William,Ortiz,wrightsteven@example.org,USER
78,Martin,Novak,michael84@example.com,USER
79,Kevin,Owen,dannygonzalez@example.org,USER
80,Annette,White,sean69@example.com,USER
81,Tyler,Harris,cookyvonne@example.org,USER
82,Catherine,Moore,bweeks@example.com,USER
83,Samuel,Hernandez,brenda83@example.org,USER
84,Holly,Alvarez,brownjoseph@example.com,USER
85,Ronald,Collins,courtney01@example.org,USER
86,Brent,Chapman,qmartinez@example.org,USER
87,Andrew,Rios,amydavid@example.org,USER
88,Lori,Hart,audrey53@example.net,USER
89,Whitney,Jones,bobbybishop@example.net,USER
90,Benjamin,Lawrence,znoble@example.net,USER
91,Allison,Vasquez,deborahgonzalez@example.net,USER
92,Scott,Martinez,jreyes@example.net,USER
93,Kelly,Jenkins,jmoses@example.org,USER
94,Todd,Cisneros,rcastillo@example.org,USER
95,Jesus,Thompson,samuel38@example.net,USER
96,Brittany,Roberts,forbessean@example.org,USER
97,Carl,Carson,frederick62@example.org,USER
98,Jason,Williams,iweiss@example.org,USER
99,Daniel,Jenkins,donnahopkins@example.net,USER
100,Linda,Burton,atkinsonrachel@example.net,USER
101,Sherry,Lloyd,mikemiles@example.net,USER
102,Ashley,Larson,hlester@example.org,USER
103,Theresa,Estes,sarah80@example.org,USER
104,Tara,Reilly,kevin22@example.org,USER
105,Shannon,Beard,alejandra39@example.com,USER
106,Teresa,Brooks,ryanbryan@example.org,USER
107,Jordan,Williams,qflores@example.org,USER
108,Maria,White,omarmiller@example.net,USER
109,Richard,Duran,villawilliam@example.com,USER
110,Emily,Garza,carolhenderson@example.net,USER
111,Edward,Barber,qlane@example.com,USER
112,Elizabeth,Williams,chapmanjerome@example.org,USER
113,Jonathan,Tyler,brodriguez@example.org,USER
114,Troy,Arnold,gregorymitchell@example.net,USER
115,Angela,Walker,xgomez@example.com,USER
116,Bianca,Trevino,owhite@example.org,USER
117,Nicole,Howe,mary66@example.net,USER
118,John,Baker,cjohnson@example.net,USER
119,Larry,Brown,hernandezmatthew@example.com,USER
120,Douglas,Zavala,bethany36@example.com,USER
121,Amy,Martinez,josephross@example.net,USER
122,Warren,Mendez,qtaylor@example.com,USER
123,Timothy,Ewing,eguzman@example.com,USER
124,Andrew,Whitaker,evansjason@example.org,USER
125,Brenda,Sherman,michaelcampos@example.net,USER
126,Danielle,Martin,jenniferrodriguez@example.org,USER
127,Thomas,Russell,petersontina@example.org,USER
128,Samantha,Morris,moraleskimberly@example.net,USER
129,Andrew,Martin,karen72@example.com,USER
130,David,Davis,debra34@example.com,USER
131,Anthony,Bradley,ebruce@example.net,USER
132,Todd,Buck,bartondavid@example.com,USER
133,Brooke,Berry,paynestephanie@example.net,USER
134,Aaron,Morales,collinmiller@example.com,USER
135,Robert,Abbott,cobbmary@example.net,USER
136,Jack,Foster,ivalentine@example.com,USER
137,Christina,Ryan,hollyperkins@example.net,USER
138,Christine,Alexander,sbradley@example.org,USER
139,Mark,Chapman,linda01@example.org,USER
140,Christina,Bowen,brianmcdaniel@example.com,USER
141,Virginia,Sanchez,csmall@example.com,USER
142,Daniel,Wells,dvega@example.org,USER
143,Marissa,Medina,uclark@example.org,USER
144,Robert,Fletcher,craigriley@example.com,USER
145,Nathan,Brown,bsmith@example.net,USER
146,Diana,Armstrong,kennethmata@example.com,USER
147,Harold,Carter,rlutz@example.com,USER
148,Kristen,Yang,areynolds@example.org,USER
149,Mark,Graham,alexisgibbs@example.com,USER
150,Leroy,Grimes,vavila@example.net,USER
151,Patricia,Duncan,kayla33@example.net,USER
152,Linda,Johnson,johncasey@example.com,USER
153,Lauren,Liu,melissalopez@example.com,USER
154,Matthew,Roberts,sandersmatthew@example.net,USER
155,Michael,Schaefer,nealemma@example.org,USER
156,Melissa,Wilson,kellyrichmond@example.com,USER
157,Ronnie,Keith,icollins@example.com,USER
158,Christina,Price,millerjuan@example.org,USER
159,Christopher,Bartlett,amanda86@example.org,USER
160,Adam,Strong,rodriguezbrianna@example.com,USER
161,Timothy,Simpson,jamesmiller@example.net,USER
162,Caitlin,David,agalvan@example.com,USER
163,Sean,Gamble,ksparks@example.net,USER
164,Lisa,Jones,calhounbrian@example.net,USER
165,John,Moss,bpeterson@example.com,USER
166,Heather,Blair,murraymichael@example.net,USER
167,Gary,Lucero,kylemartinez@example.net,USER
168,Heather,Hall,natalie54@example.org,USER
169,Anthony,Blackburn,kevin54@example.net,USER
170,Tanner,Singh,meganjones@example.org,USER
171,Sheryl,Moore,imitchell@example.net,USER
172,Kathy,Simon,nfleming@example.net,USER
173,Lisa,Miller,zsantana@example.org,USER
174,John,Carter,tracyjohnson@example.net,USER
175,Amber,Cohen,hurstmichael@example.org,USER
176,Diana,Brown,lawsonpaul@example.org,USER
177,Margaret,Scott,arthurlynch@example.org,USER
178,Mark,Gardner,josephenglish@example.com,USER
179,Melanie,Ibarra,johnsonsamantha@example.net,USER
180,Kristin,Yang,espinozarandy@example.com,USER
181,William,Palmer,kirbymichael@example.org,USER
182,Joshua,King,jose60@example.net,USER
183,Jason,Nichols,haley79@example.net,USER
184,Jeff,Bush,smithgina@example.net,USER
185,Elizabeth,Allen,thomasstephen@example.net,USER
186,William,Scott,klara@example.net,USER
187,Ronald,Willis,nicoleduran@example.net,USER
188,Bruce,Kaiser,timothy27@example.org,USER
189,Joshua,Cole,jonhall@example.org,USER
190,Michelle,Downs,lpage@example.com,USER
191,David,Harris,brittanymartin@example.org,USER
192,John,Sparks,theresagalloway@example.net,USER
193,Andrea,Johnson,sherryknight@example.org,USER
194,Zachary,Robertson,josephangela@example.org,USER
195,Gary,Martinez,smithjerry@example.org,USER
196,Allen,Holt,ymurray@example.org,USER
197,Brandon,Johnson,hespinoza@example.org,USER
198,Amy,Meyers,nathanrobles@example.com,USER
199,Bryan,Ramsey,sarah31@example.net,USER
200,William,Williams,yhill@example.net,USER
201,Darlene,Lee,ricky95@example.net,USER
202,Kristy,Johnson,jessicavang@example.com,USER
203,Mary,Powell,adamroth@example.com,USER
204,Sherry,Cisneros,ekim@example.com,USER
205,Andrew,Barker,qreynolds@example.com,USER
206,Robert,Davis,steinphillip@example.com,USER
207,Kerry,Miller,padillapatricia@example.org,USER
208,Valerie,Smith,gweaver@example.com,USER
209,Christina,Nielsen,kelsey70@example.net,USER
210,Christina,Richardson,russellkelley@example.com,USER
211,Angela,Gray,mmoore@example.com,USER
212,Kristen,Rice,hgrant@example.net,USER
213,Ariel,Kennedy,eharrington@example.com,USER
214,Anthony,Pratt,dwhite@example.org,USER
215,Ashley,Mosley,steelejoel@example.org,USER
216,Sherry,Anderson,shawn89@example.net,USER
217,Mariah,Lopez,turnerchristian@example.org,USER
218,Kathleen,Baird,sarah17@example.com,USER
219,Matthew,Edwards,murraystephen@example.net,USER
220,Christopher,Adkins,mphillips@example.org,USER
221,Kristen,Davis,juanfranklin@example.net,USER
222,Richard,Taylor,gregory29@example.com,USER
223,Matthew,Matthews,tbrown@example.com,USER
224,Jennifer,Richardson,danielspencer@example.net,USER
225,Kelly,Tucker,floreskimberly@example.org,USER
226,Aaron,Lane,meganrichardson@example.org,USER
227,Jennifer,Smith,brownreginald@example.net,USER
228,Rachel,Ortiz,stevensjason@example.org,USER
229,Joshua,Lin,wesleycalhoun@example.net,USER
230,Mark,Griffith,adam17@example.net,USER
231,Denise,Gaines,eugenegreen@example.com,USER
232,John,Taylor,ijones@example.com,USER
233,Adam,Jones,sherry01@example.org,USER
234,Autumn,Villegas,meganblackwell@example.org,USER
235,Tina,Sandoval,jacob10@example.net,USER
236,Michael,Arroyo,kbrown@example.org,USER
237,James,Johnson,pachecobrittney@example.net,USER
238,Alexis,Krueger,rebecca18@example.net,USER
239,Kristen,Hoffman,holly32@example.net,USER
240,Alejandra,Gutierrez,michellejenkins@example.org,USER
241,Brooke,Ramirez,amiranda@example.net,USER
242,Christopher,Weber,tiffanyharris@example.com,USER
243,Lisa,Miller,johnsonmartin@example.org,USER
244,Michael,Hoffman,lwalker@example.org,USER
245,Taylor,Phillips,samuel83@example.com,USER
246,Monica,Hernandez,sullivanjoshua@example.net,USER
247,Ryan,Mcgee,jlee@example.org,USER
248,Veronica,Davies,sarah83@example.net,USER
249,Kevin,Thompson,patrickjarvis@example.net,USER
250,Tanya,Evans,amberrivera@example.org,USER
251,Sean,Wallace,janet65@example.com,USER
252,Christine,Gomez,susan23@example.net,USER
253,Ian,Summers,fernandezmathew@example.com,USER
254,Daniel,Snyder,jessica91@example.org,USER
255,Cory,Miller,fordwilliam@example.com,USER
256,Cody,Andersen,thomaslinda@example.net,USER
257,Sherri,Fleming,mcdanielgregory@example.net,USER
258,Andrew,Love,samantha54@example.net,USER
259,Shelby,Fleming,orozcoelizabeth@example.org,USER
260,Samuel,Edwards,monica00@example.org,USER
261,Michelle,Malone,millerdaniel@example.org,USER
262,Michelle,Arias,tammy94@example.com,USER
263,Cynthia,Williamson,kimbradley@example.com,USER
264,Cory,Ramos,meganford@example.net,USER
265,Brandon,Gomez,dawn31@example.org,USER
266,Alec,Long,taramejia@example.org,USER
267,James,Merritt,smithmichael@example.org,USER
268,Natalie,Patterson,caleb84@example.net,USER
269,Christina,Davis,veronicarogers@example.net,USER
270,Christina,Thompson,michael35@example.net,USER
271,Ashley,Thomas,paul00@example.com,USER
272,Tamara,Hudson,schneiderraymond@example.com,USER
273,Sherri,Stout,jonespaul@example.com,USER
274,Tim,Williams,wendymason@example.net,USER
275,Erin,Moran,eileenhudson@example.com,USER
276,Kristopher,Hale,michelle00@example.com,USER
277,Travis,Bennett,matthewsmith@example.org,USER
278,Cynthia,Poole,snydertricia@example.com,USER
279,Jonathan,Nolan,justinstevens@example.com,USER
280,Isaiah,Brown,dorisarmstrong@example.org,USER
281,Jeffery,Walker,melissa10@example.net,USER
282,Kristin,Duncan,ccombs@example.com,USER
283,John,Walsh,pdixon@example.org,USER
284,Edward,Leach,cruzscott@example.org,USER
285,Christina,Smith,susan75@example.net,USER
286,Angela,Hendrix,kmorris@example.org,USER
287,Christopher,Watkins,zcollins@example.org,USER
288,Jerry,Cameron,llambert@example.org,USER
289,Nicole,Thomas,michael21@example.com,USER
290,Steven,Ford,nealdavid@example.com,USER
291,Danny,Owen,jeremiahwalton@example.org,USER
292,Henry,Reynolds,coreypope@example.net,USER
293,Donna,Jones,boydrenee@example.net,USER
294,Adam,Diaz,hamiltonkendra@example.net,USER
295,Samuel,Nichols,andrea19@example.com,USER
296,Ashley,Ford,sjackson@example.org,USER
297,Patrick,Black,christensenkendra@example.org,USER
298,Timothy,Cannon,carloswerner@example.net,USER
299,Sherri,Romero,znolan@example.net,USER
300,Joshua,Ali,michelle18@example.org,USER
301,Gary,Webster,aaronthompson@example.org,USER
302,Christina,Herrera,derekdougherty@example.org,USER
303,Johnathan,Ramirez,parcher@example.org,USER
304,Jessica,Middleton,jonesterri@example.com,USER
305,Barbara,Page,nunezjill@example.net,USER
306,Alexander,Johnson,tiffanyhill@example.net,USER
307,Heather,Robinson,davidgonzales@example.com,USER
308,Melissa,Martinez,sanchezjennifer@example.org,USER
309,Rachel,Malone,butlerolivia@example.com,USER
310,Jon,Gonzalez,cooperlaura@example.org,USER
311,Sarah,Gonzales,lkelly@example.org,USER
312,Cheryl,Walker,suttondenise@example.net,USER
313,Christopher,Fleming,harrisonnicholas@example.net,USER
314,Blake,Duffy,davidglover@example.com,USER
315,John,Sanford,carl66@example.org,USER
316,Edward,Miller,sheilabarnes@example.org,USER
317,Walter,Richardson,tanya66@example.com,USER
318,Stephanie,Wiley,reyesjackie@example.org,USER
319,Christopher,Hunt,dcox@example.com,USER
320,Bianca,Maxwell,kevin07@example.com,USER
321,Peter,Gonzalez,cassandra33@example.net,USER
322,Robert,Smith,mjackson@example.org,USER
323,Meghan,Cruz,hmacias@example.org,USER
324,Kenneth,Thomas,kristiwade@example.net,USER
325,Matthew,Pena,joseph21@example.net,USER
326,Xavier,Palmer,fergusontrevor@example.net,USER
327,Stephanie,Williamson,phernandez@example.net,USER
328,Larry,Hoover,barrettashley@example.com,USER
329,Joseph,Harris,linda24@example.com,USER
330,Terri,Lopez,elizabeth58@example.org,USER
331,Jeffrey,Green,stacyjohnson@example.net,USER
332,John,Miller,melinda87@example.com,USER
333,Anthony,Baird,mitchell76@example.net,USER
334,Anne,Adams,laura69@example.net,USER
335,Patricia,Salinas,jennifer53@example.com,USER
336,Tammy,Kim,rritter@example.com,USER
337,Paul,Chandler,erivers@example.com,USER
338,Jason,Ramirez,thompsonjustin@example.org,USER
339,Amanda,Odonnell,sara94@example.net,USER
340,Christopher,Peterson,ucarlson@example.com,USER
341,Barbara,Sanders,pwhite@example.org,USER
342,Shawn,Pollard,johnfrank@example.net,USER
343,Vanessa,Baker,smartinez@example.org,USER
344,Whitney,Mckay,johnmerritt@example.com,USER
345,Lisa,Turner,olivia30@example.com,ADMIN
346,Ashley,Robinson,rperez@example.org,USER
347,Anthony,Brewer,simpsonalyssa@example.com,USER
348,Samantha,Thomas,millerjessica@example.com,USER
349,Christopher,Cantu,lucas35@example.net,USER
350,Joshua,Kemp,gsmall@example.com,USER
351,Jordan,Richard,fwilliams@example.org,USER
352,Dawn,Martin,holtrobert@example.com,USER
353,Nancy,Hoover,rebeccaford@example.org,USER
354,Barbara,Ross,richard37@example.org,USER
355,Daniel,Bartlett,buckleycrystal@example.com,USER
356,Lisa,Cervantes,johnsonsharon@example.com,USER
357,Debra,Barrett,johnsonsamantha@example.com,USER
358,Melissa,Thompson,cameronlopez@example.com,USER
359,Elaine,Dougherty,colemancassandra@example.org,USER
360,Tammy,Schwartz,hammondjeff@example.com,USER
361,Allison,Burton,snyderfrank@example.org,USER
362,James,Gonzalez,michael28@example.com,USER
363,Gregory,Le,barbarawelch@example.com,USER
364,Kristen,Cooper,tammy53@example.org,USER
365,Eddie,Hernandez,nperez@example.org,USER
366,Patricia,Morrison,aaroncox@example.com,USER
367,Hayley,Clayton,kimberlyperez@example.org,USER
368,Rodney,Miller,teresa76@example.org,USER
369,Rebecca,Arnold,lwilliams@example.com,USER
370,Catherine,French,duranlindsay@example.org,USER
371,Patrick,Garcia,zmartinez@example.org,USER
372,Michael,Bruce,patriciagrant@example.net,USER
373,Crystal,White,stuarttrevor@example.net,USER
374,Ryan,Zimmerman,amanda46@example.com,USER
375,James,Ramos,david33@example.net,USER
376,Toni,Thomas,samantharomero@example.net,USER
377,Daniel,Lawson,wendy58@example.net,USER
378,Michele,Knight,gregorymullen@example.com,USER
379,Brian,White,jason06@example.org,USER
380,Marissa,Reid,plin@example.org,USER
381,Melissa,Wilson,nelsongabriela@example.com,USER
382,Joshua,Carey,washingtonleslie@example.net,USER
383,Stephanie,Barton,eddie13@example.com,USER
384,Greg,Guerrero,elizabeth39@example.net,USER
385,Thomas,Diaz,edwardsjoshua@example.com,USER
386,Brandon,Flores,lloydsharon@example.net,USER
387,Carlos,Miller,charles95@example.com,USER
388,Ronnie,Smith,johnstonnicholas@example.org,USER
389,Brittany,Hayes,lhoward@example.org,USER
390,Thomas,Smith,andrewjackson@example.org,USER
391,Elizabeth,Jones,udavis@example.net,USER
392,Christopher,Parker,ashleywalton@example.com,USER
393,Rebecca,Oliver,ppatel@example.com,USER
394,Richard,Knight,klewis@example.com,USER
395,Tracy,Webb,yatestraci@example.org,USER
396,David,Pearson,stevensmatthew@example.net,USER
397,Tamara,Nichols,awong@example.com,USER
398,John,Walsh,sheliacohen@example.net,USER
399,Heather,Harris,sotopatrick@example.com,USER
400,Jacob,Mckay,hunter12@example.org,USER
401,Eric,Willis,megan57@example.com,USER
402,Joseph,Campbell,smarsh@example.com,USER
403,Adam,Williams,roberthoffman@example.com,USER
404,Kevin,Gardner,tcrawford@example.net,USER
405,Seth,Cole,nicole16@example.org,USER
406,Paul,Bailey,scottmark@example.org,USER
407,Richard,Gomez,thomasjohnson@example.net,USER
408,Paul,Nelson,djensen@example.com,USER
409,Christian,Andrade,derrick63@example.com,USER
410,Jamie,Neal,lball@example.com,USER
411,Michael,Martin,stevencraig@example.com,USER
412,Kevin,Archer,christina89@example.net,USER
413,Mary,Hines,sbailey@example.com,USER
414,Diane,Wright,karen43@example.com,USER
415,Jenna,Floyd,cheryl69@example.net,USER
416,Brianna,Mullins,marthaduffy@example.com,USER
417,Joshua,Hayes,baileynelson@example.com,USER
418,Joseph,Fox,dustinwilliams@example.com,USER
419,Vincent,Anderson,ncummings@example.net,USER
420,Elizabeth,Patel,cory21@example.org,USER
421,Whitney,Wolf,sanderson@example.org,USER
422,Darius,Mendoza,mendozakevin@example.net,USER
423,Michael,Mitchell,ewood@example.net,USER
424,David,Strickland,sanchezbrad@example.com,USER
425,Ashley,Charles,jhickman@example.net,USER
426,Cheryl,Knight,thomasjo@example.com,USER
427,Daniel,Maxwell,jessicamurray@example.com,USER
428,Michelle,Rice,llee@example.com,USER
429,Courtney,Franco,petersrussell@example.org,ADMIN
430,Sandra,Lynch,greenmichael@example.com,USER
431,Jaime,Dominguez,fhughes@example.org,USER
432,Jeffrey,Weaver,brandon34@example.org,USER
433,James,Russell,arthurwright@example.com,USER
434,Stephen,White,gclark@example.org,USER
435,Kevin,Alvarado,sgordon@example.net,USER
436,Laurie,Foster,johnsonlacey@example.net,USER
437,Lee,Zimmerman,ashleyramirez@example.net,USER
438,Susan,Hernandez,lucasteresa@example.com,USER
439,Pamela,Brown,jacob04@example.org,USER
440,Mckenzie,Brown,amandamoody@example.com,USER
441,Stacey,Martin,robert52@example.com,USER
442,Karen,Blair,jamesanderson@example.org,USER
443,Cindy,Hall,allenrivera@example.net,USER
444,Victoria,Lewis,halljeffrey@example.com,USER
445,Ricky,Alexander,santiagoronald@example.com,USER
446,Michael,Cabrera,jchase@example.com,USER
447,Chelsea,Reed,john02@example.com,USER
448,Darlene,Clark,davidgilbert@example.org,USER
449,Jessica,Hawkins,lisa23@example.org,ADMIN
450,Jay,Moran,brandonfernandez@example.com,USER
451,Carlos,Stanton,davisjennifer@example.org,USER
452,Dorothy,Anderson,ibarrabrian@example.net,USER
453,Robert,Guerra,gblair@example.com,USER
454,Dawn,Vazquez,mallory61@example.net,USER
455,Kristin,Burke,sarawilliams@example.com,USER
456,Danielle,Perez,rmoore@example.com,USER
457,Cristina,Morgan,whitelevi@example.org,USER
458,Leah,Richards,paul84@example.net,USER
459,Jonathan,Hunter,staceywashington@example.net,USER
460,Jacob,Berry,bauercory@example.org,USER
461,Christopher,Williams,cchurch@example.org,USER
462,Heidi,Haas,vaguirre@example.net,USER
463,Brendan,Hendricks,gibsonbrandon@example.com,USER
464,Kelly,Johnson,carmengomez@example.net,USER
465,Teresa,Williamson,gregory51@example.com,USER
466,Curtis,Thompson,vdougherty@example.com,USER
467,John,Grant,frankward@example.com,USER
468,Edward,Rodriguez,nicholasflores@example.com,USER
469,Brittany,Lucas,reginasingh@example.org,USER
470,Heather,Velasquez,theresaphillips@example.com,USER
471,Natalie,Bass,wayne87@example.net,USER
472,Carol,Nielsen,nelsonandrew@example.org,USER
473,Alex,Brooks,rcannon@example.com,USER
474,Charles,Miranda,jake77@example.com,USER
475,Claire,Mckee,qsimmons@example.org,USER
476,Ernest,Rich,robert42@example.com,USER
477,Samantha,Wells,ernesthoward@example.org,USER
478,Andres,Miller,fbailey@example.org,USER
479,Lisa,Anderson,ashley22@example.net,USER
480,Justin,Jones,jrobinson@example.net,USER
481,Louis,Todd,phall@example.com,USER
482,Elizabeth,Burnett,njackson@example.net,USER
483,Kenneth,Gallagher,bradbennett@example.com,USER
484,Elizabeth,Hanson,lucasandrea@example.org,USER
485,James,Cummings,dianawolf@example.org,USER
486,Bradley,Berry,janetmoore@example.net,USER
487,Christopher,Jefferson,herringgerald@example.org,USER
488,Nathan,Phillips,dawsonamanda@example.com,USER
489,Amy,Nichols,aevans@example.org,USER
490,Kathryn,Rodriguez,jose80@example.com,USER
491,Kyle,Torres,marynunez@example.org,USER
492,Laura,Thompson,hramos@example.com,USER
493,John,Edwards,kimberly66@example.com,USER
494,Sonya,Ross,kimberly19@example.com,USER
495,Jennifer,Robinson,danielthomas@example.com,USER
496,Lindsey,White,isaactorres@example.org,USER
497,Brandon,Martin,amanda14@example.net,USER
498,Todd,Dixon,davismichelle@example.com,USER
499,Eric,Hodges,barbara81@example.net,USER
500,Eugene,Hale,mossandrew@example.org,USER
501,Nancy,Henderson,mclaughlinjulie@example.net,USER
502,Aaron,Smith,julieryan@example.org,USER
503,Amy,Lopez,smithcrystal@example.com,USER
504,Lisa,Nelson,andreasmith@example.com,USER
505,Angela,Martin,nkirby@example.org,USER
506,Donna,Cunningham,brownraymond@example.net,USER
507,Ryan,Carson,omahoney@example.org,USER
508,Megan,Haney,nicolemason@example.com,USER
509,Emily,Andrade,jasonwebb@example.net,USER
510,Christopher,Rogers,waretabitha@example.com,USER
511,Gregory,Gibson,ryantorres@example.org,USER
512,Aaron,Jones,elizabethmoody@example.org,USER
513,Rachel,Love,coryfernandez@example.net,USER
514,Jessica,Walker,stevengreene@example.org,USER
515,Allison,Nguyen,sullivanpaula@example.com,USER
516,Paul,Curtis,ucampos@example.com,USER
517,Margaret,Jackson,chaselisa@example.org,USER
518,Kayla,Howell,alawson@example.org,USER
519,Steven,Gordon,gomezbrittney@example.net,USER
520,Melissa,Day,michael72@example.net,USER
521,Emma,Ewing,jacquelinebennett@example.net,USER
522,Stephanie,Ross,ngallagher@example.com,USER
523,Bailey,Davis,shane49@example.net,USER
524,Brittany,Vance,matthewwalker@example.com,USER
525,Emily,Fuller,gallagherjoanna@example.org,USER
526,Beth,Franklin,eadams@example.org,USER
527,Kathy,Jenkins,bryan79@example.net,USER
528,Randy,Smith,trancaitlin@example.com,USER
529,Gina,Jimenez,gina94@example.com,USER
530,Joshua,Mckay,leahpham@example.com,USER
531,Daniel,Murray,mary85@example.org,USER
532,Raymond,Perkins,osbornkelly@example.net,USER
533,Amanda,Baker,alejandro92@example.net,USER
534,Danielle,Drake,murphygeorge@example.org,USER
535,Frank,Taylor,zwilliams@example.com,USER
536,Angela,Winters,larsenharold@example.net,USER
537,Martha,Howard,carrilloaaron@example.net,USER
538,Ashley,Lee,riverakevin@example.net,USER
539,Andrea,Montgomery,vgreen@example.org,USER
540,Angela,Perry,alexisschaefer@example.com,USER
541,Kristina,Herman,smithbrandon@example.com,USER
542,Jennifer,Wolf,xgarcia@example.net,USER
543,Michael,Harris,paul18@example.com,USER
544,Katrina,Lee,qirwin@example.com,USER
545,Ryan,Hudson,bsloan@example.net,USER
546,David,Kennedy,zhumphrey@example.org,USER
547,Anthony,Welch,ronaldoneal@example.org,USER
548,Brandon,Nelson,kevin42@example.net,USER
549,Caitlin,Williams,vhill@example.com,USER
550,Angelica,Hickman,fred06@example.org,USER
551,Kristin,Martinez,renee99@example.com,USER
552,Monica,Taylor,ltate@example.org,USER
553,David,Smith,jasonreid@example.net,USER
554,Kenneth,Mcguire,victor76@example.com,USER
555,Amber,Cohen,nathan39@example.com,USER
556,Mark,Davis,amandaedwards@example.com,USER
557,Maria,Montes,mason53@example.org,USER
558,Gabriel,Poole,smithjohn@example.org,USER
559,Dominique,Potts,noblekimberly@example.org,USER
560,Sandra,Bowman,bsimpson@example.com,USER
561,Amanda,Gardner,christinapeters@example.net,USER
562,Emily,Spencer,henrybarnett@example.org,USER
563,Erin,Reed,craig18@example.com,USER
564,Tracy,Mendez,vjones@example.org,USER
565,Allison,Walsh,kyle14@example.com,USER
566,Shawn,Adams,kathyfowler@example.com,USER
567,Kelsey,Evans,daniel71@example.com,USER
568,Beverly,Park,sgonzalez@example.net,USER
569,James,Cook,bdixon@example.org,USER
570,James,Moreno,ymiller@example.org,USER
571,Haley,Allen,ronaldjohnson@example.com,USER
572,William,Preston,gomezgrant@example.net,USER
573,Thomas,Smith,rwhite@example.org,USER
574,Lawrence,Martinez,ricky35@example.net,USER
575,Jeremy,Burnett,garciaanne@example.org,USER
576,Michael,Jennings,kellybooth@example.com,USER
577,Christopher,Mendoza,lmahoney@example.com,USER
578,Brianna,Brown,jeffrey62@example.net,USER
579,Cassandra,Scott,bsoto@example.com,USER
580,Teresa,Peterson,norrisdaniel@example.net,USER
581,Caitlin,Peterson,barbaraschmidt@example.org,USER
582,Marissa,Sutton,frank18@example.net,USER
583,Robert,Boyd,george46@example.com,USER
584,Jill,Robertson,christine97@example.net,USER
585,Nathan,Jackson,madison75@example.net,USER
586,Jennifer,Bailey,soniaharmon@example.net,USER
587,Brett,Thomas,dmcgee@example.net,USER
588,Amber,Guerrero,wilkinskevin@example.net,USER
589,Jacob,Franklin,droach@example.org,USER
590,Sara,Christensen,ruth45@example.org,USER
591,Kristy,Norton,ronaldhodges@example.org,USER
592,Alexandra,Myers,millerjessica@example.net,USER
593,Anthony,Rice,karen81@example.org,USER
594,Belinda,Lynch,fflowers@example.com,USER
595,Sierra,Rogers,clayandrew@example.net,USER
596,Diane,Delacruz,marthagriffin@example.net,USER
597,Brandon,Stewart,lmiddleton@example.org,USER
598,Jeffrey,Mccormick,burtondiane@example.net,USER
599,William,Potter,awoodward@example.net,USER
600,Lucas,Martinez,vsmith@example.org,USER
601,David,Allen,smithsusan@example.net,USER
602,David,Berry,pparker@example.com,USER
603,Michael,Sanchez,dwilliams@example.net,USER
604,Amanda,Mckenzie,foleyjennifer@example.org,USER
605,Justin,Brown,kevinespinoza@example.org,USER
606,Richard,Bullock,wharris@example.com,USER
607,Donald,Gonzales,hannahhicks@example.net,USER
608,Richard,Sanchez,john90@example.net,USER
609,Adrian,Cook,theresa61@example.com,USER
610,Cynthia,Carter,christophercook@example.com,USER
611,Lori,Allen,wcarroll@example.com,USER
612,Kristy,Wilson,zroberts@example.net,USER
613,Christina,Keller,thomaswhite@example.org,USER
614,Melissa,Stephens,pbarajas@example.com,USER
615,Robert,Cooper,kennethboyd@example.com,USER
616,Lindsay,Scott,gjones@example.net,USER
617,Yvette,Murray,cynthia35@example.net,USER
618,Monica,Walters,robert40@example.com,USER
619,Tabitha,Johnson,taylortina@example.org,USER
620,Joseph,Tucker,robertpeck@example.net,USER
621,Monica,Baker,erica71@example.net,USER
622,Kari,Hall,laura09@example.com,USER
623,Barbara,Williams,smorales@example.net,USER
624,Michelle,Sims,hudsonglen@example.net,USER
625,Kathryn,Ramirez,uhubbard@example.com,USER
626,Daniel,Mann,amanda72@example.com,USER
627,David,Adams,andrewfaulkner@example.net,USER
628,Susan,Galloway,toddmary@example.com,USER
629,Kimberly,Cannon,harrisstacey@example.net,USER
630,William,Mills,hunterjamie@example.com,USER
631,Scott,Burgess,jessicalewis@example.com,USER
632,Kathleen,Cole,clinton09@example.org,USER
633,Cindy,Rodriguez,james60@example.org,USER
634,Amy,Foster,joseph20@example.com,USER
635,Carlos,Boone,patriciacarr@example.net,USER
636,Denise,Cole,adrianchang@example.org,USER
637,Andrew,Zimmerman,tnorris@example.com,USER
638,Cory,Lewis,nathan38@example.net,USER
639,Charles,Howell,corey22@example.com,USER
640,Amy,Owens,yhernandez@example.com,USER
641,Michelle,Andrews,isaacbrooks@example.com,USER
642,Megan,Leon,keithbaker@example.net,USER
643,Debbie,Lewis,igarcia@example.net,USER
644,Brett,Lee,gfox@example.net,USER
645,Patrick,Williams,hernandezreginald@example.net,USER
646,Denise,Brown,kimberlyjohnson@example.com,USER
647,Kimberly,Young,egriffith@example.net,USER
648,Michael,Ortiz,smithsteven@example.net,USER
649,Lawrence,Brown,vsanchez@example.net,USER
650,Tammy,Johnson,drobinson@example.org,USER
651,Jake,Osborne,fjackson@example.org,USER
652,James,Hess,paulthomas@example.org,USER
653,Diana,Simpson,davidbrock@example.com,USER
654,Leslie,Weeks,julia17@example.org,USER
655,Ashley,Payne,wellsadam@example.com,USER
656,Kirk,Russell,mandymalone@example.com,USER
657,Melissa,Arias,isaiahthomas@example.net,USER
658,Ray,Thomas,jasonmatthews@example.org,USER
659,Donald,Oconnor,aguilarkevin@example.com,USER
660,Lauren,Wells,nicholasjohnson@example.net,USER
661,Ian,May,leslie32@example.com,USER
662,Robert,Pearson,jennifer02@example.com,USER
663,Stacy,Wilcox,breanna51@example.com,USER
664,Benjamin,Rodriguez,floressarah@example.net,USER
665,Sandra,Davis,zfernandez@example.net,USER
666,Justin,Obrien,jscott@example.com,USER
667,Kylie,Odonnell,dmartinez@example.com,USER
668,Yvette,Velez,larry40@example.net,USER
669,Kara,Gonzales,daviladaniel@example.org,USER
670,Travis,Harvey,christopherturner@example.org,USER
671,Richard,Mclaughlin,philliphayden@example.net,USER
672,David,Gonzalez,tina48@example.com,USER
673,William,Nelson,gordondavid@example.net,USER
674,Tammy,Ortiz,ryan20@example.org,USER
675,Cameron,Jackson,vparks@example.org,USER
676,Michelle,Howard,aaron33@example.org,USER
677,Bruce,Smith,swright@example.net,USER
678,Jennifer,Powell,brittneysalazar@example.org,USER
679,Zachary,Armstrong,martinezdavid@example.org,USER
680,Andrew,Friedman,cruzkaren@example.net,USER
681,Edwin,Young,dharris@example.net,USER
682,Marie,Nunez,nsingh@example.org,USER
683,Paul,Weaver,kevin18@example.com,USER
684,Timothy,Scott,billyjohnson@example.net,USER
685,Lisa,Compton,gabrielle36@example.org,USER
686,Pamela,Sharp,stephaniemiller@example.org,USER
687,Alexandra,Miller,batesangela@example.com,USER
688,Heather,Rivera,katherinemccarty@example.com,USER
689,Edward,Smith,linda01@example.com,USER
690,James,Farmer,robert07@example.com,USER
691,Nicholas,Andrews,justin46@example.com,USER
692,Scott,Moran,browndevin@example.net,USER
693,Jennifer,Patrick,barkeredwin@example.org,USER
694,Denise,Palmer,tammy26@example.org,USER
695,Arthur,Reed,crawfordhaley@example.org,USER
696,Taylor,Clarke,dana36@example.com,USER
697,Ernest,Arias,wendy00@example.com,USER
698,Christopher,Harvey,andrearivera@example.net,USER
699,Darren,Barnes,fullerkristie@example.com,USER
700,Michael,Smith,cwilson@example.org,USER
701,Steven,Thompson,bakerricky@example.org,USER
702,Christopher,Hoffman,stephenjohnson@example.net,USER
703,Natasha,Solomon,tonyamartinez@example.net,USER
704,Veronica,Burton,belldavid@example.net,USER
705,Rebecca,Potts,alexander66@example.com,ADMIN
706,Jeffrey,Briggs,larry04@example.net,USER
707,Gregory,Thomas,obarnes@example.net,USER
708,Kevin,Bryan,rodriguezchristopher@example.org,USER
709,Adam,Porter,tamaraparker@example.org,USER
710,Jordan,Bailey,amiller@example.net,USER
711,Gary,Bentley,bradydavid@example.com,USER
712,Elizabeth,White,ghatfield@example.com,USER
713,Melanie,Padilla,sdonovan@example.com,USER
714,Stephanie,Chase,tonya97@example.com,USER
715,Melissa,Ramos,kristy47@example.com,USER
716,Maria,Bates,fowlermichael@example.org,USER
717,Robert,Cantu,vincent74@example.org,USER
718,David,Edwards,lisa40@example.com,USER
719,Jessica,Koch,hkelley@example.org,USER
720,Christopher,Gibbs,mbridges@example.net,USER
721,Karen,Martin,bailey20@example.com,USER
722,Donna,Hill,dawn11@example.org,USER
723,Ellen,Salazar,amymiller@example.org,USER
724,Steven,Smith,ohall@example.com,USER
725,Erica,Mccormick,jenniferrice@example.com,USER
726,Brenda,Barnes,kaiserrichard@example.org,USER
727,Michael,Garcia,kaiserhunter@example.org,USER
728,Lisa,Watson,dianaramirez@example.net,USER
729,Jacob,Roy,ericksonbrent@example.net,USER
730,Julie,Rice,colonjohn@example.org,USER
731,Craig,Blair,dbrown@example.org,USER
732,Frank,Key,danielgriffin@example.net,USER
733,Cindy,Gaines,millerlindsey@example.org,USER
734,Shawna,Clark,pli@example.org,USER
735,Karen,Crawford,lawrencesteven@example.net,USER
736,Angela,Williams,wilkersonkatherine@example.org,USER
737,Kathleen,Case,bowenjonathan@example.net,USER
738,Deborah,Bruce,vunderwood@example.com,USER
739,Samantha,Fuller,harrissamuel@example.org,USER
740,Matthew,Martin,johnsonsandra@example.net,USER
741,Allison,Camacho,amills@example.com,USER
742,Devin,Mcdonald,espinozataylor@example.com,USER
743,Daniel,Johnson,maxwelltheodore@example.org,USER
744,David,Harris,fking@example.org,USER
745,Amanda,Washington,billyjohns@example.net,USER
746,Michelle,Yoder,whitejustin@example.org,USER
747,Emily,Moran,kristen78@example.org,USER
748,Alexis,Curtis,james23@example.com,USER
749,Tamara,Martin,myersbenjamin@example.com,USER
750,Carrie,Hines,melanie46@example.net,ADMIN
751,Thomas,Price,wfleming@example.org,USER
752,Samuel,Vaughn,belindahaas@example.com,USER
753,Heidi,Ayers,christopherbrown@example.org,USER
754,Mary,Kline,paulsmith@example.org,USER
755,Jeff,Cox,patricia24@example.org,USER
756,Jacqueline,Neal,beckyroberts@example.com,USER
757,Wesley,Robinson,turnerdaniel@example.com,USER
758,Caroline,Pacheco,stewartjeremy@example.org,USER
759,Craig,Buck,xalvarez@example.net,USER
760,Andrea,Price,richard33@example.net,USER
761,Mindy,Mendez,jesse81@example.org,USER
762,Aaron,Smith,gilmorejoshua@example.com,USER
763,Robert,Mack,tracywilkins@example.net,USER
764,Kristin,Foley,floresjohn@example.com,USER
765,Manuel,Hubbard,taylorkaylee@example.com,USER
766,Rebecca,Rivera,andersonbrittany@example.net,USER
767,Tyler,Garcia,jordan60@example.net,USER
768,Lisa,Murray,jessicasmith@example.com,USER
769,Kristin,Graham,kelsey67@example.com,USER
770,Donald,Howard,dgarcia@example.org,USER
771,Bruce,Porter,wardlinda@example.net,USER
772,Timothy,Cooley,timothysharp@example.org,USER
773,Connor,Stewart,alyssaparsons@example.com,USER
774,Kenneth,Jones,wesley57@example.net,USER
775,Herbert,Williams,martintownsend@example.com,USER
776,Gina,Powell,patricialopez@example.net,USER
777,Mary,Shea,qbutler@example.org,USER
778,Alex,Delgado,jvega@example.com,USER
779,Sonya,Heath,sherryclark@example.net,USER
780,Tammy,Morales,wholt@example.net,USER
781,David,Barry,ebowen@example.net,USER
782,Brett,Huang,salinaszachary@example.net,USER
783,Victoria,Garza,gregorybenson@example.com,USER
784,Kimberly,Green,kristina89@example.org,USER
785,Thomas,Lane,kruegermark@example.com,USER
786,Roy,Scott,edwardserin@example.net,USER
787,Marc,Cole,dporter@example.com,USER
788,Jennifer,Cooper,samueljones@example.net,USER
789,Michelle,Allen,dylan27@example.org,USER
790,Michelle,Brady,stanleyclark@example.org,USER
791,Jasmin,Thompson,timothyrodriguez@example.org,USER
792,Mary,Greer,hsimmons@example.com,USER
793,Daniel,Martin,eric85@example.org,USER
794,Keith,Hood,oray@example.org,USER
795,Nicholas,Case,amoses@example.org,USER
796,Breanna,Drake,anthonywhite@example.com,USER
797,Wanda,Riggs,davistiffany@example.com,USER
798,Jack,Sanders,dpoole@example.com,USER
799,Amy,Oneill,wmarshall@example.org,USER
800,Sandra,Drake,rossjames@example.org,USER
801,Pamela,Jennings,carterjames@example.org,USER
802,Robert,Ellis,sabrina69@example.org,USER
803,Melissa,Roy,jwerner@example.org,USER
804,Amber,Rubio,figueroakatelyn@example.com,USER
805,Jordan,Moore,christina98@example.com,USER
806,Daniel,Munoz,davidhaynes@example.com,USER
807,Henry,Callahan,patriciawilson@example.com,USER
808,Jeffrey,Pearson,theresa96@example.org,USER
809,David,Jordan,pchavez@example.com,USER
810,Madison,Chavez,angelatorres@example.org,USER
811,Brianna,Baker,andrew08@example.net,USER
812,Ryan,Cabrera,xgoodman@example.com,USER
813,Meghan,Smith,gardnerelizabeth@example.org,USER
814,Annette,Kirby,brookemartin@example.org,USER
815,Rebecca,Frank,nicole39@example.org,USER
816,Joshua,Daniels,richardsglenn@example.org,USER
817,Michael,Lee,glennbernard@example.org,USER
818,Michael,Williams,rebecca55@example.org,USER
819,Daniel,Dyer,veronicacampbell@example.net,USER
820,Felicia,Johnson,jcarpenter@example.net,USER
821,Justin,Logan,karisanchez@example.org,USER
822,Kelly,Sanchez,brittanyanderson@example.net,USER
823,Anthony,Elliott,daviddecker@example.com,USER
824,Karen,Davis,wallacemathew@example.net,USER
825,Philip,Velez,stephaniewilson@example.org,USER
826,Tammy,Morales,castillokyle@example.com,USER
827,Joshua,Jones,cruzcaitlin@example.com,USER
828,Danielle,Knight,ypeterson@example.org,USER
829,Brenda,White,ojones@example.org,USER
830,Timothy,Hall,banderson@example.com,USER
831,Thomas,Hernandez,gking@example.org,USER
832,Jacqueline,Zamora,smithbrittany@example.net,USER
833,Judy,Patel,leslie24@example.org,USER
834,James,Thornton,gomezjerry@example.com,USER
835,Michael,Stewart,jason21@example.net,USER
836,Danielle,Evans,holmesscott@example.net,USER
837,Steven,Taylor,ijacobs@example.com,USER
838,Heather,King,ericdavis@example.net,USER
839,Joel,Cardenas,isabella81@example.net,USER
840,Henry,Pennington,turneramy@example.com,USER
841,Blake,Vasquez,mgallegos@example.org,USER
842,Nicole,Todd,wgomez@example.net,USER
843,Sherri,Martin,qmoran@example.com,USER
844,Susan,Hill,dana58@example.net,USER
845,James,Rodgers,teresaflores@example.com,USER
846,Jennifer,Woods,bkramer@example.net,USER
847,William,Sanders,dominiquemaxwell@example.com,USER
848,Kevin,Robinson,jillian19@example.com,USER
849,Gary,Moore,mollysmith@example.org,USER
850,Amanda,Gomez,tjackson@example.com,USER
851,George,Jenkins,nicole01@example.org,USER
852,Laura,Sanchez,christopher99@example.org,USER
853,Brooke,French,sfoster@example.com,USER
854,Bernard,Ortiz,bakermariah@example.com,USER
855,Maria,Williams,russell21@example.com,USER
856,Mary,Holland,lovechristina@example.org,USER
857,Jo,Miller,johnhines@example.net,USER
858,Christine,Taylor,mary11@example.net,USER
859,Jeffrey,Phelps,barnesandrew@example.net,USER
860,Douglas,Tucker,floresjuan@example.org,USER
861,Sandra,Goodman,wellsryan@example.org,USER
862,Peter,Robinson,alex95@example.org,USER
863,Steven,Gonzalez,bdavis@example.net,USER
864,Dwayne,Walker,harrismichelle@example.org,USER
865,Kristin,Wilson,justin16@example.com,USER
866,Derrick,Gonzalez,pricejoshua@example.com,USER
867,Darren,Curry,ewhite@example.net,USER
868,Patricia,Mills,wtapia@example.org,USER
869,Robert,Schwartz,cassandra29@example.org,USER
870,Lori,Beard,kennedymichele@example.org,USER
871,William,Alexander,hufftroy@example.net,USER
872,Anne,Thompson,blakejackson@example.net,USER
873,Jeffrey,Parker,christian72@example.org,USER
874,Joseph,Patterson,laura86@example.net,USER
875,Jonathan,Hudson,martinmorgan@example.net,USER
876,Mike,Perez,robertbradley@example.com,USER
877,Haley,Thompson,rgross@example.org,USER
878,Denise,Krause,larsonjeremy@example.com,USER
879,Connie,Edwards,greg64@example.org,USER
880,Manuel,Lawrence,conleyantonio@example.org,USER
881,Thomas,Jones,fwilliams@example.net,USER
882,Cynthia,Mclaughlin,jeffrey88@example.com,USER
883,Joshua,Bryant,fluna@example.net,USER
884,Karen,Bridges,natalie46@example.com,USER
885,David,Mcdowell,richardmiddleton@example.org,USER
886,Michael,Phillips,stonelisa@example.net,USER
887,Chelsea,Johnson,hernandezthomas@example.net,USER
888,Gary,Cameron,waterskyle@example.org,USER
889,Heidi,Santos,psmith@example.com,ADMIN
890,Robert,Khan,rogersbenjamin@example.net,USER
891,John,Adams,pvargas@example.org,USER
892,Anthony,Webb,bwade@example.com,USER
893,Thomas,Moody,kelleyderek@example.net,USER
894,Isaac,Jenkins,ppruitt@example.com,USER
895,Kimberly,Mendez,gromero@example.com,USER
896,Mark,Shaw,erica06@example.com,USER
897,Karen,Armstrong,kevinli@example.net,USER
898,Zachary,Williamson,barcher@example.net,USER
899,Megan,Lindsey,melanie49@example.org,USER
900,Don,Wilson,pbrown@example.net,USER
901,Roberto,Graves,gardnerrichard@example.net,USER
902,Scott,Russell,jacobbrown@example.org,USER
903,Richard,Martin,wellssherry@example.net,USER
904,Bonnie,Wang,chambersashley@example.net,ADMIN
905,Sarah,Henry,robertmorris@example.org,USER
906,Kendra,Hall,ellisrobin@example.org,USER
907,Amanda,Short,cheryl26@example.net,USER
908,Kelly,Johnson,teresamiller@example.org,USER
909,Susan,Turner,rodriguezmichael@example.net,USER
910,Cheryl,Barnes,mcknightcarol@example.org,USER
911,Christina,Weiss,xlee@example.com,USER
912,Wendy,Moreno,jesse84@example.net,USER
913,Kristie,Cain,kirstenbenson@example.net,USER
914,Charles,Hardy,perrywayne@example.org,USER
915,Paul,Bennett,elizabeth15@example.net,USER
916,Allison,Shields,garciadebra@example.com,USER
917,Nicole,Carpenter,rachelvaldez@example.org,USER
918,Mark,Gonzalez,hhampton@example.com,USER
919,Brian,George,robertevans@example.com,USER
920,Nichole,Harris,holmesrachel@example.org,USER
921,Shawn,Morales,carolineperry@example.org,USER
922,Denise,Townsend,megan50@example.net,USER
923,Melissa,Ellis,stephanie27@example.net,USER
924,Joshua,Jones,hendersonbrittany@example.org,USER
925,Jennifer,Wilkerson,kgarrison@example.com,USER
926,Richard,Anderson,morenomary@example.org,USER
927,Colleen,Bryant,virginiafisher@example.net,USER
928,Rachel,Baker,jeffery96@example.net,USER
929,Debra,May,yesenia70@example.org,USER
930,Gregory,Fitzgerald,lisa24@example.org,USER
931,Diane,Brooks,lcarlson@example.org,USER
932,Sheila,Moore,stephenwright@example.org,USER
933,Andrea,Adams,tsullivan@example.org,USER
934,John,Bennett,wsmith@example.com,USER
935,John,Flores,bobby53@example.net,USER
936,Kathryn,Scott,graveslisa@example.com,USER
937,Kimberly,Ramirez,arellanomorgan@example.net,USER
938,Joseph,Wiley,davidsawyer@example.net,USER
939,Shannon,Jimenez,joshua66@example.org,USER
940,Yolanda,Yu,ronniejames@example.com,USER
941,Cassandra,Weber,ecampbell@example.org,USER
942,Nathan,Collins,qfaulkner@example.org,USER
943,Dennis,Williams,jacob86@example.org,USER
944,Gabriel,Jenkins,alexbutler@example.org,USER
945,Tammy,Fry,wthompson@example.com,USER
946,Chelsey,Lawrence,briannamclaughlin@example.net,USER
947,Amy,Lewis,zgrimes@example.net,USER
948,Zachary,Mckinney,xcarr@example.com,USER
949,Alexander,Martinez,alicia08@example.com,USER
950,Paula,Li,murphycarrie@example.net,USER
951,Jake,Duran,mooredavid@example.org,USER
952,Anthony,Prince,kenneth76@example.org,USER
953,Mary,Ramsey,fryekevin@example.net,USER
954,Donna,Farrell,david38@example.net,USER
955,Tyler,Hernandez,landerson@example.net,USER
956,Amber,Newman,vphillips@example.net,USER
957,Shelby,Taylor,riveratara@example.net,USER
958,Edward,Stone,matthewhall@example.net,USER
959,Sarah,Holder,zfranklin@example.org,USER
960,Cindy,Green,kmartinez@example.net,USER
961,Samantha,Werner,banksmeredith@example.com,USER
962,Amanda,Suarez,wellsmichael@example.net,USER
963,Savannah,West,hortiz@example.com,USER
964,Ashley,Spence,katherinepearson@example.net,USER
965,Dawn,Wise,collinslaura@example.com,USER
966,Travis,Martinez,louisbrandt@example.net,ADMIN
967,James,Guerrero,melissa10@example.org,USER
968,Tyler,Simpson,charlesewing@example.com,USER
969,Bryan,Barnes,tammythomas@example.com,USER
970,Martha,Garner,garzazachary@example.org,USER
971,Jason,Williams,jessica44@example.com,USER
972,Melanie,Mitchell,chantrevor@example.org,USER
973,Scott,Benjamin,xcline@example.org,USER
974,Leslie,Jones,holtthomas@example.com,USER
975,Charles,Sherman,hartmancrystal@example.net,USER
976,Angela,Harrington,christopher32@example.net,USER
977,Brittany,Miller,patrick40@example.net,USER
978,Lisa,Grant,william55@example.net,USER
979,Judy,Daniel,morrismary@example.com,USER
980,Joseph,Owen,pcaldwell@example.net,USER
981,Elizabeth,Weeks,lucaslori@example.org,USER
982,Brent,Smith,patriciaowen@example.net,USER
983,Larry,Orozco,ryantraci@example.org,USER
984,Cassandra,Kramer,gregorybrock@example.org,USER
985,Erin,Chapman,xmack@example.net,USER
986,Jessica,Allen,rose88@example.com,USER
987,Gabrielle,Ramirez,kelleramanda@example.org,USER
988,Edward,Morris,christopher64@example.net,USER
989,Samuel,Burke,jennifercooper@example.com,USER
990,David,Brown,cassidymcdonald@example.com,USER
991,Melissa,Gordon,gillmary@example.com,USER
992,Brad,Cortez,criddle@example.net,USER
993,Gary,Werner,greenechristina@example.net,USER
994,Mary,Short,michelle11@example.org,USER
995,Erin,Lozano,ggray@example.com,USER
996,Amanda,Spencer,cooperlauren@example.org,USER
997,Jacob,Wilson,djohnson@example.net,USER
998,Emily,Moore,edwardscaroline@example.com,USER
999,Erika,Alvarez,michael44@example.com,USER
1000,Jessica,Benjamin,boyererika@example.net,USER
1001,Kendra,Sellers,christopherchristensen@example.com,USER
1002,Peter,Jones,jessica94@example.com,USER
1003,Nancy,Tucker,icuevas@example.com,USER
1004,Hector,Murphy,xlivingston@example.org,USER
1005,Theresa,Taylor,andersontodd@example.net,USER
1006,Rebecca,Smith,dblack@example.com,USER
1007,Sarah,Williams,bobfoster@example.com,USER
1008,Maria,Watson,jessicaeaton@example.org,USER
1009,Deborah,Patterson,hansonbriana@example.org,USER
1010,Michele,Willis,mcneilbrian@example.net,USER
1011,John,Johnson,derek94@example.com,USER
1012,Eric,Gonzalez,ksherman@example.com,USER
1013,Heather,Richardson,andrewsmadison@example.com,USER
1014,Bobby,Hanson,dwilliams@example.com,USER
1015,Samantha,Meza,dorothy44@example.net,USER
1016,Brittany,Taylor,justin89@example.com,USER
1017,Heather,Frost,williemartinez@example.org,USER
1018,Crystal,Martinez,wbailey@example.net,USER
1019,Jason,Mercado,kathleen66@example.org,USER
1020,Michelle,Harper,edward79@example.com,USER
1021,Brian,Lyons,zsmith@example.com,USER
1022,Curtis,Fisher,kylehenderson@example.com,USER
1023,Alex,Cole,katherinewinters@example.com,USER
1024,Allen,Gonzalez,diazmichael@example.org,USER
1025,Nicholas,Gonzalez,jonesjerry@example.net,USER
1026,Cynthia,Davis,ulamb@example.com,USER
1027,Brian,Rose,brooksharold@example.com,USER
1028,Charles,Sanchez,kyle94@example.org,USER
1029,Jenna,Schmitt,jason57@example.net,USER
1030,Brian,Sharp,armstrongjill@example.net,USER
1031,Sarah,Walsh,vgraham@example.com,USER
1032,Melanie,Sullivan,russellprice@example.org,USER
1033,Angela,Lee,jennifer74@example.net,USER
1034,Ellen,Stevens,brookstaylor@example.org,USER
1035,Tara,Chaney,zabbott@example.net,USER
1036,Christopher,Baker,shaffercraig@example.org,USER
1037,Frank,Morrison,nburns@example.org,USER
1038,Melissa,Thomas,rlewis@example.org,USER
1039,Jason,Murillo,croberts@example.org,USER
1040,Misty,Dorsey,john26@example.com,USER
1041,Nicholas,Villarreal,jonathangonzales@example.org,USER
1042,Christy,Fletcher,jenniferdillon@example.net,USER
1043,Donald,Taylor,andrewdavis@example.net,USER
1044,Victoria,Brown,jeremyyates@example.net,USER
1045,Joshua,Taylor,troy19@example.net,USER
1046,Alicia,Preston,marshtimothy@example.com,USER
1047,Michelle,Murphy,hannah26@example.org,USER
1048,Robin,Ramos,mcarroll@example.net,USER
1049,Chad,Arnold,davidsmith@example.com,USER
1050,Kristina,Rollins,emilylopez@example.com,USER
1051,Victoria,Hardy,robinvasquez@example.com,USER
1052,Steven,Harris,perryjessica@example.net,USER
1053,Susan,Friedman,umcfarland@example.com,USER
1054,Anthony,Lang,clarkmichael@example.org,USER
1055,Nicholas,Johnson,gavin84@example.org,USER
1056,Crystal,Miller,bowmankylie@example.com,USER
1057,Jessica,Anderson,rnelson@example.net,USER
1058,Miranda,Kennedy,william67@example.com,USER
1059,Devin,Carroll,wilkinsonrussell@example.org,USER
1060,Alexander,Williams,glee@example.net,USER
1061,Tina,Walters,yware@example.com,USER
1062,Sonya,Daniel,ashley45@example.net,USER
1063,Todd,Willis,millsjeff@example.net,USER
1064,Holly,Duncan,igoodman@example.net,USER
1065,Joshua,Osborn,scottrobin@example.net,USER
1066,Ronald,Lawrence,lisa04@example.net,USER
1067,Jacqueline,Stanley,madisonhampton@example.com,USER
1068,Kenneth,Anderson,theresascott@example.com,USER
1069,Craig,Garcia,guerrerorenee@example.com,USER
1070,Christina,Hart,jeremy00@example.net,USER
1071,Charles,Cohen,kfigueroa@example.org,USER
1072,Renee,Velasquez,sheila42@example.net,USER
1073,Evan,Sanders,sfrancis@example.com,USER
1074,Caleb,Palmer,reginaanderson@example.com,USER
1075,Alicia,Payne,qbrown@example.net,USER
1076,Teresa,Roberts,yboyd@example.net,USER
1077,Chase,Simon,barbara56@example.com,USER
1078,Taylor,Petty,peter58@example.com,USER
1079,Gloria,Hanson,rlee@example.net,USER
1080,John,Smith,zmoore@example.org,USER
1081,Brent,Daniels,robertcruz@example.org,USER
1082,Adrian,Barnes,rachel78@example.com,USER
1083,Stephanie,Rivera,wmorris@example.com,USER
1084,Pamela,Bell,jonathanjordan@example.org,USER
1085,Adam,Hughes,ymorgan@example.com,USER
1086,Lindsey,Foley,felicia51@example.com,USER
1087,Patrick,Scott,moorepatricia@example.com,USER
1088,Jordan,Carrillo,afitzpatrick@example.org,USER
1089,Laurie,Whitaker,allisonbarr@example.com,USER
1090,Andre,Rowe,lori01@example.com,USER
1091,Andrew,Sanchez,brandondean@example.com,USER
1092,Eric,Lewis,cbrown@example.net,USER
1093,Marvin,Williams,anthonyfranklin@example.com,USER
1094,Julie,Lewis,silvaryan@example.org,USER
1095,Madison,Alvarez,kparrish@example.com,USER
1096,Dennis,Nelson,angelarodriguez@example.com,USER
1097,Paul,Nelson,evansrobin@example.com,USER
1098,James,Molina,fwalton@example.com,USER
1099,Vanessa,Beltran,berrytyrone@example.net,USER
1100,Stephanie,Berry,beasleybreanna@example.net,USER
1101,Kathleen,Williams,tsmith@example.net,USER
1102,John,Thomas,solistara@example.com,USER
1103,Rhonda,Burke,martinramirez@example.org,USER
1104,Taylor,Richard,billydavis@example.net,USER
1105,Scott,Stevens,amanda75@example.net,USER
1106,Michael,Fry,carl64@example.net,USER
1107,Alexandra,Moore,masonkaren@example.org,USER
1108,Mary,Flores,zhorton@example.com,USER
1109,Daniel,Fisher,deborahrobinson@example.com,USER
1110,Anthony,Day,wmoran@example.com,USER
1111,Gabriel,Fisher,hcarter@example.org,USER
1112,Corey,Hendrix,hollycruz@example.org,USER
1113,Megan,Lewis,watsontina@example.net,USER
1114,Sandra,Yates,harrisonvincent@example.com,ADMIN
1115,Kimberly,Mercado,lorraine94@example.com,USER
1116,Cindy,Wheeler,mahoneysarah@example.org,USER
1117,Dennis,Hardy,desireewilson@example.net,USER
1118,Wayne,Riley,nicoleperez@example.net,USER
1119,Maria,Brown,rstewart@example.net,USER
1120,Amber,Little,lambertandrea@example.com,USER
1121,Tracey,Carpenter,chad76@example.com,USER
1122,Lee,Harris,zhangnatalie@example.net,USER
1123,Amber,Jennings,dcurry@example.net,USER
1124,Carl,Aguilar,troy08@example.net,USER
1125,Kevin,Hicks,jjackson@example.org,USER
1126,William,Pierce,hjenkins@example.org,USER
1127,Michelle,Chung,jross@example.org,USER
1128,Brittney,Maldonado,dannywelch@example.net,USER
1129,Carrie,Chen,joanna88@example.org,USER
1130,Eric,Bradley,yboone@example.org,USER
1131,William,Anderson,bankstracy@example.com,USER
1132,Paul,Hodges,marksbrandon@example.net,USER
1133,David,Castillo,bridgetthomas@example.net,USER
1134,Catherine,Hall,rebecca86@example.net,USER
1135,Kevin,Barrera,sanchezleslie@example.com,USER
1136,Travis,Stevens,yatkins@example.net,USER
1137,Michelle,Barajas,matthewvaughn@example.org,USER
1138,Lauren,Ramos,cannonmary@example.net,USER
1139,Rachel,Robinson,mark05@example.com,USER
1140,Erica,Johnson,dawnwarren@example.net,USER
1141,Carrie,Wiley,zacharypage@example.com,USER
1142,Jose,Collins,danieljones@example.org,USER
1143,Kyle,Webb,curtisjacqueline@example.org,USER
1144,Sharon,Levine,melissa36@example.net,ADMIN
1145,Veronica,Wilson,xfuentes@example.net,USER
1146,Carolyn,Manning,cjohns@example.net,USER
1147,Sean,Brown,jessebeltran@example.net,USER
1148,Joseph,Simmons,jose79@example.com,USER
1149,Angel,Juarez,lorihenderson@example.com,USER
1150,Stephanie,Olsen,reynoldssharon@example.net,USER
1151,Luis,Robinson,nhunter@example.org,USER
1152,Michael,Duffy,shawn29@example.net,USER
1153,Elizabeth,Bates,danlong@example.net,USER
1154,Kim,Clark,taylormaria@example.com,USER
1155,Angie,Dorsey,dawn33@example.org,USER
1156,Kevin,Bennett,casey54@example.net,ADMIN
1157,John,Reynolds,djohnson@example.org,USER
1158,Kevin,Norton,yfletcher@example.org,USER
1159,Jessica,Reed,amy17@example.com,ADMIN
1160,Joy,Mclean,colemanscott@example.com,USER
1161,Alexander,Martin,chasebeck@example.com,USER
1162,Anne,Jones,patricia13@example.com,USER
1163,Mary,Contreras,dhale@example.net,USER
1164,Brittany,Roth,heathercochran@example.com,USER
1165,Anthony,Davies,amandaroberts@example.net,USER
1166,Wendy,Maddox,cainroger@example.net,USER
1167,Michael,Cantu,andrewsdebbie@example.com,USER
1168,Jasmine,Lopez,robertchavez@example.org,USER
1169,Carol,Gray,egutierrez@example.org,USER
1170,Donald,Edwards,rherman@example.org,USER
1171,Lisa,Dorsey,lauramassey@example.org,USER
1172,Erin,Irwin,christina80@example.org,USER
1173,Rachel,Clark,jstanton@example.org,USER
1174,Patricia,Freeman,davismichelle@example.net,USER
1175,Charles,Hernandez,joshua61@example.com,USER
1176,Kelly,Jensen,johngarrison@example.org,USER
1177,Stephen,York,ryan42@example.com,USER
1178,Lisa,Rodriguez,wsanchez@example.org,USER
1179,Noah,Jones,jill69@example.net,USER
1180,Matthew,Aguilar,danielletucker@example.com,USER
1181,Nicholas,Gilmore,evansbrady@example.org,USER
1182,Sara,Novak,aaron25@example.com,USER
1183,Bryan,Bowen,mariecasey@example.com,USER
1184,Kimberly,Schaefer,nancy67@example.org,USER
1185,Henry,Lozano,ashleyturner@example.org,USER
1186,Sue,Jones,joshua15@example.net,USER
1187,Timothy,Carpenter,eduardodavis@example.com,USER
1188,Heather,Chapman,ulawrence@example.org,USER
1189,Bryan,Golden,robertsbrandy@example.com,USER
1190,John,Simpson,gcoleman@example.org,USER
1191,Brett,Rice,wayne01@example.net,USER
1192,Heather,Castillo,christopherharris@example.org,USER
1193,Mark,Mays,jeremy78@example.com,USER
1194,George,Garcia,tuckeramy@example.net,USER
1195,Stephen,Williams,umccoy@example.com,USER
1196,Kevin,Rivera,acombs@example.net,USER
1197,Amy,Monroe,michelleshort@example.net,USER
1198,James,Middleton,watsonjose@example.net,USER
1199,Julia,Smith,brownjames@example.org,USER
1200,Susan,Reynolds,tiffany50@example.net,USER
1201,Mark,Guerra,keithdavis@example.com,USER
1202,Kristina,Johnson,gcastillo@example.com,USER
1203,Charles,Flores,andrewbird@example.com,USER
1204,Roger,Wright,davidfarrell@example.com,USER
1205,Benjamin,Esparza,mistymatthews@example.org,USER
1206,Elizabeth,Williams,btaylor@example.org,USER
1207,Susan,Stevenson,jeffersondaniel@example.org,USER
1208,Jonathan,Parker,barbaralee@example.net,USER
1209,Grant,White,hmoses@example.org,USER
1210,Eric,Quinn,matthew64@example.com,USER
1211,David,Torres,zevans@example.com,ADMIN
1212,Chelsea,Patterson,thompsonbrandy@example.com,USER
1213,Ruben,Adams,blairbrandy@example.com,USER
1214,John,Christensen,pweber@example.com,USER
1215,Dorothy,Pierce,gregory73@example.com,USER
1216,Richard,Schroeder,haley66@example.com,USER
1217,Lisa,Hart,adamskathryn@example.com,USER
1218,Susan,Wood,monicadixon@example.net,USER
1219,Sabrina,Butler,adamskirsten@example.com,USER
1220,Jeffrey,Powell,erik74@example.com,USER
1221,Ryan,Stewart,matthewhoffman@example.net,USER
1222,Hannah,Howe,kathleengilmore@example.net,USER
1223,Andrea,Morgan,ericharris@example.net,USER
1224,Kari,Price,kennethmorgan@example.org,USER
1225,Eric,Ellis,vtapia@example.net,USER
1226,Amy,Walker,jason46@example.net,USER
1227,Mark,Curry,elizabethjohnson@example.org,USER
1228,Phillip,Ryan,ariana93@example.net,USER
1229,Charlene,Preston,perrymichael@example.org,USER
1230,Emily,Porter,longkimberly@example.net,USER
1231,James,Murray,sancheztyler@example.org,USER
1232,Thomas,Gray,xvazquez@example.org,USER
1233,Sherry,Hill,jolsen@example.net,USER
1234,Andrew,Kemp,kdennis@example.org,USER
1235,David,Krause,raymond39@example.com,USER
1236,Krista,Ramos,marcusramirez@example.org,USER
1237,Kaitlyn,Frey,paulpark@example.com,USER
1238,Karen,Harris,carlastevens@example.net,USER
1239,Sarah,Valencia,alexander69@example.com,USER
1240,William,Ortega,whiterobert@example.com,USER
1241,Jennifer,Bradley,olivershannon@example.net,USER
1242,Anthony,Fleming,jefferywalker@example.org,USER
1243,Antonio,Blanchard,jacksonkristen@example.net,USER
1244,Anthony,Morales,ashleynelson@example.net,USER
1245,Austin,Webster,jeremynelson@example.com,USER
1246,Jason,Lowery,qwhitaker@example.org,USER
1247,Susan,Hill,campbellmargaret@example.net,USER
1248,Laura,Baker,friedmanmichelle@example.com,USER
1249,Caroline,Johnson,regina11@example.com,USER
1250,Alex,Campbell,ingrambrandon@example.com,USER
1251,Diana,Livingston,hernandezanna@example.com,USER
1252,Melissa,Frost,cmoon@example.net,USER
1253,Tammie,Walter,wrightdrew@example.org,USER
1254,Jonathan,Woodard,kevin42@example.org,USER
1255,Jason,Gonzalez,ebrown@example.net,USER
1256,Tracey,Davis,harrisamy@example.org,USER
1257,Christopher,Cobb,wyattnicole@example.com,USER
1258,Darren,Mcdowell,aguilarkyle@example.org,USER
1259,Wendy,Turner,acaldwell@example.org,USER
1260,Tara,Meyer,robertsdavid@example.net,USER
1261,Stephen,Chen,derrick71@example.net,USER
1262,Jason,Graham,travis46@example.org,USER
1263,Cassie,Allen,johnsondana@example.com,USER
1264,Christina,Rodriguez,kmartinez@example.com,USER
1265,Gary,May,baileynatalie@example.org,USER
1266,Jennifer,Miller,jeff06@example.net,USER
1267,Elizabeth,Church,paulrussell@example.com,USER
1268,Lisa,Rogers,gregory74@example.org,USER
1269,Aaron,Schultz,tommy17@example.net,USER
1270,Amy,Bush,abigail56@example.com,USER
1271,Cassandra,Hunter,tinajohnson@example.org,USER
1272,Brittany,Fuller,ryan56@example.org,ADMIN
1273,Michael,Osborne,olivia27@example.net,USER
1274,Jennifer,Bryant,wpowell@example.net,USER
1275,Michael,Richardson,patrick07@example.org,USER
1276,Elizabeth,Miller,daniel30@example.com,USER
1277,William,Sosa,qcallahan@example.org,USER
1278,Kristin,Hunt,mcdowelladam@example.net,USER
1279,Tina,Jenkins,chambersvanessa@example.org,USER
1280,Todd,Herrera,ruizgary@example.net,USER
1281,Jennifer,Martinez,donaldthomas@example.org,USER
1282,Henry,Hawkins,alexander47@example.com,USER
1283,Michelle,Fox,zoe99@example.com,USER
1284,Anthony,Nelson,barberangela@example.com,USER
1285,Catherine,Wilson,pamela11@example.org,USER
1286,Michael,Johnson,james72@example.org,USER
1287,Katie,Schmidt,sandrasmith@example.com,USER
1288,Keith,Bowman,sue80@example.net,USER
1289,Katherine,Warren,andersonamber@example.org,USER
1290,Andrew,Evans,renee53@example.com,USER
1291,Chris,Cook,kristindixon@example.org,USER
1292,Sarah,Baker,zpeters@example.com,USER
1293,Keith,Stephenson,andreathompson@example.net,USER
1294,William,Peters,andrewwalker@example.com,USER
1295,Tyler,Durham,nunezjeremy@example.net,USER
1296,Brenda,Wilson,connorholloway@example.net,ADMIN
1297,Jessica,Higgins,sarah36@example.net,USER
1298,Barbara,Flores,angela57@example.com,USER
1299,Brittany,Torres,gardnerjoshua@example.net,USER
1300,Patricia,Smith,bmorrison@example.net,USER
1301,Dana,Norris,patricia89@example.net,USER
1302,Ruben,Bennett,pricerobert@example.org,USER
1303,Jesus,Avila,scott01@example.com,USER
1304,Lucas,Wallace,houserobert@example.net,USER
1305,Cesar,Matthews,taylorjeffrey@example.org,USER
1306,William,Lee,kgilbert@example.net,USER
1307,Chloe,Sanders,kevin72@example.com,USER
1308,Leah,Cain,emma32@example.com,USER
1309,Grant,Turner,wangjoshua@example.com,USER
1310,Jenna,Parker,matthew69@example.org,USER
1311,Mark,Morgan,lcampbell@example.org,USER
1312,Patrick,Flowers,rsmith@example.org,USER
1313,Miguel,Brown,jeffreythomas@example.com,USER
1314,Emma,Carter,sarahcharles@example.com,USER
1315,Danielle,Dorsey,aliciaperez@example.com,USER
1316,Andrew,Clayton,slong@example.net,USER
1317,Carol,Ramos,washingtonstephanie@example.net,USER
1318,Dominic,Anderson,christopher78@example.org,USER
1319,Rebecca,Howard,brittanyyoder@example.com,USER
1320,Cassandra,Wells,fostervalerie@example.com,USER
1321,Karen,Maddox,combsbrenda@example.net,USER
1322,Brandon,Schmidt,adrian20@example.com,USER
1323,Cody,Richards,raydawn@example.org,USER
1324,Nathaniel,Perez,dmiller@example.org,USER
1325,Brian,Smith,russell62@example.org,USER
1326,Meagan,Bennett,holly18@example.net,USER
1327,Miguel,Booker,aaron79@example.net,USER
1328,Lisa,Thomas,mitchellkimberly@example.net,USER
1329,Linda,Robinson,christophercruz@example.net,USER
1330,Taylor,Moon,mitchellnicholas@example.com,USER
1331,Jessica,Massey,sierra53@example.net,USER
1332,Christina,Gaines,santiagoterri@example.com,USER
1333,Tanya,Dawson,brian27@example.net,USER
1334,Paula,Barnes,anthonyjohnston@example.net,USER
1335,Christopher,Graves,thomas06@example.net,USER
1336,Charles,Griffith,moorejohn@example.net,USER
1337,Daniel,Mendoza,ojohnson@example.com,USER
1338,Cynthia,Harris,derekgonzalez@example.com,USER
1339,David,Kelly,charlestaylor@example.net,USER
1340,Zachary,Mitchell,robert71@example.org,USER
1341,Justin,Hernandez,james00@example.net,USER
1342,John,Greer,ashleymedina@example.net,USER
1343,Eddie,Sanchez,clarkjordan@example.com,USER
1344,Carol,Sims,njames@example.org,USER
1345,Tara,Fischer,dakota83@example.net,USER
1346,Tyler,Peterson,khanmatthew@example.org,USER
1347,Samantha,Taylor,garciajoshua@example.org,USER
1348,Lisa,Lara,isabellalong@example.org,USER
1349,Ryan,Glenn,monicawood@example.org,USER
1350,Tony,Holder,sherry33@example.com,USER
1351,Stephanie,Diaz,wedwards@example.com,USER
1352,Christina,Madden,allison84@example.net,USER
1353,Ronald,Martin,jean10@example.com,USER
1354,Richard,Taylor,benjaminbeth@example.net,USER
1355,Robert,Reyes,michele20@example.com,USER
1356,Katie,Christensen,ldawson@example.net,USER
1357,Shirley,Singh,austinbreanna@example.org,USER
1358,Jonathan,Wiley,charlesjohnston@example.com,USER
1359,Samuel,Patton,rachel22@example.org,USER
1360,Kelly,Snyder,mitchellmichael@example.com,USER
1361,Jennifer,Ford,nathanielshields@example.com,USER
1362,Helen,Williams,harrisdebra@example.net,USER
1363,Dennis,Carter,kimlee@example.net,USER
1364,Jessica,Moore,householly@example.com,USER
1365,Levi,Robbins,xfreeman@example.net,USER
1366,Sean,Foster,qmccoy@example.org,USER
1367,Melinda,Bowers,hgonzalez@example.org,USER
1368,Vanessa,Ware,anthonyavery@example.org,USER
1369,Patricia,Cortez,wesley42@example.com,USER
1370,Lisa,Mejia,jamesmullins@example.com,USER
1371,Melinda,Lowe,yjohnson@example.net,USER
1372,Garrett,Madden,vjimenez@example.net,USER
1373,Christopher,Clark,christiandanielle@example.com,USER
1374,Catherine,Mitchell,mmcdowell@example.org,USER
1375,Andrew,Galloway,tramirez@example.org,USER
1376,Daniel,Lopez,christy19@example.org,USER
1377,Neil,Summers,jonesrachel@example.com,USER
1378,Peter,Alvarez,fernandezbrandon@example.net,USER
1379,Jessica,Ray,mitchelldanielle@example.org,USER
1380,Juan,Nelson,baileypaul@example.net,USER
1381,Matthew,Mcdaniel,james14@example.net,USER
1382,Debbie,Woods,gflores@example.org,USER
1383,James,Weber,garciarichard@example.com,USER
1384,Patrick,West,crandall@example.net,USER
1385,Jose,Davis,mooresteven@example.net,USER
1386,Curtis,Merritt,timothygarcia@example.org,USER
1387,Daniel,Black,zcoleman@example.net,USER
1388,Tiffany,Rodriguez,yserrano@example.com,USER
1389,Michael,Fitzgerald,elizabethmoore@example.org,USER
1390,Thomas,Williams,michelle58@example.org,USER
1391,Nicholas,Scott,chapmanrobert@example.com,USER
1392,Janice,Gardner,michaelallen@example.org,USER
1393,Beth,Watkins,justinhughes@example.net,USER
1394,Douglas,Mcdonald,crogers@example.org,USER
1395,Erin,Ryan,sarah68@example.com,USER
1396,Cassandra,Clark,adamkramer@example.com,USER
1397,James,Santana,wwhite@example.com,USER
1398,Russell,Castro,jonathanjones@example.com,USER
1399,Lisa,Mckinney,luisgolden@example.com,USER
1400,Sherry,Simmons,adamstephens@example.org,USER
1401,Shelly,Smith,umartinez@example.org,USER
1402,Danielle,Cannon,angelaespinoza@example.org,USER
1403,Stephanie,Leon,vbryant@example.org,USER
1404,David,Wolf,donald27@example.net,USER
1405,William,Price,deleonbryan@example.com,USER
1406,Rebecca,Thomas,wilcoxjennifer@example.com,USER
1407,Donald,Phillips,tracy05@example.net,USER
1408,Donna,Allison,gduke@example.net,USER
1409,Mary,Bowers,rmichael@example.net,USER
1410,Brandi,Wells,ndiaz@example.com,USER
1411,Michael,Ross,crussell@example.net,USER
1412,Chelsea,Maldonado,jamesmaxwell@example.org,USER
1413,Andre,Reeves,evanholloway@example.com,USER
1414,Sierra,Downs,xfleming@example.org,USER
1415,Kimberly,Weber,daviddavis@example.org,USER
1416,Kathleen,Sanchez,ellismichael@example.com,ADMIN
1417,Timothy,Sanchez,farmermatthew@example.net,USER
1418,Brenda,Miller,benjamin10@example.org,USER
1419,Randy,Poole,robertjohnson@example.org,USER
1420,Dennis,Bailey,elizabethkirk@example.com,USER
1421,Carla,Boyer,jeffreyroberts@example.net,USER
1422,Jennifer,Howard,greenedaniel@example.net,USER
1423,Richard,Hudson,patrick86@example.net,USER
1424,Paul,Campbell,lisajohnson@example.org,USER
1425,Christopher,Cooley,qschwartz@example.com,USER
1426,Rodney,Thomas,lanceryan@example.com,USER
1427,Michele,Vargas,vanessajimenez@example.org,USER
1428,Kelly,Williams,norrisjessica@example.net,USER
1429,Donald,Payne,millerelizabeth@example.com,USER
1430,Kristy,Flores,hansenmatthew@example.org,USER
1431,Madison,Simpson,moralesdenise@example.net,USER
1432,Brian,Newman,vanessaflores@example.com,USER
1433,Megan,Browning,wgeorge@example.org,USER
1434,Lisa,Davis,brownbenjamin@example.org,USER
1435,Alicia,Larson,cameronramos@example.org,USER
1436,Jessica,Pacheco,melissa80@example.org,USER
1437,Alison,Haas,matthewcrane@example.org,USER
1438,Matthew,Gilmore,colleenwilliams@example.net,USER
1439,Jerry,Mclean,cynthiabutler@example.org,USER
1440,John,Butler,amandaday@example.net,USER
1441,Kristina,Miller,emilypatterson@example.org,USER
1442,Michael,Riggs,kimberly47@example.org,USER
1443,Monica,Pruitt,charlesclayton@example.org,USER
1444,Benjamin,Bailey,emilyharmon@example.org,USER
1445,Michelle,Reynolds,cassandramontgomery@example.com,USER
1446,Tiffany,Davis,burgessdonald@example.com,USER
1447,Catherine,Wells,wquinn@example.net,USER
1448,Anthony,Chandler,bburnett@example.com,USER
1449,Hannah,Garcia,imendoza@example.net,USER
1450,Alyssa,Cochran,robertyoung@example.net,USER
1451,Alicia,Ortega,angel62@example.com,USER
1452,Sandra,Jackson,jackreynolds@example.com,USER
1453,Xavier,Vazquez,hudsongwendolyn@example.com,USER
1454,Dawn,Miller,umayo@example.org,USER
1455,Jacob,Rangel,fordbeverly@example.org,USER
1456,Lindsey,Cunningham,taylormatthew@example.com,USER
1457,Timothy,Hernandez,terri76@example.com,USER
1458,Angel,Roberson,susan80@example.com,USER
1459,Anthony,Jones,david71@example.com,USER
1460,Mark,Arnold,ashleyashley@example.org,USER
1461,Brittany,Rush,michelle51@example.net,USER
1462,Amanda,Miller,skinnerkyle@example.com,USER
1463,Benjamin,Marks,kim09@example.org,USER
1464,Jose,Wheeler,alexandrawest@example.com,USER
1465,Michael,Ford,simsdawn@example.org,USER
1466,Brittany,Smith,simonedward@example.net,USER
1467,Alexander,Schneider,chouston@example.com,USER
1468,Joshua,Duncan,moralesdawn@example.com,USER
1469,Edward,White,melissarussell@example.org,USER
1470,Lori,Walters,cruzolivia@example.org,USER
1471,Kimberly,Jimenez,andrewtaylor@example.com,USER
1472,Kristen,Conway,staylor@example.net,USER
1473,Shannon,Allen,virginia57@example.net,USER
1474,Christopher,May,kevin95@example.com,USER
1475,Erika,Odonnell,brandon68@example.com,USER
1476,Kristina,Cox,jon53@example.com,USER
1477,Mark,Jones,jrios@example.net,USER
1478,Elaine,Barnes,elizabethbrennan@example.net,USER
1479,James,Phillips,donnamcintosh@example.net,USER
1480,Amy,Patterson,melissacollier@example.org,USER
1481,Ryan,Myers,zachary32@example.org,USER
1482,Michelle,Shepherd,ediaz@example.org,USER
1483,Sandra,Santana,john69@example.net,USER
1484,Jeffery,Calderon,kevin69@example.net,USER
1485,Matthew,Nichols,andrew45@example.org,USER
1486,Michael,Le,amandamorales@example.org,USER
1487,Jessica,Smith,lgonzalez@example.net,USER
1488,Katherine,Bradley,vgriffin@example.com,USER
1489,Rebecca,Richard,joseph50@example.org,USER
1490,Anna,Johnson,jtaylor@example.com,USER
1491,Daniel,Johnson,hannahfields@example.com,USER
1492,Victoria,Johnson,susandavis@example.org,USER
1493,Matthew,Dyer,reginacarlson@example.net,USER
1494,Gloria,Cohen,karenoliver@example.com,USER
1495,Jacob,Salinas,rodriguezjohn@example.com,USER
1496,Barbara,Hill,richardlopez@example.com,USER
1497,Lisa,Hernandez,ypittman@example.org,USER
1498,Linda,Cooper,millstyler@example.net,USER
1499,James,Espinoza,michael51@example.com,USER
1500,Crystal,Reynolds,yatesmadison@example.net,USER
1501,Christopher,Hall,maria53@example.net,USER
1502,Shawn,Johnson,ltaylor@example.net,USER
1503,Megan,Perry,johnwright@example.org,USER
1504,Whitney,Taylor,contrerasmaria@example.com,USER
1505,Sylvia,Ball,kathleenscott@example.org,USER
1506,Glenn,Coleman,alicia87@example.com,USER
1507,Ernest,Lawrence,colemanjim@example.net,USER
1508,Marisa,Allen,sandraharper@example.org,USER
1509,Ryan,Snyder,collinsantonio@example.com,USER
1510,Jennifer,Underwood,samanthamartinez@example.net,USER
1511,Jane,Barnes,ericagarcia@example.org,USER
1512,Stephanie,Lewis,mariaschmidt@example.net,USER
1513,Alyssa,Johnson,melissa14@example.net,USER
1514,Edwin,Thomas,richarddiaz@example.net,USER
1515,Duane,Thompson,danielscott@example.com,USER
1516,Michael,Watson,mowens@example.net,USER
1517,Caleb,Higgins,brittany44@example.org,USER
1518,Paula,Boyd,deborahwright@example.net,USER
1519,Nathan,Herman,tannergina@example.org,USER
1520,Elizabeth,Richards,pwilson@example.org,USER
1521,Malik,Russell,frysharon@example.net,USER
1522,David,Berger,lisa73@example.org,USER
1523,William,Wilkinson,ginamiller@example.org,USER
1524,Jessica,Burns,ericwheeler@example.org,USER
1525,Randy,Yoder,scott76@example.com,USER
1526,Daniel,Johnson,annettefleming@example.com,USER
1527,Aaron,Schneider,melissa91@example.com,USER
1528,Michelle,Brown,louis02@example.org,USER
1529,David,Lucas,annpeters@example.org,USER
1530,Paige,Garner,dana02@example.net,USER
1531,Leslie,Ross,pwilliams@example.org,USER
1532,Joseph,Jacobs,joshuacohen@example.com,USER
1533,Erin,Evans,herrerajennifer@example.org,USER
1534,Kristina,Weaver,williamspamela@example.net,USER
1535,Elizabeth,Griffin,williamskaren@example.org,USER
1536,John,Campbell,garcialance@example.org,USER
1537,Aaron,Young,michaelyoung@example.org,USER
1538,Kelli,Singh,keithemily@example.net,USER
1539,David,Chan,awalker@example.org,USER
1540,Amanda,Rhodes,wongjacqueline@example.org,USER
1541,Joanna,Burke,lcurry@example.net,USER
1542,Kevin,Tucker,clopez@example.org,USER
1543,Michael,Miller,deleontammy@example.org,USER
1544,Stephen,Hamilton,ann08@example.net,USER
1545,Malik,White,xsmith@example.org,USER
1546,Kathy,Khan,deanlauren@example.com,USER
1547,Michael,Donovan,jjacobs@example.net,USER
1548,Randall,Morgan,greeneshawn@example.com,USER
1549,Christian,Gonzales,wattsemma@example.net,USER
1550,Robert,Thomas,wallen@example.com,USER
1551,Daniel,Harmon,cmclean@example.net,USER
1552,Jeffery,Johnson,troy71@example.org,USER
1553,Amy,Christian,cburgess@example.org,USER
1554,Jessica,Robinson,elizabeth14@example.com,USER
1555,Kristin,Blackwell,troyharris@example.org,USER
1556,Aaron,Bean,jonesstephen@example.org,USER
1557,Gabrielle,Thompson,brookskenneth@example.org,USER
1558,Daniel,Sanders,aclark@example.com,USER
1559,Timothy,Skinner,iedwards@example.net,USER
1560,Paul,Dixon,nmcintosh@example.com,USER
1561,Andrea,Chan,aaronramirez@example.org,USER
1562,Tom,Morrison,richardperez@example.org,USER
1563,Kathy,Ray,juliethomas@example.net,USER
1564,Vanessa,Wheeler,timothybrown@example.com,USER
1565,Carmen,Ramirez,velezbrendan@example.net,USER
1566,Sharon,Thomas,millershannon@example.org,USER
1567,William,Campbell,stoneandrew@example.net,USER
1568,Danny,Horton,epearson@example.com,USER
1569,Erica,Fox,marissa74@example.net,USER
1570,Christina,Weber,stewartsarah@example.org,USER
1571,Daniel,Martinez,amy65@example.com,USER
1572,Michael,Rojas,cooleypatricia@example.org,USER
1573,Ryan,Vasquez,richard31@example.com,USER
1574,James,Davis,xzavala@example.com,USER
1575,Shane,Thompson,mgarcia@example.com,USER
1576,Chelsea,Robinson,davismary@example.org,ADMIN
1577,Alicia,Norris,myerstiffany@example.org,USER
1578,Heidi,Wilson,dawnsmith@example.org,USER
1579,Ronald,Snyder,lauradominguez@example.org,USER
1580,Paul,Lang,robertmartinez@example.org,USER
1581,Chase,Austin,joseph00@example.com,USER
1582,Hannah,Davenport,thomasmartin@example.com,USER
1583,Kara,Watson,wesley56@example.org,USER
1584,Erin,Stark,hernandezmelissa@example.net,USER
1585,Jeffery,Chen,reneewaters@example.com,USER
1586,Daniel,Stokes,bassjackie@example.org,USER
1587,Marcus,Gilmore,sotomegan@example.com,USER
1588,Marilyn,Dillon,rebeccarodriguez@example.net,USER
1589,Victoria,Mann,hshepherd@example.net,USER
1590,Amber,Hall,michael13@example.net,USER
1591,Kendra,King,cliffordprice@example.org,USER
1592,Carrie,Smith,hharper@example.net,USER
1593,Jillian,Rowe,curtisroy@example.net,USER
1594,Kevin,Macias,rtaylor@example.net,USER
1595,Antonio,Galloway,jacquelinemurray@example.net,USER
1596,Kimberly,Lopez,barneswilliam@example.org,USER
1597,Natalie,Lewis,blee@example.com,USER
1598,Anthony,Schwartz,mendozajeremy@example.com,USER
1599,Theresa,Mccarthy,kevinsantos@example.net,USER
1600,George,Rosales,clifford98@example.net,USER
1601,Jerome,Pacheco,pnunez@example.org,USER
1602,Jessica,Hamilton,rachel18@example.org,USER
1603,Deborah,Collins,gary84@example.org,USER
1604,Elizabeth,Barnett,heathersanchez@example.com,USER
1605,Adrian,Burke,sjenkins@example.org,ADMIN
1606,David,Fitzgerald,vsandoval@example.com,USER
1607,Veronica,Smith,dakota75@example.org,USER
1608,Christine,Harvey,merritttaylor@example.com,USER
1609,Larry,Fields,mary19@example.org,USER
1610,William,Summers,qdalton@example.org,USER
1611,Anthony,Gonzalez,rflores@example.org,USER
1612,Kara,Wheeler,austinfrye@example.org,USER
1613,Timothy,Dawson,baguilar@example.net,USER
1614,Glen,Jackson,jesus86@example.org,USER
1615,Ashley,Davis,weberamber@example.org,USER
1616,Chelsea,Smith,kristatorres@example.com,USER
1617,Desiree,Trevino,aaron62@example.net,USER
1618,Julie,Nelson,jamesevans@example.net,USER
1619,Amber,Hall,jonathankennedy@example.org,USER
1620,Sheila,Rojas,ngraham@example.com,USER
1621,Jessica,Romero,patrickoliver@example.org,USER
1622,Angela,Cooper,vadams@example.org,USER
1623,Becky,Reed,chelsea70@example.org,USER
1624,Ashley,Roman,ncampbell@example.com,USER
1625,Carolyn,Franco,csullivan@example.com,USER
1626,Stephen,Lang,adamgill@example.net,USER
1627,Matthew,Taylor,rlewis@example.com,USER
1628,Jodi,Bishop,hestrada@example.com,USER
1629,Russell,Chapman,stephen61@example.com,USER
1630,Isabella,Wyatt,brennanmichelle@example.com,USER
1631,Breanna,Miller,christine11@example.org,USER
1632,Tabitha,Lewis,laura71@example.com,USER
1633,Philip,Calderon,ureynolds@example.org,USER
1634,Denise,Jones,racevedo@example.org,USER
1635,Patrick,Bates,anna23@example.com,USER
1636,Heather,Booker,kimberly69@example.org,USER
1637,Todd,Collins,mallorycurry@example.com,USER
1638,Rachel,Pope,sjones@example.net,USER
1639,Briana,Lam,cmartinez@example.org,USER
1640,Mark,Baird,ambersavage@example.com,USER
1641,Ronald,Thompson,tbaxter@example.net,USER
1642,Victoria,Jones,phodges@example.net,USER
1643,Deborah,Berry,dvillarreal@example.net,USER
1644,Paul,Morris,jeffrey10@example.org,USER
1645,Melissa,Thomas,fburke@example.net,USER
1646,Deborah,Smith,dawn85@example.org,USER
1647,Rebecca,Mckee,hstevens@example.com,USER
1648,Katherine,Williams,paulperry@example.org,USER
1649,Sierra,Burgess,jonfrazier@example.org,USER
1650,Courtney,Scott,tburgess@example.org,USER
1651,Jesse,Medina,jameswood@example.net,USER
1652,Robert,Woods,westjeffrey@example.org,USER
1653,Norma,Turner,steven62@example.net,USER
1654,Robert,Taylor,sherrywallace@example.com,USER
1655,Heather,Hicks,qcervantes@example.com,USER
1656,Tammy,Trevino,gabrielle34@example.net,USER
1657,Jennifer,Taylor,melinda77@example.com,USER
1658,Natalie,Booth,thomasowens@example.net,USER
1659,Thomas,Johnson,andrewdelacruz@example.com,USER
1660,Tanner,Miller,tbell@example.org,USER
1661,Charles,Webster,deniseclark@example.net,USER
1662,Brianna,Mccormick,duncanjoshua@example.org,USER
1663,Laura,Watson,jessica23@example.net,ADMIN
1664,Kelly,Baker,aliciabenjamin@example.com,USER
1665,Diana,Henderson,matthewwhite@example.org,USER
1666,Michelle,Anderson,cjordan@example.net,USER
1667,Frances,Sexton,hensleybenjamin@example.com,USER
1668,Anthony,Key,jonesjill@example.com,USER
1669,Brenda,Molina,madison11@example.net,USER
1670,Hannah,Harper,fbass@example.org,USER
1671,Amy,Vega,wayne74@example.com,USER
1672,Ronald,Collins,thomas61@example.net,USER
1673,Dawn,Wong,rcaldwell@example.net,USER
1674,Steven,Silva,ylambert@example.com,USER
1675,Amy,Thomas,yangjennifer@example.com,ADMIN
1676,Richard,Spence,alvin91@example.com,USER
1677,Jennifer,Miles,adamwhite@example.net,USER
1678,Jacob,Henderson,melissa54@example.com,USER
1679,Erin,Hanson,jthompson@example.org,USER
1680,Jon,Gomez,nancypatel@example.com,USER
1681,Antonio,Washington,ndillon@example.net,USER
1682,Brittany,Davis,gquinn@example.com,USER
1683,Gary,Gibson,maria03@example.com,USER
1684,Catherine,Campbell,conradjulie@example.net,USER
1685,Garrett,Bowen,wbrewer@example.org,USER
1686,Amanda,Adkins,fgutierrez@example.com,USER
1687,Kevin,Harris,samanthajones@example.net,USER
1688,Jacob,Thomas,james65@example.net,USER
1689,Lisa,Bailey,dana17@example.net,USER
1690,Carrie,Cooper,lambalexandra@example.net,USER
1691,Olivia,Leon,rangelteresa@example.net,USER
1692,Tiffany,Rivera,bennettmichael@example.net,USER
1693,Gregory,Medina,matthewslarry@example.net,USER
1694,Christopher,Snow,oconnorvictoria@example.net,USER
1695,Calvin,Scott,ilopez@example.net,USER
1696,Catherine,Velasquez,robin19@example.com,USER
1697,Audrey,Garner,tiffanyboone@example.net,USER
1698,Jill,Garcia,robertsoneric@example.org,USER
1699,Kenneth,Branch,jennifer13@example.org,USER
1700,Christopher,Andrade,michael01@example.com,USER
1701,Jeffrey,Lopez,kenneth77@example.net,USER
1702,Christopher,Joseph,jensenpamela@example.com,USER
1703,Michael,Dunn,luis66@example.org,USER
1704,Kara,Torres,david82@example.net,USER
1705,Brittany,Thomas,matthew06@example.com,USER
1706,Gabrielle,Donovan,johnsonteresa@example.net,USER
1707,Kaitlin,Hendrix,fvaughn@example.org,USER
1708,Brian,Molina,ernestwright@example.net,USER
1709,David,Nichols,iholloway@example.org,USER
1710,Gloria,Chen,okelly@example.com,ADMIN
1711,George,Casey,bblevins@example.net,USER
1712,James,Nelson,reesealex@example.net,ADMIN
1713,Jerry,Bates,travis28@example.net,USER
1714,Stephen,Warner,dustinwilliams@example.net,USER
1715,Donna,Durham,angelica97@example.net,USER
1716,David,Trujillo,jcrosby@example.net,USER
1717,Michael,Phillips,rachelshepherd@example.com,USER
1718,Erica,Hunt,mccarthydylan@example.net,USER
1719,Stacie,Ross,jwilliams@example.org,USER
1720,Glenn,Mcconnell,josebarnes@example.com,USER
1721,Melanie,Tanner,shannon69@example.com,USER
1722,Bobby,Riley,monica89@example.net,USER
1723,Mark,Myers,james16@example.com,USER
1724,Courtney,Gomez,jeffreyhansen@example.net,USER
1725,William,Dixon,sbailey@example.net,USER
1726,Cindy,Young,pedrohaley@example.com,USER
1727,Deborah,Dyer,meganjohnson@example.org,USER
1728,Victoria,Lloyd,angelasmith@example.com,USER
1729,Timothy,Lawrence,forr@example.net,USER
1730,Christina,Lewis,clarkdavid@example.net,USER
1731,Jessica,Vincent,jessica82@example.net,USER
1732,Ashley,Parker,greenlisa@example.net,USER
1733,Brandon,Ward,scott83@example.net,USER
1734,Michael,Davis,owells@example.org,USER
1735,Lori,Rivera,davidcross@example.com,USER
1736,Alan,Hawkins,hbriggs@example.net,USER
1737,Kayla,Davenport,norman29@example.org,USER
1738,Michael,Alvarado,moniquemoore@example.org,USER
1739,Jennifer,Santana,roseeric@example.com,USER
1740,Jason,Kim,ronald46@example.com,USER
1741,Rebecca,Fowler,bishopreginald@example.com,ADMIN
1742,Laurie,Robinson,jessica95@example.net,USER
1743,Thomas,Thomas,michaelgonzalez@example.com,ADMIN
1744,Marcus,Cooper,carol28@example.net,USER
1745,Cindy,Hill,fsanford@example.net,USER
1746,Caleb,Fields,ksutton@example.com,USER
1747,Scott,Hodges,tylerchristine@example.com,USER
1748,Jonathan,Walker,ukelly@example.org,USER
1749,Katrina,Osborne,hcollins@example.net,USER
1750,Richard,Moreno,uyoung@example.org,USER
1751,Robin,Williams,michaelgordon@example.org,USER
1752,Bruce,Rodriguez,marymiller@example.net,USER
1753,Mark,Alvarez,geraldcampbell@example.org,USER
1754,Alice,Malone,kevinbates@example.org,USER
1755,Timothy,Ortiz,bradleyapril@example.com,USER
1756,Ryan,Benson,brockmorgan@example.org,USER
1757,Joshua,Leon,reneespencer@example.org,USER
1758,Mary,Cook,samuelallen@example.net,USER
1759,Raymond,Hatfield,wgarcia@example.com,USER
1760,Jose,Butler,reedbrenda@example.com,USER
1761,Blake,Zamora,vfoley@example.com,USER
1762,Cynthia,Taylor,brandoncook@example.org,USER
1763,Randall,Horton,claire11@example.net,USER
1764,Hannah,Page,riley28@example.com,USER
1765,Joann,Jackson,suarezstacy@example.com,USER
1766,Jennifer,Atkinson,angelavalencia@example.net,USER
1767,Tyler,Peterson,ana12@example.com,USER
1768,Ian,Green,raymond84@example.com,USER
1769,Kaitlyn,Smith,guerramaria@example.org,USER
1770,Elizabeth,English,lawsoncalvin@example.com,USER
1771,Nicholas,Jones,kerry49@example.org,USER
1772,Matthew,Chambers,nhardin@example.net,USER
1773,Gregory,Malone,zacharyschneider@example.net,USER
1774,Ashley,Nelson,yhamilton@example.com,USER
1775,Brandi,Johnson,wardkevin@example.net,USER
1776,Jose,Leon,danielletorres@example.com,USER
1777,Amanda,Sandoval,rogersrobert@example.net,USER
1778,Gregg,Thomas,greerjoseph@example.net,USER
1779,Michele,Brown,spotts@example.org,USER
1780,Kenneth,Rodriguez,michaelford@example.org,USER
1781,Virginia,Beck,martinezmason@example.com,USER
1782,Steven,Trevino,christina43@example.net,USER
1783,Charles,Kline,heather72@example.org,USER
1784,Michael,Diaz,richard13@example.com,USER
1785,Joseph,Burch,zparker@example.net,USER
1786,Mark,Wong,qlewis@example.com,USER
1787,Edward,Valencia,tammy58@example.org,USER
1788,Mary,Craig,todd94@example.com,USER
1789,Michael,Mason,jpowell@example.net,USER
1790,Kiara,Baker,frankrobert@example.org,ADMIN
1791,Jason,Fitzgerald,scott40@example.com,USER
1792,Cristian,Morales,gschultz@example.com,USER
1793,Jessica,Vasquez,zle@example.net,USER
1794,John,Carter,jennifer95@example.org,USER
1795,April,Robinson,nathan60@example.org,USER
1796,Steven,Lee,egarcia@example.com,USER
1797,Michael,Byrd,changsamuel@example.org,USER
1798,Shelby,Stevens,autumn78@example.com,USER
1799,Jaclyn,Thompson,lee16@example.net,USER
1800,Eric,Curry,beth38@example.net,USER
1801,Roger,Morales,xcooke@example.net,USER
1802,Laura,Warner,deanmedina@example.com,USER
1803,Kimberly,Rasmussen,laurenwilkins@example.org,USER
1804,Cheryl,Jones,brandonmcdonald@example.com,USER
1805,Frederick,Reid,ryanrosales@example.org,USER
1806,Lee,Joseph,ealexander@example.net,USER
1807,Joseph,Richmond,janedickerson@example.net,USER
1808,Alex,Williams,onunez@example.com,USER
1809,Kim,Kim,ann26@example.org,USER
1810,William,Mccann,howard63@example.net,USER
1811,Thomas,Garza,jasmine12@example.net,USER
1812,Michelle,Mills,gcrosby@example.org,USER
1813,Lisa,Chambers,lauramartin@example.com,USER
1814,Courtney,Jackson,lindamiller@example.org,USER
1815,Brenda,Clarke,meganpatrick@example.com,USER
1816,Phillip,Chang,shannon44@example.com,USER
1817,Robin,Graves,nicholasfuentes@example.com,USER
1818,Justin,Jones,salinasgrace@example.net,USER
1819,Melissa,Stein,christopher67@example.org,USER
1820,William,Smith,drew38@example.net,USER
1821,Dawn,Garcia,seanbean@example.com,USER
1822,William,Deleon,michelle14@example.com,USER
1823,Emily,Martin,greenalexa@example.org,USER
1824,John,Adams,lamdaniel@example.com,USER
1825,Gary,Clark,asmith@example.net,USER
1826,Timothy,Strickland,taylor70@example.net,USER
1827,Ashley,Esparza,igraham@example.org,USER
1828,Kimberly,Bennett,aaron67@example.net,USER
1829,Mary,Fields,susanporter@example.org,USER
1830,Julian,Mills,qhoffman@example.com,USER
1831,Dakota,Price,bradleymercado@example.net,USER
1832,Evan,Kirk,laura49@example.com,USER
1833,Tanner,Rodriguez,moralesmarcus@example.net,USER
1834,Karen,Lynch,hughesrhonda@example.net,USER
1835,Antonio,Cunningham,obrewer@example.com,USER
1836,David,Olsen,thorntoncaitlyn@example.net,USER
1837,Brian,Tran,angelica13@example.com,USER
1838,Victoria,Thomas,amarshall@example.com,USER
1839,Joshua,Wilson,sandra19@example.org,USER
1840,Dana,Sanders,kimberlypeterson@example.org,USER
1841,Richard,Smith,danielduncan@example.org,USER
1842,Andrea,Hicks,laura80@example.org,USER
1843,Michelle,Reilly,jameschaney@example.net,USER
1844,Jerry,Gordon,james91@example.org,USER
1845,Ricky,West,melissa74@example.com,USER
1846,Samantha,Bennett,kelseymccarthy@example.org,USER
1847,Anthony,Martin,torresrebecca@example.org,USER
1848,Edward,Daniels,christopherrivera@example.net,USER
1849,Stephanie,Aguilar,aknight@example.org,USER
1850,Matthew,Chang,fgarcia@example.org,USER
1851,Melody,Lyons,antoniojenkins@example.com,USER
1852,Rebecca,Barry,charles46@example.org,USER
1853,Mark,Richmond,amber38@example.net,USER
1854,Manuel,Allen,hhansen@example.net,USER
1855,Shawn,Wall,qmarshall@example.com,USER
1856,Mia,Smith,jeffrey59@example.net,USER
1857,Spencer,Reid,meganfowler@example.com,USER
1858,Kathleen,Williams,gregorycarpenter@example.com,USER
1859,Kaitlyn,Sharp,wcook@example.com,USER
1860,Paula,Baker,darren04@example.net,USER
1861,Juan,Ferguson,willisjaclyn@example.com,USER
1862,Jessica,Robinson,weavervicki@example.com,USER
1863,Andrew,Peterson,francis07@example.net,USER
1864,Kimberly,Silva,lisa47@example.com,USER
1865,Marilyn,Garcia,webbvictoria@example.com,USER
1866,Philip,Ibarra,kelly56@example.com,USER
1867,Steven,Hunt,yhernandez@example.net,USER
1868,Barbara,Phillips,joseph03@example.net,USER
1869,Alex,Romero,wrice@example.net,USER
1870,Robert,Cameron,ucummings@example.net,USER
1871,Hunter,Glenn,hjones@example.org,USER
1872,Sarah,Casey,xjohnson@example.com,USER
1873,Nicole,Zamora,dcarlson@example.org,USER
1874,Katherine,Harris,othomas@example.com,USER
1875,Taylor,White,yjones@example.org,USER
1876,Brian,Kim,vanessamartinez@example.net,USER
1877,Carla,Jackson,russelltammy@example.net,USER
1878,Sabrina,Mitchell,jessecohen@example.org,USER
1879,Brett,Thomas,johnnygray@example.com,USER
1880,Lisa,Preston,qknight@example.net,USER
1881,Jeremy,Stark,psalazar@example.org,USER
1882,James,Kim,imorris@example.net,USER
1883,Kevin,Taylor,john00@example.com,USER
1884,Michelle,Baker,justin75@example.org,USER
1885,Daniel,Nixon,scottmichael@example.com,USER
1886,Rebecca,Moreno,nguyenterri@example.com,USER
1887,Kathleen,Turner,michaelowen@example.com,USER
1888,Angela,Arellano,opierce@example.com,USER
1889,Amy,Johnson,bobbybowen@example.org,USER
1890,Gary,Wright,starkaustin@example.org,USER
1891,Christy,Love,ann63@example.net,USER
1892,Kimberly,Stanley,xknight@example.com,USER
1893,Erik,Blackwell,zharris@example.net,USER
1894,Charles,Solis,ashley62@example.net,USER
1895,Lisa,Wells,hcollins@example.com,USER
1896,Alan,Lee,amberhunter@example.com,USER
1897,Adam,Nguyen,whitetony@example.com,USER
1898,Gail,Hernandez,thomaserik@example.net,USER
1899,Diana,Smith,xward@example.com,USER
1900,Carl,Hill,qharvey@example.net,USER
1901,Carlos,Oneill,richard27@example.com,USER
1902,Debra,Smith,kellyrichard@example.net,USER
1903,Ashley,King,marciahall@example.net,USER
1904,Raymond,Olson,kelly83@example.org,USER
1905,Alexander,Ponce,pthomas@example.net,USER
1906,Angela,Sanders,simmonslaura@example.com,USER
1907,Matthew,Levine,jermainemorales@example.org,USER
1908,Joseph,Alvarado,vincent19@example.net,ADMIN
1909,Steven,Davis,bowenariana@example.com,USER
1910,Chelsea,Boone,bcaldwell@example.net,USER
1911,David,Jones,brandonallison@example.org,USER
1912,Andrea,Le,johnbush@example.net,USER
1913,Shannon,Smith,barbara37@example.net,USER
1914,Matthew,Martin,coopertami@example.net,USER
1915,Rebekah,Rocha,jonesmegan@example.net,USER
1916,Debbie,Miller,teresamckee@example.com,USER
1917,Matthew,Mayer,heather14@example.org,USER
1918,Kerry,Cochran,brandimoore@example.org,USER
1919,Michael,Miller,heatherthompson@example.net,USER
1920,Barbara,Davila,pluna@example.net,USER
1921,Ryan,Clarke,wjackson@example.com,USER
1922,Kenneth,Reid,crystalcooper@example.com,USER
1923,Cindy,Ford,ymartin@example.com,USER
1924,Thomas,Morgan,tgoodwin@example.org,USER
1925,Patricia,Delacruz,conleychristina@example.net,USER
1926,Brandon,Shaffer,sarah04@example.org,USER
1927,Kelly,Perkins,owoodward@example.org,USER
1928,Jennifer,Bradley,guzmanrobert@example.com,USER
1929,Timothy,Woods,keithjackson@example.com,USER
1930,Heather,Novak,davidgreen@example.org,USER
1931,Sandra,Walker,brianhodges@example.net,USER
1932,Susan,Leblanc,gaineserika@example.org,USER
1933,Steven,Rodriguez,goodwinjack@example.org,USER
1934,Randy,Pruitt,travis56@example.net,USER
1935,Tara,Smith,waltersaimee@example.org,USER
1936,Samantha,Robles,tiffanybishop@example.net,USER
1937,Joshua,Owen,ericryan@example.org,USER
1938,Mary,Estes,christina67@example.com,USER
1939,Laura,Miller,john90@example.org,USER
1940,Gabriel,Hammond,judymarshall@example.org,USER
1941,Richard,Smith,douglashart@example.net,USER
1942,Benjamin,Mata,reynoldsmegan@example.com,USER
1943,Carlos,Pittman,kevin78@example.com,USER
1944,John,Mclaughlin,louis04@example.org,USER
1945,Danielle,Martinez,ugeorge@example.net,USER
1946,Karen,Navarro,zclements@example.com,USER
1947,Sophia,Walker,kevinhall@example.net,USER
1948,Ricardo,Smith,melissa92@example.net,USER
1949,Michael,Palmer,matthewgonzalez@example.net,USER
1950,Corey,Walker,villajesse@example.com,USER
1951,John,Villanueva,brentodom@example.com,USER
1952,Kyle,Bruce,kellyalvarez@example.com,USER
1953,Andrew,Hudson,jerrywilliams@example.org,USER
1954,Ricardo,Martinez,markfuentes@example.com,USER
1955,Jeanne,Diaz,mark70@example.net,USER
1956,Stephanie,Adams,hilledwin@example.net,USER
1957,Lisa,Leonard,phillip11@example.net,USER
1958,Christine,Watson,melissa25@example.org,USER
1959,William,Hess,etownsend@example.net,ADMIN
1960,Christopher,Wright,rebecca53@example.net,USER
1961,Haley,Carr,sarah19@example.net,USER
1962,Nancy,Rodriguez,ugarrison@example.com,USER
1963,Tyler,Martinez,oreynolds@example.org,USER
1964,Susan,Welch,tinaortiz@example.org,USER
1965,Mary,Jordan,eanderson@example.net,USER
1966,Elizabeth,Herrera,patricia63@example.com,USER
1967,David,Sawyer,ellissheila@example.com,USER
1968,Bob,Moore,catherine68@example.com,USER
1969,Elizabeth,Fisher,emurray@example.com,USER
1970,James,Lewis,gjohnson@example.org,USER
1971,Julie,Watkins,williamssabrina@example.com,USER
1972,Jessica,Atkinson,carolwashington@example.net,USER
1973,Alice,Grant,benjaminlloyd@example.com,USER
1974,Diana,Cruz,angelawilson@example.net,USER
1975,Thomas,Nichols,christopher56@example.net,USER
1976,Brandon,Bell,guerreropatrick@example.com,USER
1977,Katherine,Herrera,omarthompson@example.org,USER
1978,Alexander,Avery,amoore@example.net,USER
1979,Danielle,Spencer,seth37@example.org,USER
1980,Michael,Campbell,ublack@example.net,USER
1981,Jennifer,Johnson,brandonross@example.com,USER
1982,Stephanie,Meyer,dakota45@example.com,USER
1983,Cathy,Harris,qsnow@example.com,USER
1984,Timothy,Elliott,ggray@example.net,USER
1985,Robert,Watson,kathryn11@example.com,USER
1986,Kevin,Jordan,elizabeth56@example.org,USER
1987,Wendy,Wright,gordonsabrina@example.net,USER
1988,Scott,Chapman,allenjohnson@example.com,USER
1989,Allison,Ali,yrivera@example.org,USER
1990,John,Harrison,polson@example.org,USER
1991,Erica,Garcia,ewatts@example.org,USER
1992,Brittany,Martin,srodriguez@example.net,USER
1993,Timothy,Hernandez,thomaselizabeth@example.org,USER
1994,Stephanie,Moses,matthew00@example.com,USER
1995,Kenneth,Riddle,wadebrenda@example.net,USER
1996,Megan,Bradley,dmorales@example.org,USER
1997,Abigail,Mendoza,nicholas63@example.org,USER
1998,James,Leon,john30@example.org,ADMIN
1999,Anthony,Miller,lawrencegilbert@example.net,USER
2000,Sharon,Odom,tholt@example.com,USER
2001,Daniel,Frey,redwards@example.com,USER
2002,Karen,Hernandez,wsteele@example.org,USER
2003,Alejandra,Lindsey,dustinmoore@example.com,USER
2004,Crystal,Brown,davidjohnson@example.org,USER
2005,Peggy,Mitchell,patrick77@example.org,USER
2006,Jack,Miller,april04@example.org,USER
2007,Sandra,Rosales,kelseyhunter@example.org,USER
2008,Matthew,Gutierrez,iwilliams@example.org,USER
2009,Melissa,Robinson,tonytran@example.com,USER
2010,Todd,Mendez,amarsh@example.org,USER
2011,Mark,Wells,maria44@example.com,USER
2012,Eric,Thomas,heather24@example.net,USER
2013,Amy,Long,sanchezsteven@example.com,USER
2014,Chase,Richardson,sherrymonroe@example.org,USER
2015,Robin,Johnson,omarjames@example.net,USER
2016,Lisa,Mora,munozjohn@example.net,USER
2017,Riley,Reyes,bakersarah@example.org,USER
2018,Morgan,Bradley,rivaslisa@example.net,USER
2019,David,Stewart,rhuber@example.net,USER
2020,Douglas,Torres,jortiz@example.net,USER
2021,Kimberly,Roberts,robinsonchristian@example.org,ADMIN
2022,James,Jones,rodriguezmichaela@example.net,USER
2023,Cynthia,Collins,sandra32@example.com,USER
2024,Daisy,Wallace,collinsshannon@example.net,USER
2025,Michael,Smith,laura67@example.org,USER
2026,Kenneth,Roth,erose@example.org,USER
2027,James,Baker,kathryn64@example.com,USER
2028,Thomas,Potts,stephenstanley@example.com,USER
2029,Carol,Gibbs,bswanson@example.org,USER
2030,Jason,Kaiser,nbaker@example.net,USER
2031,Beverly,Morse,osmith@example.org,USER
2032,Charlene,Erickson,nadkins@example.com,USER
2033,Christopher,Cabrera,erichmond@example.org,USER
2034,Martha,Smith,ronaldlamb@example.com,USER
2035,Jesus,Jones,baileysara@example.com,USER
2036,John,Jennings,millerwendy@example.net,USER
2037,Richard,Cook,kbuchanan@example.com,USER
2038,Jeremiah,Johnson,andrew47@example.com,USER
2039,Stephanie,Ross,nancy69@example.net,USER
2040,Brittany,Hicks,mcdonaldrachael@example.org,USER
2041,Richard,Rodriguez,morsestephen@example.com,USER
2042,Adam,Jones,wherring@example.org,USER
2043,Desiree,Edwards,caitlin30@example.com,USER
2044,Allison,Rodriguez,ramosaudrey@example.com,USER
2045,Marilyn,Haney,christina21@example.com,USER
2046,Justin,Miller,matthew96@example.com,USER
2047,Joshua,Hall,elizabeth65@example.com,USER
2048,Shelby,Perez,castilloerin@example.org,USER
2049,Jessica,Ward,walterkatherine@example.com,USER
2050,Christina,Robles,paulpowell@example.com,USER
2051,Jason,Cruz,bernardchristina@example.net,USER
2052,Marie,Young,krobinson@example.com,USER
2053,Kathryn,Benson,joshuasimpson@example.net,USER
2054,Edwin,Hull,megan65@example.net,USER
2055,John,Howell,yhopkins@example.net,USER
2056,Shawn,Davis,rittersusan@example.com,USER
2057,Barbara,Gibbs,ylowery@example.com,USER
2058,Sharon,Jordan,michael17@example.org,USER
2059,Mallory,Ford,davidlove@example.com,USER
2060,Derek,Johnson,sarahwatson@example.com,USER
2061,Phillip,Morales,ssmith@example.net,USER
2062,Tiffany,Brewer,todd39@example.net,USER
2063,John,Stanley,gdominguez@example.net,USER
2064,Amber,Foster,michaelmartinez@example.net,USER
2065,Brian,Johnson,pedrobrown@example.org,USER
2066,Elizabeth,Bowers,contreraskara@example.org,USER
2067,Lisa,Coleman,ljones@example.com,USER
2068,James,Scott,tammy98@example.org,USER
2069,Donald,Miller,aaronchambers@example.net,USER
2070,William,Rios,alyssaturner@example.com,USER
2071,Marilyn,Weber,mwoods@example.net,USER
2072,Sarah,Jones,elizabeth81@example.com,USER
2073,Erica,Raymond,pfry@example.net,USER
2074,Victoria,Chase,tara61@example.net,ADMIN
2075,Dillon,Huerta,natashasmith@example.org,USER
2076,Karen,Fox,hshort@example.com,USER
2077,Patrick,Little,mariamoore@example.com,USER
2078,Jose,Wilson,blawson@example.net,USER
2079,Jaime,Gentry,gutierrezsteven@example.com,USER
2080,Alexis,Sanchez,kimberlyestrada@example.net,USER
2081,Ashley,Perez,tiffanytaylor@example.net,USER
2082,Edward,Eaton,gtrujillo@example.org,USER
2083,Oscar,Morrison,maguilar@example.net,USER
2084,Ashley,Singleton,sharonedwards@example.net,USER
2085,Robert,Scott,gabriela43@example.net,USER
2086,Crystal,Wang,hhunter@example.org,USER
2087,Kyle,Maddox,brandonscott@example.net,USER
2088,Jasmine,Johnson,vmendoza@example.com,USER
2089,Jacqueline,Wheeler,wiserenee@example.net,USER
2090,Pamela,Deleon,dhickman@example.org,USER
2091,Sandra,Ray,alfredblair@example.com,USER
2092,Stephanie,Mcdonald,gutierrezolivia@example.com,USER
2093,Randall,Johnson,jameshicks@example.org,USER
2094,Amanda,Smith,melvin99@example.net,USER
2095,Stephanie,Mcdonald,jennifercordova@example.net,USER
2096,James,Rivas,ufarrell@example.com,USER
2097,Carlos,Nixon,jonathanhayes@example.net,USER
2098,Christopher,Brown,vanessarichmond@example.com,USER
2099,Alexander,Page,whernandez@example.com,USER
2100,Susan,Ford,kgarcia@example.com,USER
2101,Stacy,Carter,jamiejohnson@example.org,USER
2102,Amy,Ward,antoniogould@example.net,USER
2103,Dustin,Maynard,virginia82@example.net,USER
2104,Steven,Nixon,laurenwilliams@example.com,USER
2105,Felicia,Boyd,christopherfields@example.org,USER
2106,Jennifer,Jarvis,amy22@example.org,USER
2107,Thomas,Smith,jkirk@example.com,USER
2108,Devin,Harrison,kimjennifer@example.com,USER
2109,Christie,Jordan,crystalnguyen@example.org,USER
2110,Colleen,Cross,martin00@example.com,USER
2111,Nicole,Johnson,montgomeryhaley@example.com,USER
2112,Jennifer,Anderson,jaredwilliams@example.org,USER
2113,Robert,Ferrell,davidmorris@example.org,USER
2114,Julie,Rice,thorntonjames@example.com,USER
2115,Felicia,Wiley,james75@example.org,USER
2116,Autumn,Hooper,melissacastro@example.net,USER
2117,Daniel,Perry,bwalker@example.com,USER
2118,Cheryl,Huff,tacosta@example.org,USER
2119,John,Hodge,nathaniel41@example.org,USER
2120,Perry,Graham,betty00@example.net,USER
2121,Amy,Roberts,andrea15@example.net,USER
2122,Diana,Burns,douglas62@example.net,USER
2123,Adam,Anderson,wilsonadam@example.org,USER
2124,Destiny,Brandt,tgilbert@example.com,USER
2125,Corey,Higgins,davidcopeland@example.net,USER
2126,Mark,Moore,heatheranderson@example.net,USER
2127,Selena,Nguyen,traceywong@example.net,USER
2128,Kevin,Bailey,jody47@example.com,USER
2129,Greg,Morgan,caitlinwilliams@example.org,USER
2130,Christopher,Melendez,lisaflores@example.net,USER
2131,Ryan,White,jpadilla@example.net,USER
2132,Gregory,Williams,birdjoshua@example.net,USER
2133,Andrew,Young,rebekah58@example.net,USER
2134,Adrian,Malone,iwilson@example.com,USER
2135,Carlos,Oneal,margaret22@example.net,USER
2136,Victoria,Robinson,susan45@example.net,USER
2137,Natasha,Williams,anna75@example.com,USER
2138,Tyler,Lawson,rodriguezjacob@example.com,USER
2139,Veronica,Salinas,andrewtorres@example.com,USER
2140,Taylor,Mata,usawyer@example.net,USER
2141,Dalton,Osborn,dunntiffany@example.com,USER
2142,Tammy,Hudson,yatesdaniel@example.com,USER
2143,Donna,Brandt,darrenharris@example.com,USER
2144,Jenna,Larson,gbrown@example.org,USER
2145,Joseph,Reynolds,andersonwilliam@example.net,USER
2146,Pamela,Willis,adrianmcneil@example.com,ADMIN
2147,Juan,Orr,adkinsjessica@example.net,USER
2148,Cassandra,Fowler,stevenschultz@example.com,USER
2149,Heather,Donovan,jasonrhodes@example.net,USER
2150,Amber,Stone,nicole28@example.com,USER
2151,Jessica,Richmond,ghunt@example.net,USER
2152,Kendra,Scott,tanyamcdonald@example.net,USER
2153,John,Joseph,newmanthomas@example.com,USER
2154,Brenda,Gilbert,kimberly57@example.net,USER
2155,Rachel,Hopkins,joshua07@example.com,USER
2156,Bonnie,Clayton,otaylor@example.com,USER
2157,Justin,Hall,kgreer@example.org,USER
2158,Hannah,Johnson,john98@example.org,USER
2159,Samantha,Black,murraycatherine@example.net,USER
2160,Tammy,Cox,shannon37@example.com,USER
2161,Robert,Andersen,grayalicia@example.org,USER
2162,Vickie,Byrd,srandall@example.org,USER
2163,Brian,Ramos,drakemary@example.com,USER
2164,Susan,Davis,lesliejohnson@example.net,USER
2165,Aaron,Romero,paulmoore@example.org,USER
2166,James,Dawson,justin33@example.com,USER
2167,Bonnie,Munoz,stephaniecook@example.org,USER
2168,Jessica,Walker,sarahvega@example.com,USER
2169,Leslie,Moore,lawrencelambert@example.com,USER
2170,Lisa,Mitchell,mmoore@example.net,USER
2171,Brian,Taylor,johnolson@example.org,USER
2172,Kelly,Sparks,olivia93@example.net,USER
2173,Michael,Richardson,chatfield@example.org,USER
2174,Benjamin,Jenkins,mking@example.com,USER
2175,Terri,Baker,anne76@example.org,USER
2176,Katie,Rodriguez,saraharper@example.net,USER
2177,Dylan,Rhodes,cameronmark@example.com,USER
2178,Jessica,Garcia,garyhernandez@example.net,USER
2179,Debra,Douglas,diazkenneth@example.com,USER
2180,Angela,Gomez,zuniganathan@example.com,USER
2181,Lisa,Peterson,brent63@example.net,USER
2182,Marvin,Smith,ifreeman@example.net,USER
2183,Laurie,Collins,jessetaylor@example.com,USER
2184,Michaela,Lee,bakermadison@example.org,USER
2185,Anthony,Thompson,richardbennett@example.net,USER
2186,Tonya,Conley,kwu@example.org,USER
2187,Isaiah,Jennings,bryanwallace@example.com,USER
2188,Erica,Morales,cmejia@example.com,USER
2189,Dawn,Moon,hardincarlos@example.com,USER
2190,Erika,Thompson,clarkmelinda@example.com,USER
2191,Kyle,Johnson,kgreene@example.org,USER
2192,Patrick,Chandler,ginafischer@example.org,USER
2193,Brianna,Reid,yangeric@example.com,USER
2194,Krista,Lynch,smithmatthew@example.org,USER
2195,Timothy,Moore,nicoledixon@example.net,USER
2196,Steven,Goodman,shawnbrown@example.com,USER
2197,Christine,Nguyen,jmccormick@example.org,USER
2198,Bryan,Lee,heatherstone@example.net,USER
2199,Julie,Johnson,pollardgary@example.net,USER
2200,Angela,Valenzuela,robert65@example.net,USER
2201,Bethany,Taylor,travis09@example.com,USER
2202,Lori,Short,qmercado@example.com,USER
2203,Eric,Burton,eneal@example.com,USER
2204,Amy,Herrera,alexanderlisa@example.net,USER
2205,Catherine,Butler,xmcdonald@example.org,USER
2206,Virginia,Miller,jashley@example.net,USER
2207,Kirk,Ross,popederek@example.org,USER
2208,Patricia,Mcdaniel,zimmermankatelyn@example.com,USER
2209,David,Johnson,james71@example.net,USER
2210,Zachary,Coleman,paul68@example.net,USER
2211,Alex,Harris,egray@example.net,USER
2212,Mary,Fields,stevenmills@example.org,USER
2213,Nicole,Juarez,dennis53@example.com,USER
2214,Emily,Nelson,fconner@example.net,USER
2215,Cassandra,Rowland,angela87@example.org,USER
2216,Sarah,Wilson,holtkimberly@example.net,USER
2217,Richard,Brennan,richardsonbenjamin@example.com,USER
2218,Deborah,Ramsey,ruizjustin@example.com,USER
2219,Jeremy,Coleman,jessica96@example.com,USER
2220,Holly,Wong,robert05@example.org,USER
2221,Christopher,House,williamstaylor@example.org,USER
2222,Tyler,Mclaughlin,barberalexander@example.org,USER
2223,Edgar,Ortega,wmartin@example.net,USER
2224,Jerry,Fleming,antoniosmith@example.net,USER
2225,George,Santana,ndiaz@example.net,USER
2226,Thomas,Wong,danielle96@example.com,USER
2227,Brooke,Goodman,qgoodman@example.org,USER
2228,Michael,Reyes,elizabeth20@example.com,USER
2229,Christopher,Mitchell,kimberly37@example.com,USER
2230,Benjamin,Leon,christopher33@example.com,USER
2231,Sharon,Lucero,mirandaclarke@example.com,USER
2232,Judith,Wise,hgray@example.net,USER
2233,Erica,Bennett,monroeluke@example.com,USER
2234,Katie,Stokes,qturner@example.org,USER
2235,Lauren,Meyer,fblack@example.com,USER
2236,Joshua,Salazar,lewislori@example.com,USER
2237,Wesley,Jackson,craigsean@example.com,USER
2238,Mark,Cunningham,qclark@example.com,USER
2239,Kathy,Stewart,gdoyle@example.org,USER
2240,Rachel,Davis,bartlettapril@example.net,USER
2241,Michelle,Hayden,robert68@example.net,USER
2242,Angela,Cowan,candace21@example.org,USER
2243,Michael,Ray,porterjason@example.net,USER
2244,Shawn,Benson,heather80@example.org,USER
2245,Nicole,Hernandez,wbaker@example.net,USER
2246,Tammy,Simpson,alanyork@example.com,USER
2247,Amy,Martin,jmorse@example.org,USER
2248,Jennifer,Thomas,nashlinda@example.com,USER
2249,Teresa,Scott,sean60@example.com,USER
2250,Greg,Wright,emullen@example.net,USER
2251,Amy,King,lhatfield@example.org,USER
2252,Jose,Miller,victornichols@example.com,USER
2253,Maurice,Thomas,rodneylin@example.com,USER
2254,Christine,Gordon,ilawrence@example.net,USER
2255,Steven,Ruiz,joshua84@example.com,USER
2256,Katherine,Levy,joshuawilson@example.net,USER
2257,Sara,Taylor,robertzamora@example.org,USER
2258,Hayley,Estes,dwhite@example.com,USER
2259,Elizabeth,Brown,johnhuang@example.net,USER
2260,Carrie,Rodriguez,mckenzie84@example.com,USER
2261,Timothy,Sanchez,richard15@example.com,USER
2262,Angela,Morales,jacquelineallen@example.org,ADMIN
2263,Tammy,Shepherd,sandovalmatthew@example.com,USER
2264,April,Delacruz,curtisjohnson@example.net,USER
2265,David,Reid,john03@example.com,USER
2266,Susan,Thompson,ajones@example.net,USER
2267,Deborah,Mitchell,wbrennan@example.com,USER
2268,Jacob,Brown,andersoncharles@example.net,USER
2269,Holly,Vasquez,angelafreeman@example.org,USER
2270,Rebecca,Butler,heidi45@example.net,USER
2271,Michelle,Rivera,wbennett@example.com,USER
2272,Mark,Whitaker,millsanthony@example.net,USER
2273,Melissa,Becker,matthewjones@example.org,USER
2274,Robin,Mills,creynolds@example.com,USER
2275,Mary,Austin,tlawrence@example.net,USER
2276,Alicia,Collins,victoriapittman@example.com,USER
2277,Shane,Johnson,bradleymiller@example.org,USER
2278,Mary,Jackson,udavis@example.org,USER
2279,Jason,Moore,clarkryan@example.com,USER
2280,Alexandra,Baird,kristinnoble@example.net,USER
2281,Timothy,Price,sduffy@example.net,USER
2282,Kimberly,Lopez,allisonrodgers@example.org,USER
2283,Jennifer,Hernandez,ocole@example.com,USER
2284,Samuel,Miller,russellelizabeth@example.org,USER
2285,Madison,Adams,lisa57@example.org,USER
2286,Matthew,Coleman,stephanieanderson@example.com,USER
2287,Victor,Reeves,brownmark@example.com,USER
2288,Alyssa,Thornton,irobinson@example.com,USER
2289,Jeffrey,Fields,georgecooper@example.com,USER
2290,Sandra,Johnson,kristinawilliams@example.net,USER
2291,Tasha,Rivera,kelly68@example.net,USER
2292,Jessica,Graves,tinaflynn@example.com,USER
2293,Debra,Carter,perrytasha@example.net,USER
2294,Melissa,Jones,swalsh@example.com,USER
2295,Molly,Stevens,vskinner@example.com,USER
2296,Charlotte,Phillips,zachary46@example.com,USER
2297,Julie,Clark,cindyjones@example.net,USER
2298,Frank,Stephens,michael77@example.org,USER
2299,Alex,Sweeney,johnmendez@example.com,USER
2300,Brandi,Watkins,susan64@example.org,USER
2301,Tracy,Johnson,jamie12@example.net,USER
2302,Brandon,Villarreal,barbarajohnson@example.org,USER
2303,John,Dougherty,wdavis@example.com,USER
2304,Douglas,Walker,roger90@example.com,USER
2305,Patricia,Kelley,johnsonemily@example.org,USER
2306,Michael,Robinson,zramirez@example.org,USER
2307,Mark,Ellis,cynthiacole@example.org,USER
2308,William,Murray,sara59@example.com,USER
2309,Donna,Richardson,michael75@example.net,USER
2310,Matthew,Hudson,anthony55@example.net,USER
2311,John,Soto,annawelch@example.com,USER
2312,Danny,Palmer,priscilla83@example.net,USER
2313,Michael,Martin,david52@example.org,USER
2314,Sherri,Shannon,kimberlyjones@example.net,USER
2315,Lawrence,Russo,christophercollier@example.com,USER
2316,Travis,Page,eduardo30@example.net,USER
2317,Derek,Mccoy,steven08@example.net,USER
2318,Kim,Thomas,lopezjessica@example.net,USER
2319,Michele,Jackson,floydjoann@example.com,USER
2320,Natalie,Mitchell,brandilutz@example.com,USER
2321,Jesus,Schneider,johnstonchristopher@example.net,USER
2322,Christopher,Arnold,wardmaria@example.org,USER
2323,Michael,Armstrong,zimmermanjustin@example.com,USER
2324,Cathy,King,laurenrios@example.org,USER
2325,Mark,Russell,spencerbrooke@example.org,USER
2326,James,Turner,joseshaw@example.com,USER
2327,Thomas,Harris,dholt@example.com,USER
2328,Amy,Miller,iallen@example.org,USER
2329,Kayla,Hernandez,christineandrade@example.net,USER
2330,James,Miller,benjaminroberts@example.com,USER
2331,Ann,Martin,hawkinsdeanna@example.net,USER
2332,Chad,James,xturner@example.org,USER
2333,Jacob,Summers,lowemisty@example.org,USER
2334,William,Jones,jameslong@example.net,USER
2335,Jessica,Horton,ramosedward@example.com,USER
2336,Nicole,Garrett,tbrown@example.net,USER
2337,Nichole,Mooney,pmiller@example.org,USER
2338,Hannah,Winters,montgomerypamela@example.com,USER
2339,Kelly,Morris,rodriguezjennifer@example.org,USER
2340,Andrew,Clay,josephlloyd@example.net,USER
2341,Micheal,Johnson,hjones@example.com,USER
2342,Kayla,Cooper,wchavez@example.net,USER
2343,Eric,Zimmerman,ehernandez@example.com,USER
2344,Katelyn,Clark,mjohnson@example.net,USER
2345,Tyler,Day,davisteresa@example.net,USER
2346,Julie,Hammond,kaylee70@example.org,USER
2347,Kathleen,Berry,nheath@example.org,USER
2348,Roger,Kane,smithbrittney@example.com,USER
2349,Richard,Harper,msanders@example.org,USER
2350,Michelle,Taylor,jefferymurray@example.org,USER
2351,Trevor,Harmon,alexandra00@example.net,USER
2352,Tyler,Gentry,diana86@example.org,USER
2353,John,Robinson,meganlloyd@example.com,USER
2354,Matthew,Nichols,scarter@example.net,USER
2355,Heather,Arnold,johnrogers@example.net,USER
2356,Adam,Lane,douglasrosales@example.com,USER
2357,Robin,Roberson,ginapierce@example.com,USER
2358,Julia,Kelly,lewiskayla@example.net,USER
2359,Stephanie,Harrington,samanthastone@example.org,USER
2360,Kimberly,Young,ndaniels@example.net,USER
2361,Jennifer,Gonzalez,dustinallen@example.org,USER
2362,Antonio,Neal,xscott@example.net,ADMIN
2363,Larry,Fisher,zachary74@example.org,USER
2364,Philip,Henry,andersonrichard@example.org,USER
2365,Stephen,Reed,baileycastillo@example.org,USER
2366,David,Howard,adam11@example.net,USER
2367,Kimberly,King,woodgregory@example.org,USER
2368,Jasmine,Dawson,esnow@example.com,USER
2369,Amber,Wilson,paul03@example.com,ADMIN
2370,Charles,Black,reginaldgoodman@example.com,ADMIN
2371,Matthew,Fletcher,nicholas54@example.org,USER
2372,Judith,Mason,noahmullins@example.org,USER
2373,Vincent,Davis,lindsay34@example.net,USER
2374,Joseph,Parks,victoria95@example.net,USER
2375,Robert,Coleman,halladam@example.org,USER
2376,Christopher,Moses,edwinrowe@example.org,USER
2377,Tanya,Bennett,rmeadows@example.org,USER
2378,Hannah,Pearson,zmanning@example.org,USER
2379,Peter,Moreno,dominique09@example.com,USER
2380,Mary,Mccoy,whitneybrenda@example.com,USER
2381,Anthony,Moran,russellsamantha@example.com,USER
2382,Antonio,Wilson,robertsteele@example.com,USER
2383,Melissa,Molina,allenlisa@example.net,USER
2384,Johnathan,Nelson,chess@example.org,USER
2385,Hannah,Thompson,vreilly@example.net,USER
2386,Donna,Rogers,torreshoward@example.com,USER
2387,Jonathan,Austin,vpatterson@example.com,USER
2388,Devon,Miller,skirby@example.com,USER
2389,Megan,Anderson,gary00@example.org,USER
2390,Robert,Conrad,wongsean@example.com,USER
2391,Kevin,Carpenter,heidi59@example.org,USER
2392,Jim,Craig,jdawson@example.org,USER
2393,Madeline,Henderson,rhiggins@example.net,ADMIN
2394,Melissa,Brown,jsmith@example.org,USER
2395,David,Joseph,daisy57@example.com,USER
2396,Stephanie,Rojas,blakenelson@example.net,USER
2397,Kevin,Campbell,glenn35@example.net,USER
2398,Michael,Hernandez,daniellewebb@example.net,USER
2399,Amanda,Kennedy,michele79@example.net,USER
2400,David,Clark,robertnguyen@example.com,USER
2401,Dana,Sampson,fdavis@example.com,USER
2402,Zachary,Anderson,houstonmichelle@example.com,USER
2403,Susan,Leonard,charles07@example.net,USER
2404,Barbara,Wilson,twilson@example.com,USER
2405,Jonathan,Reyes,faulkneryvonne@example.net,USER
2406,John,Chang,tcox@example.org,USER
2407,Jessica,Turner,ulewis@example.net,USER
2408,Zachary,Payne,tara23@example.com,USER
2409,Zoe,Caldwell,anita77@example.org,USER
2410,Brian,Castro,chenmatthew@example.org,USER
2411,Matthew,Davis,potterjessica@example.net,USER
2412,Maria,Pierce,karisullivan@example.net,USER
2413,Teresa,Brown,awade@example.net,USER
2414,Andrew,Weaver,renee38@example.org,USER
2415,Maria,Lucas,stephen64@example.com,USER
2416,Katherine,Barnett,theresamack@example.org,USER
2417,Maria,Lopez,wsmith@example.net,USER
2418,Brittney,Riggs,pwilliams@example.com,ADMIN
2419,Abigail,Brown,tellison@example.com,USER
2420,Karen,Crosby,frankjimenez@example.net,USER
2421,Austin,Maynard,joshuanelson@example.org,USER
2422,Emily,Holt,isharp@example.com,USER
2423,Michelle,Peck,christinabailey@example.com,USER
2424,Lauren,Nunez,lisa65@example.com,USER
2425,Dean,Ruiz,erica19@example.net,USER
2426,Ethan,Garcia,tyrone95@example.org,USER
2427,Michele,Drake,kyleduran@example.org,USER
2428,Bruce,Kim,randyfrey@example.org,USER
2429,Brian,Martinez,qalvarado@example.com,USER
2430,George,House,awalker@example.net,USER
2431,Renee,Blake,qmolina@example.org,USER
2432,Jessica,Perez,reynoldsmatthew@example.net,USER
2433,Eddie,Marshall,irichardson@example.com,USER
2434,Jean,Gonzalez,brownlauren@example.org,USER
2435,Reginald,Glass,nburke@example.org,USER
2436,Derek,Hamilton,victoriaanderson@example.net,USER
2437,Sherry,Terry,kerritownsend@example.org,USER
2438,Steven,Woodard,tylerthompson@example.com,USER
2439,Karen,Clark,halljerome@example.com,USER
2440,Makayla,Quinn,smithheather@example.com,USER
2441,Douglas,Clark,harrissean@example.com,USER
2442,James,Hall,feliciachen@example.net,USER
2443,Paige,Robertson,michael12@example.com,ADMIN
2444,Debbie,Macdonald,adamsjeffery@example.org,USER
2445,Brittany,Owen,karen17@example.com,USER
2446,Ashley,Cruz,englishdenise@example.com,USER
2447,Kenneth,Richard,kyle21@example.com,USER
2448,Tracy,Horton,stevenbarnett@example.com,USER
2449,Keith,Morris,crystalcole@example.net,USER
2450,Tara,Donaldson,xboyd@example.net,USER
2451,James,Swanson,aliciahawkins@example.net,USER
2452,Leah,Johnson,maustin@example.com,USER
2453,Robin,Rhodes,ericamiller@example.com,USER
2454,Andrew,Martin,katherine65@example.com,USER
2455,Kimberly,Becker,andersonalexander@example.com,USER
2456,Ryan,Buck,xlittle@example.org,USER
2457,Richard,Ellis,troy71@example.com,USER
2458,Maria,Ray,jwright@example.net,USER
2459,Michael,Gilbert,hallmatthew@example.com,USER
2460,Dwayne,Harrison,ericnguyen@example.net,USER
2461,Katherine,Allen,kphillips@example.net,USER
2462,Valerie,Perez,christina94@example.org,USER
2463,James,Hart,kristin46@example.com,USER
2464,Ryan,Bates,james70@example.net,USER
2465,Tracy,Johnson,joannadavis@example.net,USER
2466,Dwayne,Roman,ycase@example.net,USER
2467,Nicholas,Vega,michaelmyers@example.com,ADMIN
2468,Jamie,Bush,georgeblair@example.com,USER
2469,Samantha,Hayes,carmenjones@example.net,USER
2470,Peter,Robles,johnsonalex@example.net,USER
2471,April,Foster,adkinsjared@example.net,USER
2472,Eric,Collins,jayala@example.net,USER
2473,Courtney,Gonzalez,npalmer@example.com,USER
2474,Crystal,Ramirez,yfrey@example.org,USER
2475,Kristin,Jensen,greenetyler@example.com,USER
2476,Kelly,Pace,danielle81@example.org,USER
2477,Justin,Potter,jenniferbarnes@example.net,USER
2478,Mary,Scott,smcguire@example.org,USER
2479,Amber,Tate,manningkristin@example.net,USER
2480,Mark,Mason,hopkinspaul@example.com,USER
2481,Samantha,Miller,scottlindsey@example.com,USER
2482,Jody,Ramos,tiffanyhill@example.com,USER
2483,Michael,Obrien,nromero@example.org,USER
2484,Wesley,Foster,brian30@example.net,USER
2485,Michelle,Newman,zramirez@example.net,USER
2486,Stephanie,Martin,kennethgolden@example.com,USER
2487,John,Sullivan,gregory12@example.org,USER
2488,Gina,Price,williambrown@example.net,USER
2489,Amy,Clark,robert46@example.com,USER
2490,Aaron,Evans,lewisrichard@example.com,USER
2491,Joshua,Jordan,sandovalnicole@example.com,USER
2492,Christopher,Thompson,bradley39@example.net,USER
2493,Richard,Edwards,andrea68@example.net,USER
2494,Sara,Jones,williamsmaria@example.org,USER
2495,Lee,Guzman,jayanderson@example.net,USER
2496,Robert,Espinoza,osmith@example.net,USER
2497,Lee,Curry,jacksonmatthew@example.com,USER
2498,James,Stone,freynicole@example.org,USER
2499,Jack,Phillips,melissa18@example.org,USER
2500,Rhonda,Hansen,padkins@example.org,USER
2501,Carla,Lawson,lopezrichard@example.net,USER
2502,Nathaniel,Wiley,david19@example.org,USER
2503,Martha,Ray,bmiller@example.net,USER
2504,Travis,Webb,maychelsey@example.org,USER
2505,Carla,Harris,karengould@example.net,USER
2506,Rebecca,Best,andre19@example.com,USER
2507,Christopher,Estes,jaredtaylor@example.org,USER
2508,Joshua,Gomez,bobbysavage@example.com,ADMIN
2509,Blake,Williams,timothylowe@example.com,USER
2510,Tyler,Boyd,paul74@example.net,USER
2511,Adam,Ross,vaughnpaula@example.org,USER
2512,Rebecca,Mccormick,jennifersantos@example.org,USER
2513,Virginia,Vargas,sherry65@example.com,USER
2514,Emily,Jackson,spencerbrandon@example.net,USER
2515,Bryan,Miller,contrerasdavid@example.net,USER
2516,Jennifer,Chan,jameswhite@example.com,USER
2517,Brandy,Reese,icarpenter@example.org,USER
2518,Ruben,Hernandez,gibbslisa@example.com,USER
2519,Carol,Peters,singletonnicole@example.net,USER
2520,Paul,Rodriguez,ddalton@example.com,USER
2521,Michael,Cooper,brownkaren@example.org,USER
2522,Laura,Smith,sullivanjoshua@example.org,USER
2523,Shelly,Wu,kingjulie@example.com,USER
2524,Mary,Walter,holtvictor@example.org,USER
2525,Jonathan,Brock,joshuaelliott@example.com,USER
2526,Juan,Hutchinson,wilkinsalexander@example.net,USER
2527,Lisa,Singh,gutierrezdavid@example.com,USER
2528,Jose,Ross,gabriellelittle@example.com,ADMIN
2529,Ashley,Williams,donald41@example.com,USER
2530,Douglas,Montgomery,robertsmichael@example.net,USER
2531,Scott,Jordan,melanie84@example.com,USER
2532,Richard,Myers,humphreylindsay@example.org,USER
2533,Brady,Myers,tyler86@example.org,USER
2534,Taylor,Carter,uwu@example.net,USER
2535,Rebecca,Taylor,zanderson@example.com,USER
2536,Susan,Miller,xhughes@example.net,USER
2537,Amber,Graham,kyleboyd@example.com,USER
2538,Lindsey,Ross,cwebb@example.org,USER
2539,Randy,Gray,rreese@example.com,USER
2540,Bradley,Brown,lydia72@example.org,USER
2541,Christopher,Pace,earl23@example.com,USER
2542,Edward,Carey,aguerra@example.net,USER
2543,Manuel,Hood,caroline17@example.org,USER
2544,Daniel,Sosa,morganedward@example.net,USER
2545,Michael,Dennis,marksaunders@example.org,USER
2546,Jennifer,Robertson,samantha05@example.net,USER
2547,Susan,Hanson,elizabeth32@example.org,USER
2548,Jessica,Dawson,munoznicole@example.net,USER
2549,Joseph,Scott,jessicamcguire@example.com,USER
2550,Regina,Davidson,campbellanthony@example.net,ADMIN
2551,Sara,Washington,josephmeadows@example.org,USER
2552,Erin,Reid,ivargas@example.org,USER
2553,Hannah,Torres,colinwilson@example.net,USER
2554,Dylan,Davis,kdean@example.net,USER
2555,Rachel,Holmes,delgadosusan@example.net,USER
2556,Ashley,Hernandez,francisco65@example.com,USER
2557,April,Jensen,rcochran@example.com,USER
2558,Michael,Wells,kimberly52@example.com,USER
2559,Jason,Park,jamestodd@example.com,USER
2560,Madison,Hernandez,kenneth22@example.net,USER
2561,Marc,Murphy,nolantara@example.net,USER
2562,Angela,Lopez,riveratraci@example.com,USER
2563,Matthew,Hall,williamruiz@example.org,USER
2564,Valerie,Alexander,ygraham@example.net,USER
2565,Bradley,Anderson,tevans@example.net,USER
2566,Maria,Griffin,briankennedy@example.org,USER
2567,Charles,Wilkinson,jenniferprice@example.com,USER
2568,Cassandra,Garcia,randydavis@example.net,USER
2569,Austin,Skinner,scottstephanie@example.org,USER
2570,Adam,Fuentes,trujillochristopher@example.com,USER
2571,Michael,Garza,wvelazquez@example.net,USER
2572,Steven,Nelson,jasonlarson@example.net,USER
2573,Melissa,Davis,suttonmichael@example.org,USER
2574,Lori,Eaton,bmartin@example.net,ADMIN
2575,Tanner,Davis,francislatoya@example.com,USER
2576,Jeremy,Turner,tdiaz@example.net,USER
2577,Jacqueline,Cervantes,usims@example.net,USER
2578,Alexandra,Davis,dhunt@example.net,USER
2579,Wendy,Lamb,darrellarmstrong@example.org,USER
2580,Victor,Scott,okim@example.net,USER
2581,David,Leach,cisnerosjason@example.org,USER
2582,Ethan,Lopez,joseph07@example.org,USER
2583,Keith,Clark,hooperjessica@example.net,USER
2584,Natalie,Fox,tpeters@example.com,USER
2585,Thomas,Garrison,adam03@example.com,USER
2586,Paul,Heath,richard07@example.com,USER
2587,Suzanne,Taylor,davidrasmussen@example.net,USER
2588,Deanna,Martinez,michelegordon@example.net,USER
2589,Frederick,Peters,kathryn26@example.com,USER
2590,Jeanette,Lewis,jamessmith@example.com,USER
2591,Jennifer,Ward,qhudson@example.org,USER
2592,Rachel,Morales,rjohnson@example.net,USER
2593,Michael,Hall,jamesvaldez@example.com,USER
2594,Jamie,Peterson,beth81@example.org,USER
2595,Tammy,Barrett,jbell@example.com,USER
2596,Howard,Johnson,wellsjasmine@example.com,USER
2597,Angie,Swanson,kristinaking@example.net,USER
2598,Cody,Norris,beth58@example.net,USER
2599,Jenna,Armstrong,garrett93@example.com,USER
2600,Audrey,Gonzalez,clarkmelissa@example.org,USER
2601,Renee,Long,zthompson@example.com,USER
2602,Ronald,Vasquez,xjones@example.com,USER
2603,Christopher,Scott,richardsjeffrey@example.net,USER
2604,Andrew,Kelley,harold72@example.org,ADMIN
2605,James,Lawson,hatkinson@example.com,USER
2606,Michelle,Johnson,millerchelsea@example.com,USER
2607,Kyle,Rasmussen,justin36@example.com,USER
2608,Victor,Moore,greenbrenda@example.org,USER
2609,Christopher,Shields,ydavis@example.com,USER
2610,Margaret,Padilla,collinscourtney@example.net,USER
2611,Carrie,Sosa,tina73@example.net,USER
2612,Doris,Johnson,kaustin@example.com,USER
2613,Steven,Hall,cwhite@example.net,USER
2614,Emma,Wilson,kathleenellis@example.com,USER
2615,Kevin,Craig,coxlauren@example.net,USER
2616,Ariel,Pollard,rhonda97@example.org,USER
2617,Elizabeth,Mullins,michael79@example.org,USER
2618,Eric,Walter,hsmith@example.net,USER
2619,Matthew,Byrd,basssteven@example.com,USER
2620,Jamie,Stokes,lsmith@example.com,USER
2621,William,Russell,cwebster@example.net,USER
2622,Matthew,Jacobs,shellymason@example.com,USER
2623,Michelle,Meyers,maria36@example.com,USER
2624,Joseph,Crawford,patrickhernandez@example.com,USER
2625,Mary,Barrett,brooke45@example.net,USER
2626,Sean,Figueroa,lmontgomery@example.net,USER
2627,Joseph,Ramos,baileymeagan@example.net,USER
2628,John,Nash,michelle02@example.com,USER
2629,Andrew,Diaz,msimpson@example.net,USER
2630,Adam,Hardy,oedwards@example.net,USER
2631,Cindy,Cook,younglinda@example.com,USER
2632,Joshua,Camacho,mejiatimothy@example.org,USER
2633,Nicholas,Patel,jessicawatson@example.com,USER
2634,Betty,Lopez,wrightcarolyn@example.com,USER
2635,Theresa,Warren,lisa07@example.org,USER
2636,Stephen,Brown,christopher06@example.org,USER
2637,Gregory,Mayo,mary51@example.org,USER
2638,Leah,Suarez,oward@example.net,USER
2639,Shannon,Perkins,jamescarter@example.com,USER
2640,Tanner,Holland,heather66@example.net,USER
2641,Benjamin,Robinson,rebeccagonzalez@example.net,USER
2642,Christine,Baker,brooke09@example.com,USER
2643,Lisa,Jones,smithcourtney@example.com,USER
2644,Brady,Brock,flemingcaitlyn@example.org,USER
2645,Peter,Davila,brittany77@example.net,USER
2646,Cynthia,Harris,wendyroy@example.org,USER
2647,Ronald,Baker,pamelawest@example.net,USER
2648,Nathan,Mccarthy,nrice@example.com,USER
2649,Andrew,Stokes,elizabeth26@example.org,USER
2650,Jacob,Mcdonald,evalencia@example.com,USER
2651,Ryan,Ruiz,smiller@example.net,USER
2652,Erin,Wilson,carolallen@example.net,USER
2653,Raymond,Davis,ashleyanderson@example.com,USER
2654,Steven,Cox,susan13@example.org,USER
2655,Tyrone,Mcconnell,burnscarl@example.org,USER
2656,Courtney,Molina,david06@example.com,USER
2657,Billy,Johnson,wrose@example.net,USER
2658,Erin,Turner,william30@example.org,USER
2659,Jonathan,Skinner,steven65@example.net,ADMIN
2660,Justin,Gregory,natalie92@example.com,USER
2661,Jack,Brown,lopezmichelle@example.net,USER
2662,Misty,Hunter,qlara@example.org,USER
2663,Jodi,Miller,umanning@example.net,USER
2664,Claudia,Poole,victoria08@example.net,USER
2665,Donna,Santana,andrewforbes@example.net,USER
2666,Arthur,Sims,ryan52@example.com,USER
2667,Christine,Harrington,paulerik@example.net,USER
2668,Benjamin,Anderson,ojames@example.org,USER
2669,Susan,Carson,reneehoward@example.com,USER
2670,Michael,Costa,anthonyharper@example.net,USER
2671,David,Gomez,brockfelicia@example.org,USER
2672,Sandra,Johnson,michelleburton@example.com,USER
2673,Jason,Hansen,adam42@example.org,USER
2674,Christian,Meza,hollychang@example.net,USER
2675,Melissa,Mahoney,lindseybrown@example.net,USER
2676,Nancy,Casey,knightrenee@example.org,USER
2677,Regina,Reed,jeanne38@example.com,USER
2678,Scott,Summers,ldyer@example.net,USER
2679,Shelley,Hernandez,danielle53@example.net,USER
2680,Maria,Brooks,nicholstodd@example.net,USER
2681,Jacob,Robertson,samuelhill@example.org,USER
2682,Brenda,Parrish,gordonjack@example.com,USER
2683,Michael,Owens,yschroeder@example.net,USER
2684,Doris,Miller,brittany30@example.net,USER
2685,David,Henderson,megan48@example.com,USER
2686,Paul,Leonard,alexis48@example.net,USER
2687,Juan,Stevenson,jillian89@example.org,USER
2688,Destiny,Roberts,blake50@example.com,USER
2689,Sarah,Gutierrez,michael59@example.net,USER
2690,Lauren,Villa,michelle88@example.org,USER
2691,Michele,Romero,elizabethgriffin@example.com,USER
2692,Kevin,Saunders,fburton@example.com,USER
2693,Nathan,Russo,justin12@example.org,USER
2694,Willie,Hernandez,jill37@example.net,USER
2695,Theodore,Johnson,sbrown@example.com,USER
2696,Patricia,Greene,amy49@example.net,USER
2697,Jo,Murray,sandra16@example.com,USER
2698,David,Byrd,kristin71@example.org,USER
2699,Mark,Willis,rachel27@example.com,USER
2700,Sean,Hanson,bennettdavid@example.org,USER
2701,Rhonda,Odom,james14@example.com,USER
2702,Stacy,Steele,joshuacrawford@example.net,USER
2703,Lori,Brown,susan58@example.org,USER
2704,Kristy,Gomez,pam56@example.org,USER
2705,Susan,Coleman,jamesbauer@example.net,USER
2706,Timothy,Waller,dperry@example.net,USER
2707,Lori,Salazar,turnerlinda@example.net,USER
2708,Christopher,Shaw,carterchristopher@example.org,USER
2709,Mitchell,Rivera,xhansen@example.org,USER
2710,Clayton,Robbins,oaguilar@example.com,USER
2711,Angela,Eaton,monicabarnett@example.com,USER
2712,Barry,Johnston,debbie01@example.org,USER
2713,Miguel,Tyler,carladavis@example.com,USER
2714,Maureen,Thompson,richardwilliams@example.net,USER
2715,Jean,Parks,jasmineshepard@example.com,USER
2716,John,Matthews,reneewade@example.org,USER
2717,Amy,Fields,sherrygamble@example.org,ADMIN
2718,Anita,Mendez,justin78@example.org,USER
2719,Karen,Gutierrez,preynolds@example.net,USER
2720,Nicole,Gilmore,jocelynstephens@example.com,USER
2721,William,Davis,jacob66@example.com,USER
2722,Timothy,Hernandez,bparker@example.com,USER
2723,Steven,Hansen,kathleengreene@example.com,USER
2724,Richard,Ramos,april87@example.com,USER
2725,Mallory,Turner,larryfox@example.net,USER
2726,Christopher,Randolph,patrick93@example.net,USER
2727,Christina,Rogers,patrickmark@example.com,USER
2728,Richard,Valdez,christinasmith@example.org,USER
2729,Courtney,Sparks,bradfordsheila@example.com,USER
2730,Joseph,Friedman,qmyers@example.net,USER
2731,Caleb,Merritt,maryray@example.org,USER
2732,John,Barton,josephcastro@example.org,USER
2733,Jacob,Williams,fclark@example.net,USER
2734,Angela,Nelson,elowe@example.org,USER
2735,Xavier,Vasquez,jasmine85@example.com,USER
2736,Walter,Williams,kristin59@example.com,USER
2737,Glenda,Gentry,emma76@example.net,USER
2738,Lori,Moon,margaret78@example.com,USER
2739,Anna,Smith,matthew26@example.net,USER
2740,Kaitlyn,Pearson,danielle94@example.org,USER
2741,Tammy,Sexton,stevenrichardson@example.org,USER
2742,Jonathan,Hamilton,nicolemarsh@example.org,USER
2743,Bobby,Carter,hooperwilliam@example.com,USER
2744,John,Baldwin,derrick35@example.org,USER
2745,Crystal,Davis,emily05@example.com,USER
2746,Nathaniel,Garcia,lesliephelps@example.com,USER
2747,Brandon,Miller,vanessa22@example.net,USER
2748,Anna,Parrish,anolan@example.net,USER
2749,Wanda,Lopez,spowers@example.net,USER
2750,Brandon,Ramirez,jamesdavis@example.com,USER
2751,Billy,Holden,doyletravis@example.org,USER
2752,Michael,Martinez,ricemichael@example.net,USER
2753,Kimberly,Hull,mcox@example.org,USER
2754,Matthew,Anderson,warnermichael@example.net,USER
2755,Ruben,Bernard,jason83@example.org,USER
2756,Larry,Dillon,vmendoza@example.net,USER
2757,Michael,Walker,mjones@example.org,USER
2758,Penny,Good,moralesbriana@example.com,USER
2759,Matthew,Boyle,crodriguez@example.org,USER
2760,Tammy,Moore,john92@example.com,USER
2761,Julian,Marsh,robertjenkins@example.com,USER
2762,Melissa,Thompson,richardstrong@example.com,USER
2763,Matthew,Johnson,johnnguyen@example.com,USER
2764,Edward,Bryant,patriciacraig@example.com,USER
2765,Crystal,Kennedy,thomasjennifer@example.org,USER
2766,Adrian,Small,rebecca68@example.com,USER
2767,Bobby,Riley,steven11@example.org,USER
2768,Christopher,Mills,schavez@example.net,USER
2769,James,White,michaelflynn@example.net,USER
2770,Linda,Wolf,alvingrimes@example.com,USER
2771,Alyssa,Gross,tanya65@example.com,USER
2772,Lisa,Kemp,jacob18@example.org,USER
2773,Antonio,Nelson,avega@example.net,USER
2774,Allison,Cook,jocelyn90@example.org,USER
2775,Jennifer,Torres,morriskevin@example.net,USER
2776,Antonio,Stewart,lawsonjames@example.com,USER
2777,Kim,Cummings,tinaharris@example.org,USER
2778,Adam,Olson,holly37@example.net,USER
2779,Monica,Smith,david43@example.com,USER
2780,Sarah,Johnson,codyford@example.net,USER
2781,Joseph,Brown,matthewgraves@example.net,USER
2782,Gene,Roach,michelleknapp@example.net,USER
2783,Lori,Garner,colemary@example.net,USER
2784,Neil,Rice,cgray@example.com,USER
2785,Benjamin,Munoz,pcrane@example.net,USER
2786,Kim,Allen,pollardgina@example.net,USER
2787,Michael,Bryan,schroedercatherine@example.net,USER
2788,Jaime,Love,freemanjason@example.com,USER
2789,Karl,Porter,jennifer06@example.com,USER
2790,Janet,Solis,sarah52@example.net,USER
2791,Matthew,Harris,stuart76@example.com,USER
2792,Adam,Green,mollyharrison@example.net,USER
2793,Luke,Thomas,shannoncarpenter@example.org,USER
2794,Robert,Wolf,efrench@example.org,USER
2795,Ann,Hunt,stevensonanthony@example.net,USER
2796,Olivia,French,lroberson@example.net,USER
2797,Carlos,Ramirez,olsencarlos@example.com,USER
2798,Brandon,Brennan,victorsullivan@example.org,USER
2799,Alison,Cooper,fmarshall@example.com,USER
2800,Kristen,Miller,yanderson@example.net,USER
2801,David,Benjamin,hartronald@example.net,USER
2802,Kendra,Greene,btorres@example.com,USER
2803,Shannon,Reid,peter91@example.net,USER
2804,Lisa,Hernandez,michelle13@example.com,USER
2805,Richard,Foley,urobles@example.net,ADMIN
2806,Kimberly,Bishop,brady75@example.org,USER
2807,Roger,Burgess,mfowler@example.com,USER
2808,Amber,Arnold,burnstyler@example.net,USER
2809,Shannon,Baird,phayes@example.com,USER
2810,Michelle,Mendez,diamond43@example.net,USER
2811,Joe,Hughes,lwalton@example.com,USER
2812,Duane,Johnson,carrbryan@example.com,USER
2813,Patricia,Simmons,hernandezlisa@example.org,USER
2814,Barbara,Carroll,jasonallen@example.org,USER
2815,Jason,Jones,chawkins@example.com,USER
2816,Danielle,Moreno,pbrooks@example.com,USER
2817,Megan,Thompson,briangeorge@example.com,USER
2818,Kimberly,Blanchard,timothy11@example.org,USER
2819,Angelica,Powell,kellyrichardson@example.com,USER
2820,Jerry,Beltran,derrickwalker@example.com,USER
2821,Deanna,Dixon,rebecca03@example.net,USER
2822,Debra,Jennings,wbrooks@example.net,USER
2823,Deborah,Stewart,fschwartz@example.net,USER
2824,Timothy,Kirk,ellisjames@example.org,USER
2825,Elizabeth,Lewis,jamie38@example.net,USER
2826,Charles,Vaughn,lbell@example.org,USER
2827,Rachel,Stevens,montgomeryzachary@example.net,USER
2828,Kristin,James,shannon56@example.org,USER
2829,Nicole,Scott,barbararussell@example.com,USER
2830,Pamela,Gibbs,drakeamanda@example.com,USER
2831,Allen,Armstrong,jeremy94@example.com,USER
2832,Laurie,Brown,smithdustin@example.com,USER
2833,Kimberly,Watkins,cindy54@example.net,USER
2834,Edward,Mccall,rodriguezalicia@example.org,ADMIN
2835,William,Wiley,ncarr@example.net,USER
2836,Daniel,Chung,mikemaddox@example.com,USER
2837,Jason,Parker,garciamark@example.com,USER
2838,Benjamin,Lopez,dwood@example.net,USER
2839,Christopher,Levine,rmitchell@example.org,USER
2840,Patrick,Turner,regina46@example.org,USER
2841,Aaron,Thompson,rivasmatthew@example.com,USER
2842,Laura,Dean,douglaswright@example.com,USER
2843,Adam,Copeland,potterjohn@example.com,USER
2844,Jeremy,Cruz,hulllaurie@example.com,USER
2845,Marissa,Green,lebrent@example.org,USER
2846,Laura,Wright,williamsbelinda@example.com,USER
2847,Daniel,Lee,charleschen@example.net,USER
2848,Christopher,Thompson,gabrielschultz@example.com,USER
2849,Matthew,Jones,whiteheadmatthew@example.com,USER
2850,Elizabeth,Miller,joseph33@example.net,USER
2851,James,Myers,taylormatthew@example.net,USER
2852,Lauren,Jones,uhorton@example.net,USER
2853,Darryl,Lucas,estradajessica@example.net,USER
2854,George,Brown,gregory49@example.org,USER
2855,George,Olsen,daycurtis@example.com,USER
2856,Ernest,Aguilar,william41@example.com,USER
2857,Adam,Miller,heather69@example.net,USER
2858,Jake,Martinez,robertmoore@example.org,USER
2859,Maria,Hoover,rodriguezkevin@example.org,USER
2860,Edwin,Harvey,jacqueline69@example.net,USER
2861,William,Meyer,tcox@example.net,USER
2862,Charles,Daniels,zlopez@example.net,USER
2863,David,Bates,ueaton@example.net,USER
2864,Stephanie,Gentry,sue91@example.com,USER
2865,James,Hernandez,castroanthony@example.org,USER
2866,Corey,Brown,nicole31@example.com,USER
2867,Richard,Rich,paigeyoung@example.org,USER
2868,Amy,Villa,acostadylan@example.net,USER
2869,Nancy,Morse,sotoyvette@example.org,USER
2870,Alejandro,Taylor,sharonponce@example.com,USER
2871,Erik,Herrera,cmarsh@example.com,USER
2872,Paul,Collins,christinedennis@example.net,USER
2873,Victoria,Peck,bbowman@example.net,USER
2874,Randall,Harrison,matajaclyn@example.com,USER
2875,Tommy,Anderson,colematthew@example.com,USER
2876,Megan,Williams,marissahale@example.com,USER
2877,Melissa,Smith,jlevy@example.com,USER
2878,Lauren,Brock,melvinwhite@example.com,USER
2879,Keith,Brown,brittneywashington@example.com,USER
2880,Karen,Ashley,beverlyflores@example.org,USER
2881,Jeffrey,Sandoval,lauradixon@example.org,USER
2882,Rebecca,Wong,kimberlystevens@example.net,USER
2883,Ronald,Smith,hilldebra@example.org,USER
2884,Michael,Sloan,christianmendez@example.com,USER
2885,Beth,Jones,swansonerin@example.net,USER
2886,Jacob,Miller,lucasedwards@example.com,USER
2887,Jennifer,Reed,plucero@example.org,USER
2888,Tyler,Brooks,ashley99@example.net,USER
2889,Laura,Ross,stephen86@example.net,USER
2890,Susan,Martinez,youngsarah@example.com,USER
2891,Rhonda,Howard,andrea54@example.net,USER
2892,George,Mccullough,matthew33@example.net,USER
2893,Austin,Murphy,bellcole@example.com,USER
2894,Jared,Barker,mccalljane@example.org,USER
2895,Anthony,Jenkins,matthew36@example.org,USER
2896,Richard,Kelly,bendermatthew@example.org,USER
2897,Johnathan,Henry,jandrade@example.org,USER
2898,John,Taylor,ybridges@example.com,USER
2899,Miranda,Rosario,nicolemckenzie@example.org,USER
2900,Jay,Petersen,taylorchristopher@example.org,USER
2901,Olivia,Marks,michaelvalencia@example.net,USER
2902,Scott,Fleming,natalie11@example.org,USER
2903,Scott,Stewart,fsanchez@example.org,USER
2904,Chad,Torres,johntravis@example.org,USER
2905,Wendy,Gordon,terribrown@example.com,USER
2906,Jessica,Cook,emily00@example.org,USER
2907,Lisa,Patel,sanchezrobert@example.net,USER
2908,Stephanie,Espinoza,hardindavid@example.net,USER
2909,Eric,Jones,andrew17@example.org,USER
2910,Dennis,Green,obrown@example.net,USER
2911,Thomas,Griffin,isaiahbrown@example.net,USER
2912,Catherine,Mendoza,clarkdavid@example.org,USER
2913,Joshua,Newman,uscott@example.org,USER
2914,Kristopher,Anderson,jenkinscarl@example.org,USER
2915,Linda,Phillips,daniel13@example.com,USER
2916,Michael,Choi,iduncan@example.org,USER
2917,Jennifer,Wolf,gabrielleanderson@example.org,USER
2918,Candice,Howard,fanderson@example.com,USER
2919,Nicholas,Norman,despinoza@example.com,USER
2920,Rodney,Moss,michelle38@example.com,USER
2921,Steven,Jones,catherinemiller@example.net,USER
2922,Jeffrey,Bryant,bobbyhunter@example.org,USER
2923,Benjamin,Ward,luis86@example.net,USER
2924,Lindsey,Miller,oclayton@example.com,ADMIN
2925,Daniel,Peters,jimenezterri@example.net,USER
2926,Richard,Collins,wrightcynthia@example.org,USER
2927,Michael,Washington,william93@example.net,USER
2928,Daniel,Rollins,john62@example.org,USER
2929,Michael,Ramirez,carolyn39@example.org,USER
2930,Shane,Craig,johnathan63@example.net,USER
2931,Lee,Fisher,dsmith@example.net,USER
2932,Taylor,Reid,james84@example.org,USER
2933,Brian,Woodard,faith55@example.org,USER
2934,Emily,Adams,colesheila@example.net,USER
2935,Jean,Byrd,gmcdonald@example.net,USER
2936,Amanda,Lang,dawnmerritt@example.org,USER
2937,Theresa,Lloyd,yangstanley@example.org,USER
2938,Erin,Smith,andrew94@example.com,USER
2939,Kathleen,Jones,caseykenneth@example.org,USER
2940,Hailey,Richardson,amedina@example.com,USER
2941,Cody,Barron,andrea67@example.org,USER
2942,Alejandra,Scott,eduardo62@example.com,USER
2943,Kevin,Valentine,hharrison@example.org,USER
2944,Tina,Shaw,oosborne@example.org,USER
2945,Eric,Ford,schwartzdonna@example.org,USER
2946,Kristi,Johnson,dennislarsen@example.net,USER
2947,Rodney,Moreno,qsandoval@example.net,USER
2948,Lisa,Shelton,daniellebrown@example.org,USER
2949,William,Garcia,mramos@example.net,USER
2950,Vincent,Lawrence,joseskinner@example.org,USER
2951,Justin,Johnson,garciasarah@example.org,USER
2952,Brian,Hunt,john31@example.com,USER
2953,Sandra,Norris,collin12@example.com,USER
2954,Michael,Miller,pbrown@example.com,USER
2955,John,Blake,james25@example.com,USER
2956,Linda,Harrison,comptonlaura@example.net,USER
2957,Mark,James,christopher23@example.org,USER
2958,Charles,Rogers,walshdaniel@example.org,USER
2959,Danielle,Johnson,burnsjohn@example.com,USER
2960,Debra,Harris,warddavid@example.org,USER
2961,Tiffany,Parker,deborahcoleman@example.com,USER
2962,Destiny,Shah,lisa84@example.net,USER
2963,Derek,Hampton,martinezrobert@example.net,USER
2964,Larry,Duran,joseph26@example.net,USER
2965,Christopher,Hill,leonard75@example.net,USER
2966,Teresa,Morales,jenniferweber@example.org,USER
2967,Amanda,Nelson,tammy23@example.org,USER
2968,James,Peters,margaretdixon@example.net,USER
2969,Jamie,Caldwell,nancy28@example.net,USER
2970,Anthony,Johnson,fstewart@example.net,USER
2971,Elizabeth,Miller,xstokes@example.com,ADMIN
2972,Kristina,Carson,michaelramirez@example.net,USER
2973,Thomas,Burns,justin49@example.com,USER
2974,Joseph,Matthews,torresjustin@example.org,USER
2975,Brandon,Smith,peterpayne@example.org,USER
2976,Susan,Powers,linda37@example.com,USER
2977,Brittney,Glover,rebecca46@example.org,USER
2978,Brandi,Taylor,blackwelljonathan@example.com,USER
2979,Eric,Ward,jessica96@example.org,USER
2980,Christopher,Hamilton,donaldchen@example.com,USER
2981,Taylor,Alexander,randytaylor@example.net,USER
2982,Sharon,Bauer,hphillips@example.net,USER
2983,Phillip,Brown,nathanbanks@example.org,USER
2984,Kara,Good,john98@example.net,USER
2985,Jonathan,Adams,steveberry@example.org,USER
2986,Gina,Sanchez,hartmanvictor@example.com,USER
2987,Ashley,Swanson,sara49@example.net,USER
2988,Kaitlyn,Gomez,megan81@example.org,USER
2989,Shane,Lee,snydermorgan@example.net,USER
2990,Jessica,Hopkins,scottrodriguez@example.org,USER
2991,David,Thomas,rachel23@example.net,USER
2992,Tammie,Long,thomasgarcia@example.com,USER
2993,Samantha,Nelson,mirandajoshua@example.org,USER
2994,Joshua,Leblanc,elizabeth11@example.org,USER
2995,Andrea,Hall,kruegertammie@example.com,USER
2996,Adam,Taylor,amandamorrison@example.org,USER
2997,Thomas,Santos,briana28@example.net,USER
2998,Stacey,Ramos,yhenry@example.com,USER
2999,Ian,Weber,holly33@example.net,USER
3000,Wanda,Bryant,jennifermeyer@example.org,USER
3001,Cathy,Carrillo,christophermullen@example.org,USER
3002,Blake,Taylor,burnskatherine@example.org,USER
3003,Jonathan,Shannon,stephanie86@example.net,USER
3004,Elizabeth,Reyes,jay71@example.com,USER
3005,Rachel,Alvarez,montesmichael@example.org,USER
3006,Ann,Hansen,hawkinsjeffrey@example.net,USER
3007,Lisa,Mcneil,alvarezjason@example.org,USER
3008,Stuart,Horn,danielanderson@example.com,USER
3009,Vanessa,Small,shelly48@example.com,USER
3010,Brett,Irwin,gabriellechavez@example.com,USER
3011,Catherine,Gallegos,foxrobert@example.net,USER
3012,Andrew,Lawson,bhernandez@example.net,USER
3013,Diana,Woods,sherrymartinez@example.net,USER
3014,Megan,Cantrell,hector95@example.net,USER
3015,Robert,Johnson,jasonhess@example.net,USER
3016,Rebecca,English,hshah@example.com,USER
3017,Michael,Clarke,gonzalezjames@example.net,USER
3018,Alicia,Brown,mshields@example.com,USER
3019,Sheila,Marshall,jacksonlaura@example.com,USER
3020,David,Walker,williamswilliam@example.net,USER
3021,Rodney,Banks,rnguyen@example.net,USER
3022,Matthew,Ritter,bailey14@example.com,USER
3023,Bradley,Montgomery,pthompson@example.com,USER
3024,Robert,Carter,gmoses@example.net,USER
3025,Rhonda,Roberts,benjaminmcguire@example.org,ADMIN
3026,Denise,Nelson,robin46@example.org,USER
3027,Daniel,Mcdowell,eileen49@example.org,USER
3028,Michele,Strong,simmonsnatasha@example.net,USER
3029,Karen,Gray,tanya78@example.net,USER
3030,Anita,Wiley,velliott@example.net,USER
3031,Rachel,Arroyo,sean91@example.org,USER
3032,Brian,Brewer,jellis@example.com,USER
3033,Keith,Davis,pweber@example.net,USER
3034,Shannon,Carr,jay70@example.org,USER
3035,Tammy,Ramirez,natasharodriguez@example.net,USER
3036,Joseph,Lowe,saragreen@example.org,USER
3037,Valerie,Gonzales,nelsonaaron@example.org,USER
3038,Timothy,Lawrence,zcooper@example.net,USER
3039,Mary,Brooks,valerieyoder@example.net,USER
3040,Donald,Williams,elizabethfry@example.org,USER
3041,Terrence,Clark,kimberly12@example.com,ADMIN
3042,Pedro,Webb,vanessamoore@example.org,USER
3043,Adam,Tran,stephen89@example.com,USER
3044,Kristin,Wilson,donaldtorres@example.com,USER
3045,Kimberly,James,carpenterkristen@example.org,USER
3046,Nancy,Cook,nshepherd@example.com,USER
3047,Denise,Williams,anthonywinters@example.com,USER
3048,Charles,Kent,lydiasullivan@example.net,USER
3049,Jaime,Chapman,ryan84@example.net,USER
3050,Pamela,Guzman,zglenn@example.com,USER
3051,Lisa,Johnson,bsolis@example.org,USER
3052,Angel,Nelson,rgarcia@example.org,USER
3053,John,Wallace,bowersjessica@example.org,USER
3054,Jessica,Guerrero,patricia43@example.com,USER
3055,Anita,Miller,sallen@example.com,USER
3056,Samuel,Golden,patricia74@example.org,USER
3057,Jocelyn,Scott,martha66@example.org,USER
3058,Alexandra,Roberts,rparker@example.org,USER
3059,Tracy,Ward,courtneyking@example.net,USER
3060,Jessica,Gordon,nthompson@example.net,USER
3061,Jonathan,Armstrong,schultzderek@example.net,USER
3062,Jeffery,Kane,davidhart@example.org,USER
3063,Alexis,Hale,lewistara@example.net,USER
3064,Heather,Roberts,stacy45@example.com,USER
3065,Shawn,Pope,coxmaria@example.com,ADMIN
3066,Daniel,Sampson,smyers@example.com,USER
3067,Robert,Chapman,barbaramcclain@example.com,ADMIN
3068,Gina,Rodgers,scott67@example.net,USER
3069,Sophia,Walton,erandolph@example.net,USER
3070,Ryan,Morales,timothy60@example.net,USER
3071,Michael,Smith,melissa29@example.com,USER
3072,Lance,Gilmore,chadcox@example.com,USER
3073,Ashley,Medina,lmoreno@example.net,USER
3074,Walter,Ferrell,vward@example.com,USER
3075,Donald,Smith,mcdanielangela@example.net,USER
3076,Billy,Zamora,brookeherrera@example.net,USER
3077,Jesse,Fox,austin67@example.org,USER
3078,Kevin,Valencia,charris@example.org,USER
3079,Francis,Delacruz,john31@example.net,USER
3080,Heather,Cooke,johnsmith@example.org,USER
3081,Daniel,Rodriguez,matthew75@example.com,USER
3082,Dennis,Roberts,ashleygarcia@example.org,USER
3083,Joshua,Jenkins,wmayer@example.com,USER
3084,Jasmine,Mills,charles79@example.net,USER
3085,James,Shaw,douglasmark@example.com,USER
3086,Stephanie,Sloan,pmcpherson@example.net,USER
3087,Valerie,Morton,jennifer86@example.net,USER
3088,John,Marshall,markfleming@example.org,USER
3089,Heather,Greene,hamptonsabrina@example.com,USER
3090,David,Valencia,cynthia62@example.net,USER
3091,James,Solis,derrick85@example.org,USER
3092,Todd,Lawrence,ryancunningham@example.net,USER
3093,Olivia,Williams,andersonvanessa@example.com,USER
3094,Lisa,Lawson,frazierwendy@example.com,USER
3095,Melissa,Figueroa,marylopez@example.net,USER
3096,Shawn,Garcia,daviddalton@example.com,USER
3097,Dana,Armstrong,rachel62@example.com,USER
3098,Lisa,Sharp,jbarker@example.org,USER
3099,Clifford,Rogers,yrobinson@example.org,USER
3100,Carolyn,Duke,benjamin24@example.org,USER
3101,Jessica,Reyes,john81@example.com,USER
3102,Alexis,Brown,medwards@example.net,USER
3103,Mary,Jones,patricia02@example.com,USER
3104,Allison,Lopez,brandon45@example.org,USER
3105,Kathleen,Reese,joanwright@example.org,USER
3106,Zachary,Wyatt,qjohnson@example.com,USER
3107,Adam,Reilly,christophersolomon@example.org,USER
3108,Taylor,Davis,joemurphy@example.net,USER
3109,John,Mcfarland,pwells@example.org,USER
3110,Tracy,Gomez,scott17@example.org,USER
3111,Scott,Alvarez,matthewcollins@example.org,USER
3112,Keith,Pace,reginasullivan@example.org,USER
3113,Matthew,Vega,laurenray@example.org,USER
3114,Catherine,White,colliersuzanne@example.com,USER
3115,Brian,May,nicolerivas@example.org,USER
3116,Dana,Hudson,nmoore@example.net,USER
3117,Amber,Austin,william47@example.com,USER
3118,Jacob,Bush,guerracarrie@example.net,USER
3119,Michelle,Walker,barkerdaniel@example.com,USER
3120,Michael,Sanchez,leslie14@example.org,USER
3121,Christopher,Stevenson,lshepard@example.org,USER
3122,Arthur,Howe,ugates@example.net,USER
3123,Mark,Davis,lovemary@example.org,USER
3124,Phillip,Mcdowell,qadams@example.org,USER
3125,Madison,Goodman,qchapman@example.org,USER
3126,Eric,Wolf,welchsteven@example.org,ADMIN
3127,Frederick,Small,gsanders@example.org,USER
3128,Luis,Murray,boonewilliam@example.com,USER
3129,Sandra,Flores,mrodriguez@example.org,USER
3130,Jacob,Christensen,benjaminwilliams@example.org,USER
3131,Rachel,Wade,cynthiataylor@example.net,USER
3132,Jessica,Coleman,vfrederick@example.com,USER
3133,Richard,Arnold,mendozaangela@example.com,USER
3134,Tamara,Pena,keithlara@example.net,USER
3135,Jay,White,lori56@example.net,USER
3136,Justin,Short,cookkaitlyn@example.net,USER
3137,James,Martinez,troy51@example.net,USER
3138,Michael,Cobb,rfoster@example.com,USER
3139,Michael,Montoya,robin65@example.com,USER
3140,Alexander,Floyd,janicewest@example.com,USER
3141,Eric,Hudson,hdoyle@example.com,USER
3142,Dana,Davis,jackclay@example.com,USER
3143,Christopher,Baker,timothy95@example.net,USER
3144,James,Davidson,toddgutierrez@example.com,USER
3145,Chad,Thomas,dparker@example.org,ADMIN
3146,Christine,Ruiz,walkertommy@example.org,USER
3147,Brittany,Thomas,harveyjames@example.net,USER
3148,Katherine,Collins,catherinemartin@example.net,USER
3149,Mike,Miller,ashley28@example.com,USER
3150,Anthony,Trujillo,james08@example.com,USER
3151,Amanda,Lewis,karen67@example.net,USER
3152,Cindy,Williams,twagner@example.com,USER
3153,Reginald,Hooper,slawson@example.net,USER
3154,Jeffrey,Noble,frazierannette@example.com,USER
3155,Jason,Ortiz,natashapaul@example.net,USER
3156,Allen,Murphy,matthewschultz@example.org,USER
3157,Ashley,Sparks,wjames@example.org,USER
3158,Jason,Gentry,marknavarro@example.org,ADMIN
3159,Tony,Chen,jennifer68@example.net,USER
3160,Catherine,Martin,lunajoseph@example.org,USER
3161,James,Powers,jonking@example.com,USER
3162,Robert,Garcia,craig49@example.net,USER
3163,Julia,Miller,bairdmolly@example.com,USER
3164,Gary,Cervantes,vtodd@example.net,USER
3165,Heather,Sosa,josephking@example.com,USER
3166,Pamela,Molina,christopher69@example.net,USER
3167,Mario,Marsh,elizabethnelson@example.net,USER
3168,Theresa,Perez,mistystephens@example.net,USER
3169,Anthony,Foster,josephfisher@example.org,USER
3170,Linda,Brewer,troysnyder@example.org,USER
3171,Crystal,Bishop,davisemily@example.org,USER
3172,Ernest,Marsh,cruzcody@example.com,USER
3173,Henry,Smith,johngarcia@example.org,USER
3174,Javier,Hebert,lisafoster@example.net,USER
3175,Jay,Jones,wheelergregory@example.org,USER
3176,Todd,White,dunnrose@example.com,USER
3177,Jacob,Bass,cindymunoz@example.org,USER
3178,Connor,Mejia,zreid@example.net,USER
3179,Heidi,Smith,vaughndiana@example.net,USER
3180,Whitney,Goodman,vbennett@example.org,USER
3181,Lori,Thompson,melissa83@example.com,USER
3182,Vickie,Mueller,ewilson@example.com,USER
3183,Justin,Vasquez,hmontgomery@example.com,USER
3184,Tiffany,Brown,esmith@example.org,USER
3185,Amanda,Lopez,anthonybrian@example.net,USER
3186,John,Esparza,callahanamy@example.net,USER
3187,James,Burton,whitejamie@example.org,USER
3188,Omar,Maldonado,brookscaroline@example.net,USER
3189,Jason,Baker,paynedominic@example.net,USER
3190,Karen,Lopez,xcruz@example.org,USER
3191,Diana,Williams,christopherrodriguez@example.com,USER
3192,Tanner,Reed,gabriel32@example.com,USER
3193,Troy,Johnson,moraleswilliam@example.org,USER
3194,Linda,Benitez,vnorton@example.net,USER
3195,Robert,Taylor,whitecody@example.org,USER
3196,William,Baxter,ryanhall@example.org,USER
3197,George,Williams,christopher53@example.net,USER
3198,Mercedes,Campbell,wardjames@example.net,USER
3199,Alejandra,Maxwell,ortegaanthony@example.com,USER
3200,Laura,Smith,warren28@example.com,USER
3201,Robert,Burns,halltyler@example.com,USER
3202,Ryan,Bishop,grossangie@example.net,USER
3203,Jeremy,Johnson,qlong@example.com,USER
3204,Mariah,Morgan,marcrobbins@example.org,USER
3205,Christopher,Orr,pjackson@example.net,USER
3206,Tina,Sanchez,amycunningham@example.org,USER
3207,Melanie,Payne,davidward@example.org,USER
3208,Karen,Brown,jonathansimmons@example.org,USER
3209,Melissa,Ferguson,blackwellcandace@example.com,USER
3210,Anthony,Turner,eedwards@example.net,USER
3211,Taylor,Reeves,melissa71@example.net,USER
3212,Christopher,Williams,wnelson@example.com,USER
3213,Ashley,Gaines,ocrane@example.net,USER
3214,Christopher,Shannon,maria79@example.org,USER
3215,Kyle,Evans,caseamy@example.net,USER
3216,Adriana,Ray,garciakaren@example.com,USER
3217,Lori,Rogers,sporter@example.com,ADMIN
3218,Steven,Butler,silvamatthew@example.com,USER
3219,Anne,Rojas,webbashley@example.org,USER
3220,Shannon,Torres,fredericktimothy@example.com,USER
3221,Katherine,Williams,elizabethpeters@example.com,USER
3222,Jane,Bell,kevinwagner@example.org,USER
3223,Scott,Sandoval,michelle20@example.net,USER
3224,Samantha,Fields,amandawarren@example.net,USER
3225,Thomas,Young,dthompson@example.org,USER
3226,Christine,Walter,jasonhardy@example.net,USER
3227,Thomas,Cohen,martinrachel@example.org,USER
3228,Patricia,Salazar,mwade@example.net,USER
3229,Catherine,Rice,smitchell@example.com,USER
3230,Derek,Gibson,luisblake@example.net,USER
3231,Michael,Mckinney,tranangela@example.net,USER
3232,Shawn,Martin,thomascook@example.org,USER
3233,Maria,Vincent,crosbycrystal@example.org,USER
3234,Melissa,Jenkins,johnchan@example.org,USER
3235,Jose,Rich,brookshannah@example.com,USER
3236,Nicole,Mercer,teresaperry@example.com,USER
3237,George,Melton,nwhite@example.org,USER
3238,Michael,Johnson,joseph51@example.net,USER
3239,Rebecca,Delgado,james42@example.org,USER
3240,Chris,Mcdonald,pamela44@example.net,USER
3241,Martin,May,kathymiller@example.net,USER
3242,Amanda,Evans,nicholas81@example.com,USER
3243,Charles,Hanson,irwinricky@example.com,USER
3244,Darlene,Thompson,donna42@example.net,ADMIN
3245,Caitlyn,Mason,cthompson@example.net,USER
3246,James,Lewis,pbrooks@example.net,USER
3247,Lisa,Ward,brownleslie@example.org,USER
3248,Jose,Jarvis,roblesjeffrey@example.com,USER
3249,Timothy,Carroll,brandonrosario@example.net,USER
3250,George,Nguyen,whitneyjohnson@example.net,USER
3251,Christopher,King,rebecca37@example.net,USER
3252,Danielle,Petersen,tcase@example.org,USER
3253,Julie,Huerta,mccallcrystal@example.org,USER
3254,Ronald,Doyle,bwilson@example.com,USER
3255,Lisa,Larson,callen@example.com,USER
3256,Catherine,Ibarra,laurenflynn@example.net,USER
3257,Roberta,Harper,cruzalbert@example.org,USER
3258,Melissa,Adams,bellalbert@example.org,USER
3259,Rachel,Flores,jessicalee@example.com,USER
3260,Bradley,Browning,lopeztonya@example.org,USER
3261,Angela,Shepherd,gmccormick@example.org,USER
3262,Danielle,Rodriguez,brianmyers@example.org,USER
3263,Joseph,Miles,donald07@example.net,USER
3264,Randall,James,qwagner@example.org,USER
3265,Antonio,Brown,mitchelljoshua@example.com,USER
3266,Derek,Myers,fwalker@example.org,USER
3267,John,Anthony,wjones@example.net,USER
3268,Micheal,Stone,jodi94@example.com,USER
3269,Theresa,Keller,wlewis@example.com,USER
3270,Jacqueline,Lynch,brittanyjohnson@example.com,USER
3271,Victor,Andrews,peterhamilton@example.com,USER
3272,Larry,Garrett,woodjeffery@example.com,USER
3273,Jessica,Nichols,adam43@example.net,USER
3274,Brian,Young,iharmon@example.net,ADMIN
3275,Michael,Arnold,ymontgomery@example.com,USER
3276,Jennifer,Bond,tlewis@example.net,USER
3277,Taylor,Stark,knoxmark@example.org,USER
3278,Laura,Miller,masondavid@example.org,USER
3279,Elizabeth,James,robin80@example.org,USER
3280,Melissa,Reed,bruce59@example.net,USER
3281,Jim,Sullivan,matthewowen@example.net,USER
3282,John,Mejia,benjamin76@example.net,USER
3283,Sara,Ayala,stephen37@example.com,USER
3284,Ann,Brady,jessica25@example.org,USER
3285,George,Hahn,robert90@example.org,USER
3286,Donna,Trujillo,melissachristian@example.net,USER
3287,Karen,Velez,anna65@example.org,USER
3288,Jason,Weber,lscott@example.net,USER
3289,Christina,Thomas,elizabethmorgan@example.org,USER
3290,Samuel,Brown,katherine59@example.net,USER
3291,Christopher,Anderson,robertsingh@example.com,USER
3292,Pamela,Walker,chad39@example.com,USER
3293,Nicholas,Wright,christinabutler@example.com,USER
3294,David,Hamilton,andrewbrown@example.com,USER
3295,Donald,Sanders,jamesmcclure@example.org,USER
3296,Casey,George,jlopez@example.net,USER
3297,Hayden,Reyes,wendy33@example.net,USER
3298,William,Mitchell,castillolinda@example.com,USER
3299,Brandon,Sanchez,bruceochoa@example.com,USER
3300,Juan,Rice,john60@example.net,USER
3301,Henry,Smith,christopherruiz@example.net,USER
3302,Amber,Simon,johnsonjohn@example.com,USER
3303,Todd,Bray,djimenez@example.com,USER
3304,Spencer,Castaneda,kathy76@example.com,USER
3305,Michael,Evans,clarkrachel@example.net,USER
3306,Daniel,Rivera,james11@example.org,USER
3307,Donald,Weber,nathan30@example.net,USER
3308,Christine,Potter,hayleylopez@example.org,USER
3309,Jamie,Shelton,collinsdiana@example.com,USER
3310,Matthew,Floyd,yjohnson@example.com,USER
3311,Andre,Taylor,csmith@example.com,USER
3312,Jennifer,Flores,franciskenneth@example.net,USER
3313,Tim,Moore,jhaley@example.org,USER
3314,Jessica,Scott,shawnkoch@example.net,USER
3315,Shawn,Brown,brian95@example.com,USER
3316,Samantha,Cooper,moorejoy@example.com,USER
3317,William,Clark,ktate@example.com,USER
3318,Amy,Herrera,vargaspamela@example.net,USER
3319,Bridget,Yu,stephanie65@example.net,USER
3320,Brandi,Curry,lee64@example.com,USER
3321,Ryan,Saunders,johnsilva@example.org,USER
3322,Jonathan,Schmitt,kevinmoore@example.net,USER
3323,Alicia,Simpson,mark70@example.org,USER
3324,Wayne,Harrison,barrykevin@example.com,USER
3325,Sheila,Goodman,rodneythomas@example.net,USER
3326,Stephanie,Mckee,rebeccawolfe@example.org,USER
3327,Lauren,Collins,murrayrachel@example.org,USER
3328,Maria,Simpson,jacqueline60@example.net,USER
3329,John,Gutierrez,elizabethsmith@example.com,USER
3330,Brenda,Anderson,cruzjoseph@example.com,USER
3331,Mario,Thompson,keith28@example.net,USER
3332,Sandra,Sawyer,kathleenwebster@example.com,USER
3333,Grace,Shaw,chungerin@example.com,USER
3334,Rebecca,Myers,baileyjulia@example.org,USER
3335,Heather,Diaz,fbyrd@example.com,USER
3336,Robert,Odom,tina93@example.com,USER
3337,Sarah,Allen,richard05@example.net,USER
3338,Nicole,Edwards,ewilson@example.org,USER
3339,Jamie,Cook,jacobgreen@example.com,USER
3340,Sarah,Dixon,randall61@example.net,USER
3341,David,Rush,cberger@example.net,USER
3342,Patricia,Grant,jriley@example.com,USER
3343,Alicia,Duncan,fstevenson@example.net,USER
3344,Roger,Walker,fernando04@example.net,USER
3345,Jamie,Duncan,henrybailey@example.net,USER
3346,Jessica,Henderson,jimmypugh@example.org,USER
3347,Timothy,Sullivan,rodriguezpeter@example.org,USER
3348,Karen,Davis,rsanchez@example.net,USER
3349,Andre,Warren,jeremy60@example.com,USER
3350,Kristin,Thompson,gutierrezmichael@example.com,USER
3351,Jamie,Doyle,zgibson@example.net,USER
3352,Jessica,Martin,lauren04@example.org,USER
3353,Mary,Mckinney,melissamoore@example.org,USER
3354,Andrew,Goodwin,katie27@example.com,USER
3355,Michelle,Benitez,kaitlinnguyen@example.net,USER
3356,Jenny,Cobb,jmiller@example.net,USER
3357,Hannah,Hernandez,maryfernandez@example.net,USER
3358,Megan,Vincent,william62@example.net,USER
3359,Carlos,Rogers,mckinneyclifford@example.org,USER
3360,Wayne,Miller,bpope@example.org,USER
3361,Dana,Coleman,pperez@example.net,USER
3362,Sheena,Torres,williamsantos@example.org,USER
3363,Robert,Sweeney,tcarr@example.org,USER
3364,Elizabeth,Burke,walltracy@example.org,USER
3365,Michael,Barker,kellereric@example.com,USER
3366,Jodi,Martinez,vbenton@example.com,USER
3367,Shannon,Garcia,brandon30@example.com,USER
3368,Richard,Gibson,bryantcarlos@example.net,USER
3369,Michele,Sanders,justindickerson@example.com,USER
3370,Laura,Munoz,ernest98@example.org,USER
3371,William,Lam,meadowscharles@example.org,USER
3372,Joshua,Owens,kgutierrez@example.org,USER
3373,John,Swanson,cvincent@example.com,USER
3374,Mary,Taylor,susanwarner@example.com,USER
3375,Daniel,Bradley,diane90@example.org,USER
3376,Anna,Hoffman,betty43@example.net,USER
3377,Melissa,Olsen,stephen66@example.org,USER
3378,Jennifer,Young,vcooper@example.org,USER
3379,Kimberly,Frye,mannbrandi@example.org,USER
3380,Heidi,Wheeler,ggarner@example.org,USER
3381,Donald,Clark,susan93@example.com,USER
3382,Lindsay,Bradshaw,christopher70@example.com,USER
3383,Patrick,Hoffman,emily60@example.net,USER
3384,Amanda,Nichols,qtaylor@example.org,USER
3385,Anthony,Hodge,sarajoseph@example.net,USER
3386,Shelby,Garcia,moorekatherine@example.net,ADMIN
3387,Christine,Foster,opatterson@example.com,USER
3388,Frank,Smith,xwalker@example.com,USER
3389,Wesley,Benitez,eward@example.org,USER
3390,Steve,Garcia,baileydonna@example.com,USER
3391,Tracy,Mitchell,briannaburns@example.org,USER
3392,Louis,Myers,pharris@example.org,USER
3393,Philip,Swanson,garzajulia@example.com,USER
3394,Joseph,Simmons,pfrancis@example.net,USER
3395,Donna,Fischer,dferguson@example.org,USER
3396,Mark,Pollard,tammyowen@example.com,USER
3397,Mary,Barnes,joseph78@example.org,USER
3398,Gina,Elliott,torresmelissa@example.com,USER
3399,Paul,Collier,amack@example.org,USER
3400,Anthony,Hendricks,burchsara@example.com,USER
3401,Jason,Hunter,jonathan73@example.net,USER
3402,Kyle,Crawford,meganmullins@example.org,USER
3403,Lori,Fields,spencerjoshua@example.org,USER
3404,Daniel,Schmidt,hjimenez@example.org,USER
3405,Douglas,Harris,diana25@example.net,USER
3406,Carlos,Miller,gonzalezmichael@example.com,USER
3407,Michelle,Smith,gabriel94@example.org,USER
3408,Margaret,Edwards,vhowell@example.net,USER
3409,Benjamin,Vega,johndaniels@example.com,USER
3410,Erin,Archer,cphelps@example.net,USER
3411,Paul,Martin,paula13@example.com,USER
3412,Alvin,Lewis,ipierce@example.com,USER
3413,Justin,Caldwell,andrewgarcia@example.org,USER
3414,Rick,Martin,cynthiasalas@example.com,USER
3415,Janice,White,kallen@example.org,USER
3416,Thomas,Bailey,anita85@example.org,USER
3417,Jeffrey,Summers,jonesterry@example.com,USER
3418,Brian,Kim,watkinsvanessa@example.net,USER
3419,Angelica,Lawson,baxterbrian@example.org,USER
3420,Alyssa,Haas,cflores@example.com,USER
3421,Arthur,Gordon,johnhuff@example.org,USER
3422,Robert,Gray,hmoreno@example.net,USER
3423,Monica,Jackson,lbates@example.com,USER
3424,Mario,Christensen,zbrown@example.com,USER
3425,Barbara,Perry,helen14@example.com,USER
3426,Jeremy,Kelly,michaelball@example.com,USER
3427,Erica,Avery,tonyamorris@example.net,USER
3428,Robert,Bridges,mannlisa@example.com,USER
3429,Stacy,Gill,fuentesleonard@example.com,USER
3430,Thomas,Wright,amycooper@example.com,USER
3431,Steve,Mitchell,csnyder@example.net,USER
3432,Micheal,Guerrero,walleramy@example.net,USER
3433,Jill,Riddle,jonathonmorris@example.org,USER
3434,Gregory,Washington,owilliams@example.com,USER
3435,Julie,Yoder,johnhanson@example.com,ADMIN
3436,Devon,Hammond,ebrown@example.com,USER
3437,Michelle,Russo,ocastaneda@example.org,ADMIN
3438,Richard,Nichols,colonjames@example.org,USER
3439,Suzanne,Cowan,stevengray@example.net,USER
3440,Alicia,Powers,jenniferwatts@example.net,USER
3441,Nicholas,Walls,timothy23@example.net,USER
3442,Taylor,Clark,denise47@example.net,USER
3443,Katherine,Goodwin,robertdavis@example.org,USER
3444,Samantha,Hogan,haroldarmstrong@example.com,USER
3445,Christopher,Bauer,sarahmiles@example.org,USER
3446,William,Terry,plopez@example.net,USER
3447,Bethany,Dillon,pruittmichael@example.com,USER
3448,Micheal,Brown,lucasmerritt@example.org,USER
3449,Christopher,Cannon,zamoramichael@example.org,USER
3450,Anthony,Conway,williamjordan@example.org,USER
3451,Mark,Turner,parkersean@example.net,USER
3452,Stephanie,Ward,simmonslaura@example.net,USER
3453,Jennifer,Pena,leekimberly@example.com,USER
3454,Brian,Butler,usolomon@example.com,USER
3455,Kelly,Weber,samuel08@example.net,ADMIN
3456,Gregory,Smith,melissastephens@example.org,USER
3457,Abigail,Moody,randall36@example.org,USER
3458,Christian,Harris,christiankelly@example.org,USER
3459,Dakota,Moore,jponce@example.net,USER
3460,Kayla,Young,jacquelinesullivan@example.net,USER
3461,Brandon,Bryan,krista74@example.net,USER
3462,Christopher,Davis,jonathanpearson@example.org,USER
3463,Michele,Frazier,sherribrown@example.net,USER
3464,Corey,Jenkins,wreynolds@example.org,USER
3465,Alexandria,Cox,kevin40@example.net,USER
3466,Cynthia,Chavez,khernandez@example.com,USER
3467,Charles,Monroe,dixonalison@example.org,USER
3468,Benjamin,Simon,vburgess@example.net,USER
3469,Kristy,White,smacdonald@example.com,USER
3470,Brittany,Walsh,qgreen@example.com,USER
3471,James,Calderon,stoutjennifer@example.org,USER
3472,Rachel,Ramirez,butlercourtney@example.net,USER
3473,Amy,Flores,orusso@example.org,USER
3474,Regina,Jordan,goldenrhonda@example.com,USER
3475,Eric,Lewis,michaelnewton@example.org,USER
3476,Steven,Mcbride,mcdanielkatelyn@example.net,USER
3477,Zachary,Johnson,donnajohnson@example.com,USER
3478,Danielle,Curry,ghamilton@example.com,USER
3479,Amber,Young,dianeparsons@example.com,USER
3480,Kathryn,Scott,michael12@example.net,USER
3481,Samantha,Cline,kellychang@example.org,USER
3482,Eric,Hoover,williampowers@example.net,USER
3483,Charles,Hartman,brandonwillis@example.net,ADMIN
3484,Michael,Rodriguez,jsalas@example.org,USER
3485,David,Ochoa,klawson@example.com,USER
3486,Tammie,Rosales,woodsjeremy@example.net,USER
3487,Derek,Brady,hallcarolyn@example.org,USER
3488,Brian,Cardenas,michaelharmon@example.org,USER
3489,Tom,Burke,kristinaallen@example.org,USER
3490,William,Campbell,blakesarah@example.net,USER
3491,Mary,Olson,nkelly@example.net,USER
3492,Brandy,Adams,jo03@example.org,USER
3493,Tricia,Mills,lori48@example.com,USER
3494,Diana,Gallegos,robertsonlisa@example.com,USER
3495,Theresa,Molina,sharon87@example.net,USER
3496,Daniel,Richards,david23@example.com,USER
3497,Tracy,Garcia,webbkeith@example.com,USER
3498,Ashley,Hall,melissa00@example.org,USER
3499,Jennifer,Kelly,rose86@example.com,USER
3500,Emily,Tucker,timothynorman@example.net,USER
3501,Nicholas,Bennett,ramosjeffery@example.com,USER
3502,Jessica,Saunders,jbaker@example.org,USER
3503,Angela,Daniels,samuelwheeler@example.net,USER
3504,Danielle,Kelly,krystalgregory@example.net,USER
3505,Colleen,Smith,beverlyayala@example.org,USER
3506,Richard,Taylor,timothy75@example.org,USER
3507,Hannah,Jordan,stacey03@example.net,USER
3508,Joy,Simmons,eharrison@example.com,USER
3509,Leslie,Green,wrightjohn@example.com,USER
3510,Olivia,Moore,katelynrobinson@example.org,USER
3511,Stephanie,Hines,john52@example.net,USER
3512,Helen,Sweeney,boydamanda@example.com,USER
3513,Jacob,Greene,shobbs@example.net,USER
3514,Michelle,Davis,spencer54@example.net,USER
3515,Tracy,Powers,cchase@example.com,USER
3516,Kathleen,Cisneros,johnstonrobert@example.net,USER
3517,Carlos,Collins,vdavila@example.net,USER
3518,Timothy,Hayes,cdavis@example.net,USER
3519,James,Mcdaniel,cooperjamie@example.com,USER
3520,Amber,Sweeney,nielsenapril@example.net,USER
3521,Andrew,Patrick,uburch@example.com,USER
3522,Colleen,Ramirez,anthonyfoley@example.org,USER
3523,Linda,Hurst,zstanley@example.org,USER
3524,Erica,Coleman,hugheswilliam@example.org,USER
3525,Jesse,Wright,wilsonjoseph@example.com,USER
3526,Scott,Peters,hcole@example.org,USER
3527,Paul,Lamb,andreajones@example.org,USER
3528,Mary,Matthews,martintracy@example.net,USER
3529,Cindy,Abbott,rhonda24@example.net,USER
3530,Stephanie,Aguilar,hjohnson@example.com,USER
3531,Cory,Dominguez,nancy37@example.net,USER
3532,Jeremy,Mccarthy,jason63@example.org,USER
3533,Alyssa,Richardson,bmaddox@example.com,USER
3534,Lorraine,Graham,jonathan14@example.net,USER
3535,Kevin,Smith,barry75@example.com,USER
3536,Brandon,Allen,williamsroberto@example.org,USER
3537,Sean,Braun,gregoryhoffman@example.net,USER
3538,Rachel,Curry,eric34@example.com,USER
3539,Wanda,Dawson,paulabrooks@example.net,USER
3540,Samantha,Castillo,lisarussell@example.com,USER
3541,Victoria,Griffin,william78@example.net,USER
3542,Tiffany,Estrada,stephaniewashington@example.org,USER
3543,Renee,Franco,jacob92@example.com,USER
3544,Deborah,Lawrence,fsteele@example.com,USER
3545,David,Nguyen,oroberts@example.net,USER
3546,Andrew,Brown,michaelfinley@example.org,USER
3547,Brandon,Martinez,ortizrandy@example.com,USER
3548,Steven,Hernandez,kimvicki@example.com,USER
3549,Barbara,Mann,bgarcia@example.org,USER
3550,Judith,Nguyen,wmarks@example.com,USER
3551,Gregory,Horton,ashleylawson@example.org,USER
3552,Grace,Clark,tuckerjennifer@example.com,USER
3553,Raymond,Fitzpatrick,melaniegonzales@example.org,USER
3554,Joanna,Collins,fostertracey@example.org,USER
3555,Autumn,Flores,wendy47@example.org,USER
3556,Matthew,Brown,patrick78@example.org,USER
3557,Tina,Williams,ryansmith@example.net,USER
3558,Rebecca,Flores,antonio26@example.org,USER
3559,John,Johnson,iperez@example.org,USER
3560,Laura,Powers,breyes@example.com,USER
3561,Tara,Mitchell,nguyenjill@example.org,USER
3562,Joshua,Burton,holtrobert@example.net,USER
3563,Joshua,Rogers,sierramason@example.com,USER
3564,Robin,Owens,diazpamela@example.org,USER
3565,Theresa,Stone,shawn21@example.org,USER
3566,Nicholas,Drake,vphillips@example.com,USER
3567,Dennis,Rodriguez,elizabeth70@example.com,USER
3568,Tamara,Moore,barry68@example.com,USER
3569,Pamela,Adams,martinezjames@example.net,ADMIN
3570,Brenda,Monroe,urios@example.net,USER
3571,Randy,Hernandez,bwright@example.org,USER
3572,Austin,Wong,elizabeth15@example.org,USER
3573,Timothy,Juarez,xneal@example.org,USER
3574,Michelle,Gonzalez,brianna31@example.org,USER
3575,Shawn,Gonzalez,lindsay58@example.net,USER
3576,Andrew,Jones,khenderson@example.org,USER
3577,James,Adams,sandersfelicia@example.org,USER
3578,Luis,Mays,pcarrillo@example.org,USER
3579,Lisa,Anderson,rebecca70@example.net,USER
3580,Erica,Davis,rodriguezallison@example.org,USER
3581,Gary,Le,gilbertamanda@example.org,USER
3582,Kim,Peters,john48@example.net,USER
3583,Kathy,Lin,pachecopatricia@example.net,USER
3584,Daniel,Webster,alansmith@example.org,USER
3585,Mario,Weaver,riveradestiny@example.net,USER
3586,Bobby,Martinez,leejustin@example.org,USER
3587,Matthew,Johnson,nealpatricia@example.com,USER
3588,Nicholas,Rush,matthewmay@example.net,USER
3589,Madison,Reynolds,walterssuzanne@example.org,USER
3590,Yvonne,Davis,acarroll@example.org,USER
3591,Pamela,Yu,martinstephanie@example.com,USER
3592,Rebecca,Estes,jparsons@example.net,USER
3593,Danny,Thornton,ashlee36@example.org,USER
3594,Brett,Meyers,christy84@example.net,USER
3595,Rachel,Ramsey,boonepaul@example.net,USER
3596,Edgar,Sanchez,ramseyjordan@example.com,USER
3597,Mike,Schmitt,tyler16@example.com,USER
3598,Michael,Jefferson,clarkjustin@example.net,USER
3599,Cindy,Atkinson,joe89@example.net,USER
3600,Karen,Roberts,sandersmichael@example.net,USER
3601,Paul,Hutchinson,james22@example.org,USER
3602,Andrew,Ferrell,patricia87@example.com,USER
3603,Jonathan,Rangel,ngarcia@example.net,USER
3604,Michelle,Diaz,tracy58@example.com,USER
3605,David,Reese,melissa39@example.org,USER
3606,Larry,Brandt,miguelschultz@example.com,USER
3607,Mary,Leonard,wrobertson@example.net,USER
3608,Amy,Hicks,alexissalazar@example.com,USER
3609,Oscar,Gonzalez,elizabeth96@example.org,USER
3610,Stephanie,Graham,dominicperry@example.org,USER
3611,Christopher,Thompson,jerry41@example.net,USER
3612,Jamie,Stevenson,tammy78@example.net,USER
3613,Kimberly,Johnson,patriciasmith@example.com,USER
3614,Tyler,Gregory,fisheranne@example.com,USER
3615,Mikayla,Smith,kguerrero@example.com,USER
3616,Joseph,Walker,elizabeth41@example.net,USER
3617,Julian,Wright,johnsonjay@example.org,USER
3618,Jill,Martinez,vmassey@example.com,USER
3619,Tammy,Gates,beasleyrobert@example.com,USER
3620,Susan,Scott,ibrewer@example.org,USER
3621,Jennifer,Davis,phillipsandrea@example.net,USER
3622,John,Harmon,phillipsparks@example.net,USER
3623,Amy,Harrison,wfloyd@example.com,USER
3624,Dawn,Lopez,douglas53@example.net,USER
3625,Jeremy,Gilbert,josephward@example.com,USER
3626,Thomas,Carrillo,xbryant@example.com,USER
3627,Emily,Williams,barrettadriana@example.com,USER
3628,Jacob,Garcia,alicia60@example.org,ADMIN
3629,Jennifer,Lopez,brandifoster@example.net,USER
3630,Tracy,Collier,gregory04@example.com,USER
3631,Mark,Watts,miguelshaw@example.net,ADMIN
3632,Larry,Mullins,gilmorebarbara@example.net,USER
3633,Maria,Fleming,aliciaallen@example.net,USER
3634,Danielle,Hernandez,lance16@example.net,ADMIN
3635,Elizabeth,Brewer,robert77@example.net,USER
3636,Elizabeth,Jones,alewis@example.net,USER
3637,Samantha,Marks,christine45@example.net,USER
3638,Derek,Compton,josephmatthew@example.com,USER
3639,Gerald,Benton,susan01@example.net,USER
3640,Juan,Lewis,iduncan@example.com,USER
3641,Emily,Wagner,wware@example.com,USER
3642,Katie,Hart,kshelton@example.org,USER
3643,Jean,Spencer,lisabauer@example.org,USER
3644,Bradley,Robbins,johnsonanthony@example.net,USER
3645,Jonathan,Wagner,mcontreras@example.org,USER
3646,Randall,Flores,tracy95@example.org,USER
3647,Jon,Aguilar,cunninghamraymond@example.org,USER
3648,Cynthia,Mueller,beckalan@example.net,USER
3649,Joseph,Bentley,rmccullough@example.org,USER
3650,Donna,Webb,nancy96@example.com,USER
3651,Michael,Hopkins,lisa30@example.com,USER
3652,Danny,Martinez,vmoore@example.org,USER
3653,Hector,Robinson,jamie35@example.org,USER
3654,Shirley,Ford,ffrazier@example.com,USER
3655,Jason,Leach,paulwhitaker@example.com,USER
3656,Amanda,Olson,clarkchad@example.com,USER
3657,Jeanne,Garza,scottthomas@example.com,USER
3658,Charles,Woodard,michellejohnson@example.com,USER
3659,Christopher,Guerrero,olsonjoseph@example.com,USER
3660,Phillip,Zimmerman,fmunoz@example.net,USER
3661,Joshua,Hernandez,stevenskaren@example.org,USER
3662,Keith,Hall,qhenderson@example.org,USER
3663,Kimberly,Moss,ericsherman@example.com,USER
3664,Sarah,Abbott,jennifer55@example.net,USER
3665,Sean,Fitzgerald,uburns@example.net,USER
3666,Alex,Montes,reesedonna@example.org,USER
3667,Alexandra,Walker,lisa64@example.net,USER
3668,Robert,Gregory,whitenicholas@example.com,USER
3669,Chelsea,Fowler,dianasantiago@example.org,USER
3670,Daniel,Berry,michellerangel@example.com,USER
3671,Preston,Evans,bettygill@example.net,USER
3672,Lucas,Soto,phillip63@example.org,USER
3673,Bryan,Long,hthomas@example.org,USER
3674,Michael,Jones,brian87@example.net,USER
3675,Tammy,Pacheco,pittsmary@example.net,USER
3676,Daniel,Harris,kathy37@example.net,USER
3677,Crystal,Lambert,cassandradiaz@example.org,USER
3678,Timothy,Fuller,kathylarson@example.net,USER
3679,Kara,Long,dharrison@example.com,USER
3680,Michael,Black,wellsvalerie@example.net,USER
3681,Briana,Jacobs,nguyenjane@example.org,USER
3682,Terri,Everett,williamsdavid@example.org,USER
3683,Jay,Dominguez,lewisdavid@example.net,USER
3684,Ashley,Ruiz,robert21@example.org,USER
3685,Ryan,Gardner,charles77@example.org,USER
3686,Heather,Harmon,foxgerald@example.net,USER
3687,Debbie,Brown,laura17@example.com,USER
3688,Elizabeth,Meadows,angela22@example.org,USER
3689,Heather,Ward,hannahmorris@example.com,USER
3690,Elizabeth,Kane,ylee@example.net,USER
3691,Edward,Hernandez,charlenewalker@example.org,USER
3692,Michael,Thomas,frose@example.org,USER
3693,Nicholas,English,leah96@example.com,USER
3694,Todd,Moore,erica50@example.com,USER
3695,Gabrielle,Prince,curtissmith@example.org,USER
3696,Yolanda,Avery,foxbrandon@example.net,USER
3697,Timothy,Powell,lori50@example.net,USER
3698,Erica,Daniels,floresalex@example.org,USER
3699,Anna,May,ftucker@example.com,USER
3700,Jon,Graham,seanshepherd@example.net,USER
3701,Amy,Simmons,mariafloyd@example.com,USER
3702,Paul,Rivera,jesusroth@example.com,USER
3703,Joshua,Andrews,jamesmendoza@example.org,USER
3704,Eric,Grimes,kgillespie@example.net,USER
3705,Danny,Buckley,aaron37@example.com,USER
3706,Jamie,Mercado,usanchez@example.org,USER
3707,Marcus,Martin,alan04@example.com,USER
3708,David,Butler,plin@example.net,USER
3709,Ronald,Larson,michael97@example.com,USER
3710,Joel,Cordova,ismith@example.net,USER
3711,Shari,Carpenter,gonzaleskenneth@example.net,USER
3712,Jesse,Graham,christinabrewer@example.net,USER
3713,Michael,Cole,william95@example.net,USER
3714,Monica,Chavez,danielwelch@example.net,USER
3715,Jon,Baker,bbrown@example.org,USER
3716,Megan,Flores,timothy77@example.com,USER
3717,Joshua,Gonzales,christopherwalker@example.com,USER
3718,Zachary,Wallace,eorr@example.net,USER
3719,Christopher,Kelley,frivera@example.net,USER
3720,Monica,Medina,davidlopez@example.net,USER
3721,Billy,Maxwell,morrisalexander@example.com,USER
3722,Michael,Wilson,noahpierce@example.com,USER
3723,Antonio,Daniel,armstrongjoshua@example.org,USER
3724,Kelly,Martinez,igarcia@example.org,USER
3725,Chelsea,Wright,hamptonkathryn@example.com,USER
3726,Joel,Watson,nancyrichardson@example.com,USER
3727,Lee,Meadows,hudsonwhitney@example.org,USER
3728,William,Cross,wheelersabrina@example.net,USER
3729,Tracy,Burns,cynthia88@example.org,USER
3730,Kimberly,Buchanan,stevenayers@example.org,USER
3731,Brandon,Frederick,probinson@example.net,USER
3732,Jenny,Dillon,kjenkins@example.com,USER
3733,Diane,Forbes,sarah00@example.net,USER
3734,Dawn,Ramirez,dorothy72@example.net,USER
3735,Ricardo,Landry,parksandre@example.com,USER
3736,Cheryl,Page,richardhernandez@example.net,USER
3737,Eric,Roberts,alfredhowell@example.net,USER
3738,Christian,Bell,james87@example.org,USER
3739,Joshua,Walsh,moranbrittany@example.net,USER
3740,Steven,Johnson,adrian55@example.org,USER
3741,Hannah,Drake,arthur70@example.com,USER
3742,Christopher,Lee,ortizrobert@example.org,USER
3743,Calvin,Anderson,stewartamy@example.net,USER
3744,Shannon,Johnson,timothyblackburn@example.com,USER
3745,Jeffrey,Carroll,danielgood@example.net,USER
3746,Ashley,Collins,thomasmendoza@example.org,USER
3747,Monica,Simmons,ashleypoole@example.net,USER
3748,Nathan,Lewis,rhansen@example.net,USER
3749,James,Dalton,hendersonfernando@example.net,USER
3750,Ralph,Rogers,wwatson@example.net,USER
3751,Michael,Mueller,kelly05@example.net,USER
3752,Katherine,Caldwell,qolson@example.org,USER
3753,Michael,Smith,whitehaley@example.net,USER
3754,Amanda,Mendez,johnsonamber@example.com,USER
3755,Linda,Rice,jasonwashington@example.com,USER
3756,Katelyn,Mueller,brandonsmith@example.com,USER
3757,Shelly,Smith,christopher07@example.net,USER
3758,Stephanie,Farmer,darylgray@example.net,USER
3759,Emily,Patterson,millercynthia@example.net,USER
3760,Patrick,Kim,deborahsmith@example.com,USER
3761,Scott,Pena,williamsmonica@example.com,USER
3762,Matthew,Turner,davidwoods@example.com,USER
3763,Morgan,Duncan,mcintoshpatrick@example.net,USER
3764,Kristine,Hanson,samuel58@example.org,USER
3765,Samantha,Perez,nclark@example.com,USER
3766,Kelly,Taylor,kevinnguyen@example.net,USER
3767,Sabrina,Davis,warrenjeffrey@example.com,USER
3768,Calvin,Hines,monica24@example.com,USER
3769,Deborah,Wiggins,pmorales@example.net,USER
3770,Catherine,Townsend,greenjason@example.net,USER
3771,Ana,Nelson,ksimpson@example.com,USER
3772,Dan,Smith,fclark@example.org,USER
3773,Stephanie,Mason,claytara@example.net,USER
3774,Rhonda,Garcia,hallcourtney@example.com,USER
3775,Noah,Rodriguez,andreadiaz@example.org,USER
3776,Parker,Nguyen,jcruz@example.com,USER
3777,Scott,Rodriguez,jeffery12@example.com,USER
3778,Richard,Mason,kjackson@example.net,USER
3779,Michael,Jimenez,tracy50@example.net,USER
3780,Brian,Elliott,owilson@example.net,USER
3781,Jeffrey,Chang,bdavis@example.org,USER
3782,Patricia,Thompson,bakerrebekah@example.com,USER
3783,Seth,Mosley,benjamin44@example.org,USER
3784,Mitchell,Jordan,tanya82@example.net,USER
3785,Rebecca,Gutierrez,jessica54@example.org,USER
3786,Donna,Combs,conleysarah@example.com,USER
3787,Angela,King,ipoole@example.org,USER
3788,Carrie,Cochran,seanwheeler@example.com,USER
3789,Jill,Edwards,lisasantiago@example.org,USER
3790,Janet,Tucker,collinsjose@example.com,USER
3791,Adam,Jackson,leejames@example.org,USER
3792,Mark,Peterson,hawkinsdouglas@example.com,ADMIN
3793,Jennifer,Guerra,amandamcmillan@example.net,USER
3794,Michael,Jones,johnstonmichael@example.org,USER
3795,Monica,Fuller,michellemorgan@example.com,USER
3796,Richard,Weaver,dixonjoshua@example.net,USER
3797,Sandra,Terry,emoore@example.org,USER
3798,Peter,Harris,schwartzjack@example.net,USER
3799,Jason,Moreno,quinnjohn@example.com,USER
3800,Terry,Hayes,ericortiz@example.com,USER
3801,Sergio,Le,ncarter@example.com,USER
3802,Rhonda,Leon,carpentermegan@example.com,USER
3803,Amanda,Griffin,lgoodwin@example.net,USER
3804,Edward,Andrews,catherine31@example.org,USER
3805,Robert,Reed,umoore@example.com,USER
3806,Robert,Green,browningmark@example.com,USER
3807,Debra,Merritt,kathrynjohnson@example.org,USER
3808,Randy,Winters,nancywebb@example.net,USER
3809,Alexis,Sanchez,hermanangela@example.net,USER
3810,Jeffrey,Gonzalez,laura18@example.org,USER
3811,Daniel,Powell,moorerodney@example.net,USER
3812,Brian,Wilson,vincentcopeland@example.net,USER
3813,Robin,Newman,stephanie11@example.com,USER
3814,Joshua,Mcclure,annastephens@example.org,USER
3815,Michael,Sanchez,daltonbethany@example.org,USER
3816,Andrew,Gray,asmith@example.org,USER
3817,Joe,James,robertsbenjamin@example.org,USER
3818,Robert,Zhang,lisacollins@example.com,USER
3819,Andrea,Jacobs,sarahhaley@example.org,USER
3820,Danielle,Pierce,mistyenglish@example.net,USER
3821,Cory,Conner,matthewmoses@example.org,USER
3822,Calvin,Moreno,jonesmichelle@example.net,USER
3823,Pamela,Crawford,fosterjenna@example.net,USER
3824,Caleb,Elliott,lday@example.com,USER
3825,Amanda,Barnes,brandon83@example.com,USER
3826,Andrea,Farmer,danielwilliams@example.org,USER
3827,Thomas,Gonzalez,rmiller@example.org,USER
3828,Beth,Lee,morrisonstephanie@example.org,USER
3829,Robin,Peterson,ythompson@example.org,USER
3830,Timothy,Chen,travis85@example.net,USER
3831,Shane,Mills,bryanjackson@example.org,USER
3832,Amanda,Preston,elijahmueller@example.org,USER
3833,Gerald,Andrews,tamaramurphy@example.org,USER
3834,Daniel,Watkins,andreasampson@example.com,USER
3835,Tracy,Ware,jimmy18@example.net,USER
3836,Richard,Collins,shawn00@example.com,USER
3837,Lisa,Guerra,jilladams@example.com,USER
3838,Jay,Jenkins,timothybell@example.net,USER
3839,Debra,Wong,marie58@example.org,USER
3840,Amber,Ward,baxtervincent@example.com,USER
3841,Tanya,Williamson,dennisdarrell@example.org,USER
3842,Cody,Koch,katieesparza@example.net,USER
3843,Vincent,Campbell,joeldrake@example.com,USER
3844,Emily,Carpenter,andrew01@example.com,USER
3845,Richard,Davis,vanessasellers@example.com,USER
3846,Jacob,Sweeney,ljackson@example.com,USER
3847,Brian,Bradley,fritzjulia@example.org,USER
3848,Kathleen,Ross,jerrygray@example.com,USER
3849,Brian,Dunn,vazquezdavid@example.net,USER
3850,Kenneth,Marshall,brandon19@example.net,USER
3851,Dana,Cox,harperjenna@example.org,USER
3852,Mckenzie,Sherman,robert73@example.net,USER
3853,Michael,Lang,michaelwood@example.com,USER
3854,Lauren,Allen,josephallen@example.org,USER
3855,Edward,Lopez,gmendoza@example.org,USER
3856,Randy,Nguyen,tammydiaz@example.com,USER
3857,Scott,Roberts,bethany57@example.org,USER
3858,Tyrone,Lee,jennifershields@example.net,USER
3859,Sarah,Boone,rbenson@example.com,USER
3860,Frank,Mercer,alison89@example.net,USER
3861,Renee,Middleton,moralesjessica@example.org,USER
3862,Corey,Arellano,francisco41@example.org,USER
3863,Kelly,Shaffer,virginia46@example.com,USER
3864,Jay,Herman,scottleblanc@example.com,USER
3865,Paula,Dyer,christopher06@example.com,USER
3866,Carla,Collins,diamond85@example.com,USER
3867,Jody,Smith,adrian11@example.com,USER
3868,Richard,Escobar,wilsonemily@example.com,USER
3869,Jason,Walker,ortegaalexandra@example.net,USER
3870,Christopher,Martin,tamiharrison@example.com,USER
3871,Michael,Roberson,alexander19@example.org,USER
3872,Elizabeth,Christian,kelly26@example.net,USER
3873,Brian,Kline,jtran@example.com,USER
3874,Charles,Fisher,jamie24@example.net,USER
3875,Jasmine,Kirby,kingyolanda@example.com,USER
3876,Natalie,Hopkins,wthomas@example.net,USER
3877,Dustin,Perez,newmanpatricia@example.com,USER
3878,David,Jones,hendersonwilliam@example.com,USER
3879,Brian,Stone,corey59@example.org,USER
3880,John,Calhoun,jmyers@example.org,USER
3881,Megan,Simpson,mscott@example.org,USER
3882,Corey,Hamilton,beverly50@example.com,USER
3883,Arthur,Morris,dale37@example.net,USER
3884,Damon,Walker,danielle31@example.net,USER
3885,Alexander,Crawford,fowleramanda@example.net,USER
3886,Mary,Curry,dadkins@example.org,USER
3887,Angela,Miranda,traceyhill@example.net,USER
3888,Emily,Walters,danielle74@example.com,USER
3889,John,Adams,nathanpena@example.net,USER
3890,Melissa,Harrison,eblake@example.org,USER
3891,Clayton,Simmons,eric53@example.org,USER
3892,Elizabeth,Wilkinson,urobles@example.org,USER
3893,Jonathan,Smith,thomasmiller@example.net,USER
3894,Darrell,Murphy,shawkins@example.com,USER
3895,Joseph,Smith,gary05@example.net,USER
3896,Kristin,Hurley,georgetimothy@example.net,USER
3897,Eric,Jones,sergio26@example.com,USER
3898,William,Sanders,joyceobrien@example.net,USER
3899,Patricia,Roberts,gcase@example.org,USER
3900,Candice,Hensley,burnettjennifer@example.net,USER
3901,Maria,Mccormick,jodihunt@example.net,USER
3902,Anthony,Rowland,longlauren@example.org,USER
3903,Kathleen,Hernandez,stevensbrandi@example.net,USER
3904,Donald,Spencer,jasonsosa@example.org,USER
3905,Mark,Tucker,michaelsummers@example.net,USER
3906,Martha,Stone,sherri61@example.com,USER
3907,Gregory,Stevens,rubiojose@example.org,USER
3908,Joshua,Thompson,mlopez@example.com,USER
3909,Debra,Hall,lroy@example.org,USER
3910,Erica,Collins,alexanderking@example.org,USER
3911,Scott,Allen,xgreen@example.net,USER
3912,William,Jones,douglas05@example.net,USER
3913,Derek,Chung,jeremy09@example.com,USER
3914,Michael,Allison,zsnyder@example.net,USER
3915,Catherine,Foster,tracystevens@example.com,USER
3916,Shawn,Walker,hendersonerin@example.org,USER
3917,David,Hernandez,malikgarcia@example.net,USER
3918,Charles,Rios,rodriguezthomas@example.org,USER
3919,Nathan,Hubbard,thompsonjorge@example.net,USER
3920,Joshua,Fox,jennifer12@example.org,USER
3921,Donald,Daniel,jeremyjackson@example.org,USER
3922,Angela,Floyd,olivia70@example.net,USER
3923,Barbara,Clark,wrightalexander@example.net,USER
3924,Theresa,Hoffman,nbenjamin@example.com,USER
3925,Christine,Martinez,colemanstacey@example.net,USER
3926,Jacob,Bennett,blackchristina@example.net,USER
3927,Jason,Jones,webercharles@example.com,USER
3928,Megan,Turner,ambergonzalez@example.net,USER
3929,Joshua,Santos,amydavis@example.org,USER
3930,Sean,Lambert,randall45@example.com,USER
3931,Kyle,Gonzales,akhan@example.org,USER
3932,Manuel,Hall,marc88@example.org,USER
3933,Melissa,Stark,estradakimberly@example.org,USER
3934,Elizabeth,Shepherd,zacharymorris@example.org,USER
3935,Jessica,Nichols,jolson@example.org,USER
3936,Suzanne,Robertson,jeffrey15@example.com,USER
3937,Kayla,Garcia,javierjohnson@example.org,USER
3938,Patrick,Butler,olewis@example.org,USER
3939,Cory,Mccormick,higginsheidi@example.org,USER
3940,Veronica,Garza,julia09@example.org,USER
3941,Tracy,Barber,jonathanbrown@example.com,USER
3942,Trevor,Jones,nsmith@example.com,USER
3943,Ashley,Pearson,perrylisa@example.net,USER
3944,Derrick,Williams,mitchellsamantha@example.net,USER
3945,David,Woods,myersmaria@example.com,USER
3946,Terri,Evans,ryan47@example.org,USER
3947,Dylan,Koch,bruce65@example.org,USER
3948,Barbara,Obrien,jennifer36@example.com,USER
3949,Claudia,Wilson,olsenvalerie@example.net,USER
3950,Jessica,Howell,qdunn@example.net,USER
3951,Andrew,Young,alex81@example.net,USER
3952,Cassandra,Pham,zryan@example.net,USER
3953,Jose,Morris,stephanie78@example.org,USER
3954,Madison,West,wendy05@example.com,USER
3955,Brian,Rosario,rebecca55@example.com,USER
3956,Todd,Benitez,elliottgrant@example.org,USER
3957,Jessica,Brewer,carolyn93@example.org,USER
3958,Sandy,Johnson,nicoleshields@example.org,USER
3959,Kevin,Johnson,hughestimothy@example.net,USER
3960,Charles,Scott,stephanie54@example.net,USER
3961,Jonathan,Cherry,williamskelly@example.org,USER
3962,Kelly,Gutierrez,johnathan76@example.net,USER
3963,Latoya,Phillips,xbell@example.com,USER
3964,Andrew,Holder,michelefoster@example.org,USER
3965,Leslie,Henderson,burchalyssa@example.net,USER
3966,Thomas,Rivera,daviswilliam@example.org,USER
3967,Elizabeth,Rodriguez,rgomez@example.net,USER
3968,Nathan,Hawkins,richardsonmark@example.org,ADMIN
3969,Kyle,Rodriguez,gonzalesmary@example.org,USER
3970,Kimberly,Scott,esutton@example.com,ADMIN
3971,Melissa,Arellano,xhumphrey@example.org,USER
3972,Connie,Vazquez,kimberlymoore@example.org,USER
3973,David,Ellis,xbrown@example.com,USER
3974,Tabitha,Garcia,samantha46@example.net,USER
3975,Robert,Diaz,johnparker@example.net,USER
3976,Amy,Lopez,delacruzmelissa@example.org,USER
3977,Michelle,Chen,shelly47@example.net,USER
3978,Caitlin,Page,ugoodman@example.net,USER
3979,Christopher,Villarreal,teresa94@example.org,USER
3980,Pamela,Andrews,patrick84@example.com,USER
3981,Jimmy,Waller,dawnroberts@example.net,ADMIN
3982,Megan,Gordon,schneiderthomas@example.org,USER
3983,Timothy,Wade,qbarnes@example.net,USER
3984,Theodore,Harris,morrisjoshua@example.org,USER
3985,Michael,Hart,imartinez@example.net,USER
3986,Ashley,Parker,broman@example.com,USER
3987,Heather,Ross,holtchristopher@example.org,USER
3988,Carolyn,Shannon,oscarking@example.com,USER
3989,Barbara,Wong,danielgraham@example.net,USER
3990,Tyler,Hebert,schmidtmichael@example.com,USER
3991,Lucas,Wilson,megan63@example.net,USER
3992,Brittany,Lambert,qwashington@example.com,USER
3993,Melissa,Glover,hchurch@example.com,USER
3994,Austin,Ballard,dduffy@example.org,USER
3995,Tanya,Ferrell,terrymichael@example.com,USER
3996,Jonathan,Campbell,stephen52@example.com,USER
3997,Pedro,Soto,rgreen@example.net,USER
3998,Andrea,Kelly,jenna76@example.net,USER
3999,Robert,Allen,hannah20@example.net,USER
4000,Rebecca,Cook,stephanie07@example.org,USER
4001,Thomas,Gross,allisonmann@example.org,USER
4002,Thomas,Armstrong,mckenzie26@example.com,USER
4003,Andrew,Ortiz,ishepherd@example.org,USER
4004,Kristin,Lopez,tgraham@example.com,USER
4005,Amber,May,james50@example.org,USER
4006,Susan,Morrison,bpham@example.com,USER
4007,Jeffrey,Simpson,qbecker@example.org,USER
4008,Joshua,Rodriguez,anne19@example.org,USER
4009,Perry,Duffy,bperkins@example.net,USER
4010,Thomas,Thompson,maxgarcia@example.net,USER
4011,Charles,Simmons,emoreno@example.net,USER
4012,William,Clark,bsantiago@example.net,USER
4013,Bryan,Lewis,mallory90@example.org,USER
4014,Jason,Townsend,jesse69@example.net,USER
4015,Gregory,Deleon,connor01@example.net,USER
4016,Nicolas,Ray,rebecca91@example.org,USER
4017,Deanna,Thompson,robert40@example.org,USER
4018,Carlos,Rodriguez,angelaholder@example.org,USER
4019,Jose,Melendez,cody12@example.org,USER
4020,Lisa,Mckenzie,haneycarrie@example.com,USER
4021,Tonya,Frazier,eric94@example.org,USER
4022,Angela,Clark,rhoward@example.net,USER
4023,Nicole,Mitchell,alyssaevans@example.org,USER
4024,Thomas,Mendoza,courtney50@example.net,USER
4025,John,Velasquez,morganwells@example.org,USER
4026,Gabriela,Miller,ejohnston@example.com,USER
4027,Eric,Williams,michael26@example.com,USER
4028,Christina,Thomas,emma83@example.net,USER
4029,Steven,Foster,ffarmer@example.net,USER
4030,Nicole,Gross,michelle12@example.net,USER
4031,Tammy,Ramos,fcastillo@example.net,USER
4032,Patrick,Jensen,phillipsscott@example.net,USER
4033,Monica,Mueller,ycline@example.com,USER
4034,Lawrence,Davenport,craig57@example.org,USER
4035,Charles,Palmer,andrewsmith@example.org,USER
4036,Janet,Smith,knightdennis@example.com,USER
4037,John,Barker,lbrown@example.com,USER
4038,Michael,Rice,carterrandall@example.com,USER
4039,Louis,Miller,mitchellorr@example.net,USER
4040,Christopher,Khan,william56@example.com,USER
4041,Megan,Best,hessthomas@example.net,USER
4042,Brandon,Terry,benitezheather@example.com,USER
4043,Ashley,Davis,bward@example.com,USER
4044,Yolanda,Smith,thorntonisabel@example.com,USER
4045,Jason,Lewis,qshepherd@example.org,USER
4046,Christopher,Blackwell,davisnicole@example.com,USER
4047,Ariel,Gutierrez,wilcoxtiffany@example.net,USER
4048,Melissa,Calhoun,stacybyrd@example.com,USER
4049,Alexis,Smith,clarkpatrick@example.com,USER
4050,Meghan,Watkins,daughertyjoseph@example.com,USER
4051,Amy,Williams,maria11@example.net,USER
4052,Jennifer,Johnson,fryematthew@example.org,USER
4053,Patricia,Francis,zimmermanashley@example.com,USER
4054,Cheryl,Pruitt,jbrown@example.com,USER
4055,Richard,Deleon,laura77@example.net,USER
4056,Samuel,Williams,jonathan85@example.com,USER
4057,Edward,Kennedy,monroegary@example.com,USER
4058,Richard,Green,hughesnancy@example.net,USER
4059,Julie,Mason,deleonkathleen@example.com,USER
4060,Melissa,Hobbs,victorporter@example.org,USER
4061,Kevin,Grant,reyesmiguel@example.net,USER
4062,Andrew,Jones,vlambert@example.com,USER
4063,Renee,Williams,richardrojas@example.com,USER
4064,Melissa,Nguyen,bakerjessica@example.org,USER
4065,Rachel,Escobar,julie94@example.org,USER
4066,Kaitlyn,Snyder,morenobruce@example.com,USER
4067,Melanie,Brown,perezelizabeth@example.net,USER
4068,Robert,Wise,robertking@example.net,USER
4069,Stacey,Wallace,douglas16@example.net,USER
4070,Anna,Wagner,edward07@example.com,USER
4071,Donna,Miller,williamsamanda@example.com,USER
4072,Jeffrey,Ward,omoore@example.net,USER
4073,Kaitlin,Buchanan,gjenkins@example.net,USER
4074,Brandon,King,ulogan@example.org,USER
4075,Anthony,Snyder,millermarie@example.com,USER
4076,Michael,Nixon,smithshane@example.com,USER
4077,Angela,White,terri57@example.com,USER
4078,Curtis,Garrett,colson@example.com,USER
4079,Ronald,Anderson,munozerik@example.org,USER
4080,Angela,Hall,greenalex@example.net,USER
4081,Brittany,Hernandez,eric25@example.net,USER
4082,Todd,Walker,dmckay@example.com,USER
4083,Kristen,Brown,jacksonkaylee@example.com,USER
4084,Brittany,Stokes,hailey69@example.net,USER
4085,Melanie,Zhang,karina20@example.net,USER
4086,Javier,Davis,heathamber@example.org,USER
4087,Michael,Colon,connermelissa@example.net,USER
4088,Gary,Williams,dhiggins@example.org,USER
4089,Jeremy,Watson,christine91@example.com,ADMIN
4090,David,Kim,bmullins@example.net,USER
4091,Robert,Haas,wliu@example.net,USER
4092,Michele,Bradshaw,paulhatfield@example.org,USER
4093,Kimberly,Sanchez,mpalmer@example.org,USER
4094,Lisa,Montgomery,markhill@example.org,USER
4095,Linda,Gamble,hughesjoseph@example.net,USER
4096,Scott,Owen,pweiss@example.net,USER
4097,Tyler,Davis,cynthiaroberts@example.org,USER
4098,Karen,Hendrix,kimmarcus@example.com,USER
4099,Zachary,Gay,melissafischer@example.net,USER
4100,Jesse,Johnson,hillbryan@example.net,USER
4101,Lisa,Copeland,yclay@example.com,USER
4102,Annette,Sweeney,thomashanson@example.org,USER
4103,Justin,Mcdonald,reidstacey@example.net,USER
4104,Angela,Sanchez,terry27@example.net,USER
4105,Alyssa,Johnson,xcoleman@example.org,USER
4106,Whitney,Smith,florescrystal@example.org,USER
4107,Penny,Wilson,ruth54@example.com,USER
4108,Jason,Weaver,weaverhector@example.com,USER
4109,Andrew,Moore,walterbowers@example.com,USER
4110,Frank,Edwards,alexandersteele@example.net,USER
4111,Michael,Flores,rachel13@example.com,USER
4112,Eric,Mcdonald,owenangela@example.com,USER
4113,Emily,Baird,alexander51@example.org,USER
4114,Tonya,Dean,wileycynthia@example.org,USER
4115,William,Howard,underwoodcurtis@example.org,USER
4116,Tammy,Mayer,vasquezcrystal@example.org,USER
4117,Tiffany,Moss,carlos69@example.net,USER
4118,Robin,Lewis,thomasgraves@example.org,USER
4119,Kristen,Reyes,shane87@example.net,USER
4120,James,Bradley,emilythompson@example.org,USER
4121,Carrie,Bennett,richardsonjames@example.org,USER
4122,Scott,Hernandez,harrisjamie@example.com,USER
4123,Christina,Taylor,amanda19@example.org,USER
4124,Patricia,Price,molly64@example.org,USER
4125,Tammy,Bell,christophertorres@example.net,USER
4126,Tanya,Steele,nathan68@example.org,USER
4127,Micheal,Webster,victoria46@example.net,USER
4128,Jesse,Delgado,fergusonchristina@example.net,USER
4129,Timothy,Jenkins,johnnunez@example.org,USER
4130,David,Smith,lisaclark@example.org,USER
4131,Heather,Warren,dalehudson@example.org,USER
4132,Kayla,Nguyen,tylergreen@example.org,USER
4133,Kimberly,Sanchez,bhickman@example.net,USER
4134,Kevin,Williams,ypearson@example.org,USER
4135,Joanna,Marshall,mgross@example.com,USER
4136,Stephanie,Harris,kellytasha@example.com,USER
4137,James,Brown,jamesandrade@example.org,USER
4138,Anne,Johnson,kennethporter@example.net,USER
4139,Grace,Cox,ataylor@example.net,USER
4140,William,Garrett,zfranco@example.com,USER
4141,Alison,Galloway,williamsantos@example.com,USER
4142,Amy,Berry,smithkimberly@example.com,USER
4143,Melissa,Gordon,hutchinsonerik@example.net,USER
4144,Brandon,Acosta,mikestephens@example.com,USER
4145,Nicholas,Gordon,hendersonkimberly@example.net,USER
4146,Shannon,Anderson,craig99@example.com,USER
4147,Victoria,Ramos,davidgrant@example.net,USER
4148,Jason,Hansen,williamsonrobin@example.com,USER
4149,Nicole,Green,cpierce@example.com,USER
4150,Phyllis,Ferguson,jonathanmccullough@example.com,USER
4151,Amber,Hardin,omoon@example.org,USER
4152,Paul,White,chadforbes@example.net,USER
4153,Anthony,Warner,uevans@example.net,USER
4154,Catherine,Lane,jeffrey08@example.com,USER
4155,Jenny,Smith,seanthompson@example.net,USER
4156,Kimberly,Mccarthy,scottmartinez@example.net,USER
4157,Natalie,Fox,fjohnson@example.com,USER
4158,Kristin,Flores,youngjessica@example.org,USER
4159,Jennifer,Campbell,teresawilson@example.com,USER
4160,Elizabeth,Hughes,josephwheeler@example.com,USER
4161,Tammy,King,marycrawford@example.net,USER
4162,Erik,Perez,bellmichelle@example.com,USER
4163,Ricky,Taylor,mallory78@example.com,USER
4164,Jennifer,Morales,gallaghermartin@example.com,USER
4165,Kelly,Waller,darrylmendez@example.com,USER
4166,William,Stewart,icooper@example.com,USER
4167,Rebecca,Beck,edward58@example.com,USER
4168,Richard,Thompson,ashleybrown@example.com,USER
4169,Fernando,Mcgrath,rkennedy@example.org,USER
4170,Ryan,Johnson,veronica41@example.org,USER
4171,Zachary,Gonzales,angelalambert@example.net,USER
4172,Jeffery,Young,lindaflowers@example.net,USER
4173,Karen,Warren,ericlucas@example.com,USER
4174,Rodney,Mason,alopez@example.com,USER
4175,Tonya,Brown,richard74@example.net,USER
4176,Angela,Hansen,robertcastillo@example.net,USER
4177,Michael,Holland,williamschris@example.com,USER
4178,Robert,Mitchell,cfields@example.net,USER
4179,Lauren,Jones,knightmercedes@example.org,USER
4180,Brandon,Rodriguez,qkelly@example.net,USER
4181,Monique,Parker,selena30@example.org,USER
4182,Cody,Dyer,melissa27@example.net,USER
4183,Kenneth,Malone,lindasmith@example.net,USER
4184,Leroy,Nicholson,matthewleonard@example.net,USER
4185,William,Orozco,brianayala@example.org,USER
4186,Eric,Jenkins,xbrooks@example.com,USER
4187,Ashley,Rodriguez,ibrown@example.net,USER
4188,Elizabeth,Potter,linlisa@example.org,USER
4189,Jason,Durham,jnelson@example.com,USER
4190,Victoria,Odonnell,john94@example.net,USER
4191,Robert,Taylor,wnunez@example.org,USER
4192,Melanie,Dudley,victor74@example.org,USER
4193,Christopher,Jenkins,williamhaynes@example.com,USER
4194,James,Roberson,mcooper@example.net,USER
4195,Rachel,Snyder,anne20@example.com,USER
4196,Jennifer,Nunez,frank82@example.org,USER
4197,Brandon,Atkins,rmclean@example.net,USER
4198,Jerry,Kent,courtneydavies@example.net,USER
4199,Susan,Ellis,kenneth43@example.org,USER
4200,Kimberly,Hester,michael78@example.com,USER
4201,Stacy,Herman,natalie04@example.com,USER
4202,Sherry,Anderson,nball@example.com,USER
4203,Edward,Parrish,dorisphillips@example.net,USER
4204,Laura,Ortiz,johnsoncandace@example.com,USER
4205,Angelica,Carter,christinamartin@example.net,USER
4206,John,Gray,david28@example.org,USER
4207,Rodney,Hunter,dmontes@example.org,USER
4208,Justin,Vargas,petersonmichael@example.net,USER
4209,Ashley,Davis,jeremy56@example.com,USER
4210,Susan,Curtis,justinellison@example.com,USER
4211,Brian,Booth,palmerandrew@example.net,USER
4212,Jay,Case,brittanybishop@example.com,USER
4213,John,Fitzpatrick,melody90@example.net,USER
4214,Thomas,Shea,moorefrank@example.net,USER
4215,Craig,Jones,jparker@example.org,USER
4216,Teresa,Dixon,jonathan78@example.net,USER
4217,Brandy,Saunders,wallacechristy@example.net,USER
4218,Jennifer,Little,paulrobinson@example.com,USER
4219,Richard,Huynh,davidcook@example.org,USER
4220,Aaron,Mack,scotttravis@example.com,USER
4221,William,Lutz,scottmiddleton@example.com,USER
4222,Troy,Murphy,christinehowell@example.org,USER
4223,Paul,Trujillo,michael41@example.net,USER
4224,Lindsay,Gardner,tinarocha@example.com,USER
4225,Teresa,Zamora,alisonross@example.org,USER
4226,Julia,Smith,wpratt@example.org,USER
4227,Leslie,Cummings,gabriel47@example.net,USER
4228,Marie,Mcknight,wardmartin@example.org,USER
4229,James,Harris,xandrews@example.org,USER
4230,Charles,Ortega,lisa56@example.org,USER
4231,Christina,Henderson,villarrealnoah@example.net,USER
4232,Brent,Rodriguez,phamkristi@example.org,USER
4233,Victor,Coleman,pamela87@example.org,USER
4234,Kayla,Bell,sheriperez@example.net,USER
4235,Brian,Banks,nlee@example.net,USER
4236,Aaron,Mccullough,ydavenport@example.net,USER
4237,Jared,Cross,rschultz@example.org,USER
4238,Jenna,Schaefer,ymitchell@example.com,USER
4239,Kim,White,fstewart@example.org,USER
4240,Julie,Bailey,katherine38@example.com,USER
4241,Dennis,Douglas,mnguyen@example.org,USER
4242,Jessica,Collins,john94@example.org,USER
4243,Brittney,Cunningham,leslie96@example.org,USER
4244,Cynthia,Caldwell,adam92@example.com,USER
4245,Sean,Ortega,shannon36@example.net,USER
4246,Mark,Holland,floresdaniel@example.net,USER
4247,Eric,Davis,tylersharon@example.org,USER
4248,Denise,Hamilton,wendywoods@example.net,USER
4249,Daniel,Ramirez,robert19@example.com,USER
4250,Linda,Chandler,fhogan@example.net,USER
4251,Mason,Moran,josephsmith@example.org,USER
4252,Aaron,Lopez,ukhan@example.org,USER
4253,Brianna,Woods,christopher05@example.org,USER
4254,Ryan,Nguyen,sparkslaurie@example.org,USER
4255,John,Brown,patricia62@example.org,USER
4256,Lance,Washington,shieldsmary@example.com,USER
4257,Stephanie,Cook,james42@example.net,USER
4258,Candace,Tapia,reidmarilyn@example.org,USER
4259,Beth,Brown,drodriguez@example.com,USER
4260,Daniel,Kirby,zsanders@example.net,USER
4261,Brian,Hamilton,david79@example.net,USER
4262,Melissa,Harrison,gleonard@example.net,USER
4263,Barbara,Mitchell,njohnson@example.com,USER
4264,Emily,Dunn,christina12@example.org,USER
4265,Cassie,Conrad,andrewcaldwell@example.com,USER
4266,Amber,Collins,kchavez@example.net,USER
4267,William,Wagner,kimberly75@example.net,USER
4268,Richard,Schmidt,bmedina@example.org,USER
4269,Sergio,King,sheilayoung@example.org,USER
4270,Ashley,Alexander,jonathan59@example.com,USER
4271,Allen,Burnett,melissapham@example.org,USER
4272,Patrick,Hodge,jonesmark@example.com,USER
4273,Kathy,Boyd,hillamanda@example.net,USER
4274,Ian,Carter,mparker@example.net,USER
4275,Maria,Flynn,davidsonshannon@example.com,USER
4276,Laura,Brown,elizabeth23@example.net,USER
4277,Daniel,Escobar,efowler@example.net,USER
4278,Christopher,Walker,diazwilliam@example.org,USER
4279,Jenna,James,johnsonraven@example.net,USER
4280,Brandon,Reynolds,juan40@example.com,USER
4281,Faith,Payne,corey39@example.com,USER
4282,Rebecca,Simpson,keyjacqueline@example.org,USER
4283,Cindy,Jennings,iclarke@example.net,USER
4284,Brian,Hanson,dbernard@example.net,USER
4285,Roberto,Weeks,staffordmarissa@example.com,USER
4286,Michelle,Patterson,ypitts@example.org,USER
4287,Curtis,Malone,maryramirez@example.org,USER
4288,Robert,Grimes,hawkinsanthony@example.net,USER
4289,April,Irwin,joshuagregory@example.com,ADMIN
4290,Cindy,Castillo,jacqueline24@example.org,USER
4291,Arthur,Brown,diazjulie@example.net,USER
4292,Michelle,Davis,bridget96@example.org,USER
4293,Kerri,Parks,cynthia76@example.com,USER
4294,Deanna,Garcia,brittany58@example.org,USER
4295,Howard,Cox,millerderek@example.com,USER
4296,Jesse,Baker,tonyaramos@example.com,USER
4297,Heidi,Wells,barbara26@example.net,USER
4298,Gerald,Jensen,judith43@example.net,USER
4299,Joshua,Medina,christophermills@example.org,USER
4300,David,Edwards,thomas94@example.org,USER
4301,Emily,Wood,clarkamy@example.com,USER
4302,Toni,Shaffer,ericmcconnell@example.com,USER
4303,Michael,Gordon,chelseaallen@example.com,USER
4304,Luis,Jackson,edward32@example.com,USER
4305,Jimmy,Hale,rodgersashley@example.net,USER
4306,Timothy,Johnston,bnguyen@example.org,USER
4307,Andrea,Henry,nathanielsmith@example.net,USER
4308,Jonathon,Vazquez,jennifer04@example.net,USER
4309,George,Stafford,alvarezerika@example.org,USER
4310,April,Lopez,adrienne29@example.org,USER
4311,Michelle,Curry,mirandanancy@example.org,ADMIN
4312,Crystal,Ward,yramsey@example.org,USER
4313,Alexandra,Richardson,margarettaylor@example.org,USER
4314,Katelyn,Giles,stantonvictoria@example.com,USER
4315,Melinda,Brown,james27@example.net,USER
4316,Andrew,Rowe,katie47@example.com,USER
4317,Sara,Sherman,flewis@example.org,USER
4318,Joel,Gonzales,john28@example.net,USER
4319,Andrea,Davies,janetpena@example.org,USER
4320,Tracey,Melton,vowen@example.com,USER
4321,Hailey,Cox,katherinetucker@example.com,USER
4322,Joseph,Roberts,mooremark@example.com,USER
4323,Eric,Jackson,weavernancy@example.org,USER
4324,Kristen,Ingram,erica29@example.net,USER
4325,Grace,Hughes,aprilwest@example.net,USER
4326,Erica,Bender,moonryan@example.net,USER
4327,Lauren,Harris,matthew06@example.net,USER
4328,Melinda,Gonzalez,christinajones@example.org,USER
4329,Terri,Black,ssmith@example.org,USER
4330,Todd,Brooks,gnorton@example.org,USER
4331,John,Curtis,wardcarmen@example.net,ADMIN
4332,Stephanie,Campos,eaustin@example.org,USER
4333,Jason,Jackson,byrdsherry@example.net,USER
4334,Kathleen,Stone,hfarmer@example.org,USER
4335,Christopher,Huang,mgarcia@example.net,USER
4336,Greg,Benjamin,romeromatthew@example.net,USER
4337,Eileen,Mitchell,jason72@example.org,USER
4338,Mary,Thompson,achaney@example.org,USER
4339,Michelle,Harrington,suttonwilliam@example.com,USER
4340,Jesse,Mcclain,brandongarza@example.com,USER
4341,Ashley,Freeman,yhunt@example.com,USER
4342,Gregory,Peters,jonesalicia@example.net,USER
4343,Thomas,Ford,reevesheather@example.org,USER
4344,Daniel,Moore,skelly@example.com,USER
4345,Kyle,Smith,andersonjason@example.org,USER
4346,Charles,Rose,bbuchanan@example.com,USER
4347,Gregory,Sanchez,troyedwards@example.net,USER
4348,Andrea,Salas,cheryl20@example.com,USER
4349,Jeffery,Vincent,jamesdavid@example.com,USER
4350,Gary,Foster,smithmaurice@example.org,USER
4351,Sarah,Smith,stevensdonna@example.org,USER
4352,Katherine,Brown,kdillon@example.org,USER
4353,James,Pearson,lewisshane@example.org,USER
4354,Gregory,Jefferson,walllarry@example.org,USER
4355,Michelle,Campos,fjensen@example.net,USER
4356,Joel,Powell,fsimpson@example.org,USER
4357,Barry,Paul,brandon98@example.org,USER
4358,Ryan,Kirby,hannahclay@example.com,USER
4359,Jeremy,Yu,anthony62@example.com,USER
4360,David,Mccann,collinsmartha@example.com,USER
4361,Nicholas,Wilson,austinkline@example.net,USER
4362,Charles,Daniel,craig32@example.org,USER
4363,Brittany,Ramos,hancocksarah@example.org,ADMIN
4364,Kelly,Smith,clarence35@example.net,USER
4365,Crystal,Barnes,hperez@example.com,USER
4366,Timothy,Gonzalez,chapmanmorgan@example.org,USER
4367,Jacqueline,Johnson,curtis26@example.com,USER
4368,Michael,Davis,russell31@example.com,USER
4369,Peter,Smith,perezjonathan@example.net,USER
4370,Rebecca,Wood,william46@example.net,USER
4371,Keith,Martin,shawkathryn@example.net,USER
4372,Andrew,Lewis,davistiffany@example.org,USER
4373,Carol,Kelley,sullivanalfred@example.net,USER
4374,Daniel,Tucker,antonio51@example.net,USER
4375,Beth,Martin,wkennedy@example.org,USER
4376,Juan,Davis,qholland@example.org,USER
4377,Emily,Solomon,victoria96@example.com,USER
4378,Roger,Hobbs,kmueller@example.org,USER
4379,Douglas,Smith,bmiller@example.org,USER
4380,Patrick,Nunez,justinbennett@example.com,USER
4381,Christopher,Carter,jenniferpage@example.net,USER
4382,Taylor,Parks,vpace@example.org,USER
4383,Caleb,Phillips,michael80@example.org,USER
4384,Dustin,Williamson,whitneyjennifer@example.com,USER
4385,Kevin,Gonzalez,roger42@example.com,USER
4386,Hailey,Watkins,robertdavis@example.net,USER
4387,Angel,Meyer,josebrown@example.net,USER
4388,Darren,Mckinney,scott23@example.com,USER
4389,Adam,Phillips,glennjackson@example.com,USER
4390,Rebecca,Harris,lopezjulia@example.com,USER
4391,Robert,Mcknight,solomonmichael@example.org,USER
4392,Travis,Adams,davisjohn@example.com,USER
4393,Christina,Bell,angela81@example.com,USER
4394,Jacob,Harris,gmontgomery@example.org,USER
4395,Kathleen,Moyer,lauriehenderson@example.net,USER
4396,Theresa,Hamilton,taylorbruce@example.com,USER
4397,Justin,Ramirez,ecopeland@example.com,USER
4398,Jordan,Peters,patrick50@example.net,USER
4399,Jose,Gomez,banksyolanda@example.com,USER
4400,John,Joyce,michaelandrade@example.net,USER
4401,Beth,Jackson,jwilson@example.net,USER
4402,Maxwell,Rogers,kingallison@example.org,USER
4403,Marcus,Cook,sanchezsheila@example.net,USER
4404,Misty,Weaver,krogers@example.org,USER
4405,Amanda,Oconnell,maxwelljacob@example.org,USER
4406,Lisa,Wise,hornmatthew@example.org,USER
4407,Tara,Burns,grossamber@example.org,USER
4408,Jeremy,Valenzuela,andrew67@example.com,USER
4409,Latoya,Vargas,perkinsdeborah@example.net,USER
4410,Andre,Smith,libarra@example.com,USER
4411,Austin,Gomez,wcarter@example.com,USER
4412,Michael,Mann,atkinsonbrittany@example.org,USER
4413,Pamela,Wright,elindsey@example.org,USER
4414,Andrea,Torres,ingramsara@example.com,USER
4415,Julie,Watson,ucoleman@example.net,USER
4416,Robin,Weber,awhite@example.org,USER
4417,Frank,Alvarez,sylviagould@example.com,USER
4418,Katelyn,Lee,duncanvanessa@example.com,USER
4419,Robert,Hubbard,bradshawjoseph@example.net,USER
4420,Jesus,Lee,psanders@example.org,USER
4421,Edward,Ray,scruz@example.net,USER
4422,Christopher,Schultz,wjohnson@example.net,USER
4423,Courtney,Aguilar,jacob36@example.net,USER
4424,John,Wright,stevenferguson@example.org,USER
4425,Jeffery,Jones,james13@example.com,USER
4426,Michele,Olson,ballardkara@example.org,USER
4427,Robert,Jones,steven20@example.com,USER
4428,Jamie,Murray,wblackwell@example.org,USER
4429,Jessica,Collins,mallory55@example.com,USER
4430,Monica,Hayes,calebdavis@example.com,USER
4431,William,Murphy,richardhall@example.net,USER
4432,Jessica,Smith,jeffrey30@example.org,USER
4433,Kenneth,Contreras,ghunter@example.com,USER
4434,Nathaniel,Hamilton,wulaura@example.com,USER
4435,Penny,Romero,potteremily@example.com,USER
4436,Justin,Morales,angelacasey@example.com,USER
4437,Cameron,Harris,zjohnson@example.net,USER
4438,Stephen,Duran,fdavenport@example.com,USER
4439,Anne,Norris,leerhonda@example.org,USER
4440,Bridget,Harris,torresadam@example.org,USER
4441,Aaron,Villanueva,joshuarodriguez@example.org,USER
4442,Richard,Henry,beverly73@example.net,USER
4443,Hannah,Russell,harrisjesus@example.net,USER
4444,Thomas,Anderson,cynthiapacheco@example.net,USER
4445,Dakota,Jones,rachael92@example.com,USER
4446,Haley,Nichols,randolphchristopher@example.com,USER
4447,Tommy,Russell,johncollins@example.net,USER
4448,Thomas,Meyer,gsmith@example.com,USER
4449,Kyle,Mcknight,smoore@example.net,USER
4450,John,Hicks,morgananthony@example.net,USER
4451,Christopher,Castillo,thompsonwilliam@example.org,USER
4452,Sean,Schultz,rebecca93@example.org,USER
4453,Kimberly,Orozco,kristinlucas@example.net,USER
4454,Cole,Simmons,john53@example.com,USER
4455,Brittany,Daniel,staceyparsons@example.org,USER
4456,Samuel,Chen,ryan23@example.org,USER
4457,Lisa,Price,brownbarbara@example.com,USER
4458,Travis,Cooley,jane12@example.net,ADMIN
4459,Paige,Smith,samuel20@example.net,ADMIN
4460,James,Barnes,amy48@example.com,USER
4461,Richard,Lewis,jstephens@example.com,USER
4462,Jacqueline,Castillo,leahanderson@example.com,USER
4463,Stephen,Russell,mmccann@example.net,USER
4464,Nancy,Parks,mccarthyrickey@example.net,USER
4465,Michelle,Williams,kendra41@example.net,USER
4466,Robert,Dunn,susanperry@example.net,USER
4467,John,Wright,robert18@example.com,USER
4468,Michael,Cooper,folson@example.net,USER
4469,Michael,Taylor,tamara83@example.com,USER
4470,Charles,Dudley,scottcollins@example.net,USER
4471,Rebecca,Lee,ijohnson@example.com,USER
4472,Joseph,Smith,marissa67@example.net,USER
4473,Bryan,Martinez,lburnett@example.net,USER
4474,Marvin,Moyer,gentrykatherine@example.net,USER
4475,Aaron,Young,kclark@example.net,USER
4476,Kelly,Walker,torrestravis@example.org,USER
4477,Colleen,Kim,huntnicholas@example.com,USER
4478,Michele,Smith,gfrank@example.net,USER
4479,Margaret,Ford,delacruzmelanie@example.net,USER
4480,Wayne,Weber,erikayoung@example.net,USER
4481,Kevin,Jackson,lbauer@example.com,USER
4482,Hunter,Winters,clayrichard@example.com,USER
4483,Michael,Flores,adrienne32@example.net,USER
4484,Charles,Smith,wcaldwell@example.org,USER
4485,Kristen,Long,vicki73@example.net,USER
4486,Jennifer,Hines,darrell96@example.org,USER
4487,Kimberly,Francis,aclayton@example.net,USER
4488,Michelle,Keller,tonyaalexander@example.com,USER
4489,Andrew,Schwartz,kelly56@example.net,USER
4490,Steven,Lawrence,carterjerry@example.net,USER
4491,Paula,Montoya,vmurphy@example.com,USER
4492,Jose,Floyd,rhawkins@example.org,USER
4493,Robert,Watson,monicapayne@example.net,USER
4494,Kyle,Bush,ychapman@example.net,USER
4495,Brent,Padilla,palmerkatherine@example.net,USER
4496,Angela,Roberts,danielle36@example.org,USER
4497,Sharon,Fox,matthew26@example.org,USER
4498,Rebecca,Hobbs,ksalazar@example.org,USER
4499,Diana,English,natashaburke@example.net,USER
4500,Kelly,Lewis,parkschristopher@example.org,USER
4501,Joshua,Horn,mark79@example.net,USER
4502,Candace,Gillespie,zlopez@example.com,USER
4503,Kimberly,Phelps,panderson@example.org,USER
4504,Patrick,Clark,hbailey@example.org,USER
4505,Scott,Jones,daniel04@example.org,USER
4506,Joel,Tucker,fbest@example.net,USER
4507,Michael,Carpenter,juliaball@example.org,USER
4508,Joseph,Guzman,frobinson@example.net,USER
4509,Robert,Edwards,haguilar@example.org,USER
4510,Anthony,Jacobs,joseph02@example.net,USER
4511,Janet,Ware,rachel38@example.net,USER
4512,Allison,Bennett,rpowell@example.org,USER
4513,Joe,Price,iadams@example.net,USER
4514,Ronald,Hunter,amorrison@example.net,USER
4515,Katie,Holmes,annettemiller@example.com,USER
4516,David,Schwartz,breanna94@example.net,USER
4517,Brian,Campbell,jorge42@example.com,USER
4518,Brian,Taylor,joseph27@example.net,USER
4519,Robert,Brown,johnny28@example.com,ADMIN
4520,Joshua,Brown,tina93@example.net,USER
4521,David,King,allenamy@example.net,USER
4522,Shelia,Johnson,robert99@example.net,ADMIN
4523,Darius,Strong,amanda77@example.org,USER
4524,Pamela,Harrison,rodriguezbarbara@example.net,USER
4525,Claire,Massey,tracielong@example.com,USER
4526,Mary,Conrad,tholt@example.net,USER
4527,Lisa,Olsen,hinestimothy@example.com,USER
4528,Carlos,Powell,iclark@example.org,ADMIN
4529,John,Mays,julieortiz@example.com,USER
4530,Gail,Mendez,nturner@example.com,USER
4531,Richard,Diaz,ashley70@example.com,USER
4532,Jeffrey,Phillips,lisachurch@example.net,USER
4533,Matthew,Garcia,delgadoomar@example.org,USER
4534,Rebecca,Pearson,haynesmichelle@example.net,USER
4535,John,Scott,amandastark@example.net,USER
4536,Bridget,Carson,john65@example.org,USER
4537,Keith,Kelly,mmontgomery@example.org,USER
4538,Benjamin,Miller,nancylopez@example.com,USER
4539,Dean,Turner,patricia15@example.net,USER
4540,Stephen,Palmer,heather27@example.com,USER
4541,Zachary,Cherry,pearsongreg@example.com,USER
4542,Lisa,Chandler,lindaperez@example.com,USER
4543,Ryan,Skinner,rebecca01@example.net,USER
4544,Joseph,Hogan,ylong@example.org,USER
4545,Robert,Mckenzie,nicolerandall@example.net,USER
4546,Kelsey,Brown,acampbell@example.org,USER
4547,Christian,Parker,qbarron@example.org,USER
4548,Danielle,Richardson,jasonwalters@example.com,USER
4549,Mike,Barry,juan12@example.net,USER
4550,Lauren,Robinson,joan67@example.net,USER
4551,Glenn,Green,jonescarolyn@example.net,USER
4552,Christina,Thornton,stafforderin@example.com,USER
4553,Tina,Morgan,margaret56@example.org,USER
4554,Maria,Patel,pdrake@example.org,USER
4555,Tyler,Fritz,houstonjohn@example.net,USER
4556,Justin,Dawson,melanie34@example.org,USER
4557,Steven,Nelson,shawjill@example.org,USER
4558,Nicholas,Mcdowell,elizabethwilliams@example.com,USER
4559,Emily,Stewart,robert51@example.org,USER
4560,Brian,Jensen,nrodriguez@example.net,USER
4561,Michael,Vargas,daniellemoore@example.org,USER
4562,Krystal,Hall,amanda64@example.org,USER
4563,Tammy,Carlson,joseph28@example.org,USER
4564,Hailey,King,brownveronica@example.net,USER
4565,Karen,Rodriguez,sarah07@example.net,USER
4566,Tyler,Smith,gabrielle90@example.org,USER
4567,John,Nelson,sonyareese@example.org,USER
4568,Nichole,Thomas,erin55@example.net,USER
4569,Victoria,Fuentes,catherine56@example.com,USER
4570,Jessica,Ramos,marypatrick@example.net,USER
4571,John,Carpenter,jared09@example.net,USER
4572,Michael,Maddox,kathleen87@example.net,USER
4573,Samantha,Glover,sheltonariel@example.com,USER
4574,Henry,Booth,cassandrastone@example.org,USER
4575,Evelyn,Jones,ocervantes@example.net,USER
4576,Brianna,Wang,misty25@example.net,USER
4577,Julie,Bowman,huangrhonda@example.com,ADMIN
4578,Cory,Ferguson,ckelly@example.com,USER
4579,Brian,Riley,beckaustin@example.com,USER
4580,Olivia,Alvarado,brandonmorales@example.net,USER
4581,Rhonda,Tanner,jared06@example.com,USER
4582,Samantha,King,klee@example.org,USER
4583,Edward,Soto,makayla40@example.net,USER
4584,Tim,Reid,imiller@example.net,USER
4585,Claudia,Chambers,jonesbrian@example.org,USER
4586,Katherine,Freeman,cherylwaller@example.org,USER
4587,Jessica,Montgomery,sarah61@example.net,USER
4588,Kimberly,Long,ehill@example.org,USER
4589,Tracy,Berry,ian56@example.com,USER
4590,Derek,Haynes,stephensdaniel@example.net,USER
4591,Rachel,Gill,alexandersmith@example.net,USER
4592,Paul,Reid,gregoryrivera@example.net,USER
4593,Sarah,Brown,zphillips@example.net,ADMIN
4594,Patrick,Gray,jason08@example.com,USER
4595,Andrew,Phillips,colehenry@example.org,USER
4596,David,Esparza,qcopeland@example.com,USER
4597,Thomas,Johnson,gibbsbryan@example.com,USER
4598,Susan,Young,nrice@example.org,ADMIN
4599,Charles,Martinez,williamsstephen@example.net,USER
4600,Anthony,Guerrero,ioliver@example.net,USER
4601,Brandon,Garcia,bryantjessica@example.com,USER
4602,Joseph,Little,isingh@example.net,USER
4603,Mitchell,Avila,owatkins@example.net,USER
4604,Jeffrey,Fuller,cynthia47@example.net,USER
4605,Tiffany,Bass,cardenaskathleen@example.net,USER
4606,Christine,Roberson,juliadavid@example.net,USER
4607,Justin,Moran,nedwards@example.org,USER
4608,Amanda,Roberts,jameswiley@example.org,USER
4609,Joseph,Meyers,anthonyford@example.org,USER
4610,Aaron,Moore,qbailey@example.com,USER
4611,Michael,Burnett,yballard@example.net,USER
4612,Christopher,Coleman,matthewgarcia@example.org,USER
4613,Lori,Walters,leelisa@example.net,USER
4614,Frank,Wells,tinafrye@example.net,USER
4615,John,Johnson,pattonkaitlyn@example.com,USER
4616,Angela,Mcpherson,nicholsheather@example.net,USER
4617,Ruben,Neal,martinmichael@example.org,USER
4618,Kevin,Park,brianjarvis@example.net,USER
4619,Maria,Marshall,gmartinez@example.org,USER
4620,Sean,Park,smithalyssa@example.org,USER
4621,Tamara,Rosales,bkidd@example.org,USER
4622,Roberta,Anderson,edwin67@example.org,USER
4623,Maria,Hayes,smithkathy@example.com,USER
4624,Amanda,Fox,carterolivia@example.com,USER
4625,Nancy,Larsen,vdunn@example.org,USER
4626,Cynthia,Carter,matthewstewart@example.com,USER
4627,Sara,Ryan,zlove@example.org,USER
4628,Erin,Armstrong,hughesrachel@example.org,USER
4629,Jeffrey,Martin,dianesingh@example.org,USER
4630,Cory,Rhodes,maciasmichael@example.net,USER
4631,Tammy,Shelton,bellwendy@example.org,USER
4632,Christine,Bautista,donaldbrown@example.com,USER
4633,Tony,Henry,jennifer61@example.net,USER
4634,Christopher,Fowler,gloria33@example.net,USER
4635,Kim,Davis,sandratravis@example.net,USER
4636,Frances,Kerr,hamiltonamy@example.net,USER
4637,Christopher,Cortez,qsanders@example.org,USER
4638,Anthony,Conrad,bellchristopher@example.net,USER
4639,Jason,Galvan,lisa36@example.org,ADMIN
4640,Marc,Rose,oramos@example.org,USER
4641,Justin,Thomas,clinton67@example.com,USER
4642,Drew,Owen,pmcgee@example.org,USER
4643,Christina,Mitchell,david32@example.com,USER
4644,Allison,Daniel,ujohnson@example.net,USER
4645,Gerald,Allison,fishergary@example.net,USER
4646,Bridget,Hawkins,joseph26@example.org,USER
4647,Samuel,Bullock,curtismiddleton@example.com,USER
4648,Adriana,Anderson,zlong@example.org,USER
4649,Joseph,Scott,deantheresa@example.net,USER
4650,Johnny,Mora,tcoleman@example.org,USER
4651,Melissa,Anderson,zkirk@example.net,USER
4652,Lauren,Bentley,gutierrezgregory@example.com,USER
4653,Nathan,Murray,nathansandoval@example.net,USER
4654,Angela,Murphy,garrettmichael@example.com,USER
4655,Jordan,Cook,washingtonrobert@example.net,USER
4656,Steve,Evans,amywright@example.org,USER
4657,Stephen,Williams,jamesobrien@example.net,USER
4658,Gregory,Lowery,samanthacox@example.com,USER
4659,Margaret,Lara,hughesalexis@example.org,USER
4660,Nichole,Roman,daniel65@example.com,USER
4661,Richard,Aguirre,garciakathy@example.net,USER
4662,Daniel,Valdez,emily73@example.net,USER
4663,Danielle,Becker,sotomaria@example.net,USER
4664,Lori,Young,april48@example.net,USER
4665,Alan,Garcia,iwells@example.com,USER
4666,Tina,Terry,paul85@example.org,USER
4667,Maria,Guzman,maldonadojuan@example.com,USER
4668,Ashley,Acevedo,barraaron@example.org,USER
4669,Anthony,Pham,garrettreid@example.com,USER
4670,Jose,Davis,vnguyen@example.com,USER
4671,Antonio,Neal,stevenking@example.org,USER
4672,Lori,Bowman,hburch@example.org,USER
4673,Sarah,Young,lflores@example.com,USER
4674,Bradley,Smith,diazamy@example.net,USER
4675,Misty,Roy,sarah78@example.org,USER
4676,Amy,Sanders,ysoto@example.net,USER
4677,Diana,Burton,odonnellyolanda@example.org,USER
4678,Shawn,Brown,lamroger@example.net,USER
4679,George,Martin,pgray@example.com,USER
4680,Gary,Diaz,baileytiffany@example.org,USER
4681,Theresa,Gay,griffinmary@example.net,USER
4682,Patricia,Gibson,christinejackson@example.net,USER
4683,Brooke,Sweeney,eileenortiz@example.com,USER
4684,Amanda,Christian,brandy63@example.net,USER
4685,Brandi,Huang,rnewman@example.net,USER
4686,Mario,Lynch,lynchkelsey@example.net,USER
4687,Jerry,Allen,melinda85@example.com,USER
4688,Megan,Hernandez,josepena@example.net,USER
4689,Zachary,Lynch,mmiller@example.org,USER
4690,Michael,Choi,bdiaz@example.net,USER
4691,Daisy,Matthews,nelsonbrenda@example.net,USER
4692,Katherine,Hooper,caleb79@example.com,USER
4693,Courtney,Moore,lopezcaitlin@example.net,USER
4694,Christina,Cross,hillmelissa@example.net,USER
4695,Christopher,Jones,kennedyevan@example.com,USER
4696,Matthew,Black,qnelson@example.org,USER
4697,Meagan,Johnston,roberttran@example.net,USER
4698,Tara,Reed,whitneytrevor@example.org,USER
4699,Vanessa,Clayton,kellyleah@example.org,USER
4700,Ashley,Jimenez,tamarasandoval@example.com,USER
4701,Sean,Jennings,markvang@example.net,USER
4702,Katherine,Marks,sporter@example.net,USER
4703,Amy,Coleman,smithmatthew@example.net,USER
4704,Anna,Anderson,omarhernandez@example.net,USER
4705,Jacob,Oliver,kristen00@example.org,USER
4706,Teresa,Cooper,longdebra@example.org,USER
4707,Kyle,Adams,xwilliams@example.com,USER
4708,Hannah,Merritt,amanda74@example.com,USER
4709,Paul,Cisneros,raymondamanda@example.com,USER
4710,Scott,Caldwell,duffycody@example.net,USER
4711,Brian,Moran,pwright@example.com,USER
4712,Kyle,Townsend,wagnerlori@example.org,USER
4713,Brandon,Moore,alexisnorman@example.net,USER
4714,Thomas,Cooper,jasonwaters@example.com,USER
4715,Victoria,Hampton,sarahsweeney@example.com,USER
4716,Max,Cole,michael58@example.com,USER
4717,Angela,Shepard,angel66@example.com,USER
4718,Valerie,Mason,dianecollins@example.net,USER
4719,Thomas,Walker,brownmatthew@example.com,USER
4720,Richard,Baker,johnwallace@example.net,USER
4721,Michael,Richards,keith04@example.org,USER
4722,Hannah,Collins,murphyjulie@example.org,USER
4723,Kathy,Olson,vmorrison@example.net,USER
4724,Daniel,Jones,garzadeborah@example.org,USER
4725,Amanda,Alexander,diana55@example.net,USER
4726,Joshua,Thompson,ortegajohn@example.net,USER
4727,Edward,Jones,dboone@example.net,USER
4728,Christopher,Meyer,reevesnicholas@example.net,USER
4729,Kristen,Phillips,nicholasgallegos@example.net,USER
4730,Cindy,Smith,cassandra71@example.com,USER
4731,Jeffrey,Perry,thomas93@example.net,USER
4732,Kevin,Castillo,jenniferbutler@example.com,USER
4733,Crystal,Davis,ytrujillo@example.com,USER
4734,Tammy,Stewart,fernandezjaime@example.net,USER
4735,Robert,Stewart,steinsergio@example.net,USER
4736,Jill,Bowman,villarrealjames@example.org,USER
4737,Dennis,Barnes,lucas74@example.org,USER
4738,Donald,Fuller,sara95@example.net,USER
4739,Kathryn,Dunlap,xberry@example.net,USER
4740,Monica,Davis,cstone@example.org,USER
4741,Daniel,Meyer,michaelsellers@example.org,USER
4742,George,Young,mark23@example.org,ADMIN
4743,Lisa,Steele,oconnellherbert@example.com,USER
4744,Luis,Porter,cannonvictoria@example.net,USER
4745,Steven,Wise,curtis49@example.org,USER
4746,Willie,Jenkins,tylerbrown@example.org,USER
4747,Cory,Scott,andersonjulia@example.org,USER
4748,Suzanne,Smith,shughes@example.com,USER
4749,Jared,Ramirez,psmith@example.net,USER
4750,Nicholas,Choi,jennysanders@example.org,USER
4751,Jennifer,Little,kjohnson@example.com,USER
4752,Edward,Ward,adamsdanielle@example.net,USER
4753,Jeremy,Bell,wellsdebra@example.net,USER
4754,Patrick,Romero,bakerjulie@example.net,USER
4755,Larry,Cox,wwilliams@example.org,USER
4756,Lynn,Frey,justin72@example.org,USER
4757,Jonathan,Snow,leah30@example.com,USER
4758,Patricia,Ali,chloesmith@example.com,USER
4759,Diana,Durham,thomassingleton@example.org,USER
4760,James,Williams,jefferydiaz@example.com,USER
4761,Richard,Hicks,foxeric@example.com,USER
4762,Nicole,Salazar,yphillips@example.com,USER
4763,Bethany,Williams,jennifer73@example.org,USER
4764,Rebecca,Smith,richardprice@example.net,USER
4765,Emily,Smith,stephen50@example.org,USER
4766,Spencer,Edwards,robert65@example.com,USER
4767,Zachary,Hubbard,brewermarcus@example.com,USER
4768,Mikayla,Crawford,frankjackson@example.org,USER
4769,Bobby,Allen,rosshannah@example.net,USER
4770,Daniel,Johnson,ephelps@example.org,USER
4771,Joanne,Sanchez,matthewmiller@example.net,ADMIN
4772,Laura,Davis,tina20@example.org,USER
4773,Amy,Rodriguez,javierspencer@example.net,USER
4774,Melissa,Bonilla,adamsjennifer@example.org,USER
4775,Cynthia,Spears,derek49@example.org,USER
4776,George,Allen,jesseanderson@example.net,USER
4777,Brian,Johnson,davidfox@example.net,USER
4778,George,Hopkins,josephyoung@example.org,USER
4779,Danielle,Huff,kleinjesus@example.org,USER
4780,Katherine,Munoz,fwilson@example.com,USER
4781,Ivan,Ramirez,ricky76@example.com,USER
4782,Brian,Saunders,xellis@example.org,USER
4783,Nicholas,Stein,arnoldaaron@example.com,USER
4784,Bernard,Brown,paulayoung@example.org,USER
4785,David,Fry,griffithmatthew@example.com,ADMIN
4786,Mary,Martin,burnssarah@example.org,USER
4787,Ruben,Matthews,manuel98@example.net,USER
4788,Thomas,Hayes,ugonzalez@example.net,USER
4789,Ian,Turner,calebreynolds@example.net,USER
4790,Ernest,Lopez,sophiadickerson@example.org,USER
4791,Alexa,Hartman,vincentreilly@example.org,USER
4792,Jennifer,Robinson,cruztodd@example.org,USER
4793,Kelsey,Hensley,samantha01@example.com,USER
4794,Kevin,Jackson,sandra29@example.org,USER
4795,Johnathan,Wood,hleonard@example.net,USER
4796,Madison,Bradley,rebeccaterry@example.com,USER
4797,Austin,Perry,heatheraustin@example.org,USER
4798,James,Best,daniel35@example.net,USER
4799,Lori,Luna,jaredboyd@example.net,USER
4800,Dawn,Aguilar,simonlindsay@example.net,USER
4801,Andrew,Allen,rileyjulie@example.com,USER
4802,Anna,Ward,brian25@example.com,USER
4803,David,White,alexisolson@example.net,USER
4804,Robert,Beasley,tmorrison@example.net,USER
4805,Margaret,Long,umitchell@example.net,USER
4806,Karen,Jackson,adamsjohn@example.com,USER
4807,Stephanie,James,blake69@example.org,USER
4808,Elizabeth,Taylor,francismason@example.org,USER
4809,Erica,Wood,patricia11@example.net,USER
4810,Elizabeth,Mcclain,michael62@example.net,USER
4811,Kevin,Jones,ckeller@example.com,USER
4812,Paula,Romero,stephanie59@example.com,USER
4813,Kevin,Johnson,rogeradams@example.com,USER
4814,Megan,Nguyen,tiffanymoore@example.com,USER
4815,Luke,Jefferson,donaldrussell@example.org,USER
4816,Kenneth,Walker,dominguezrebecca@example.org,USER
4817,Timothy,Reed,james10@example.net,USER
4818,Calvin,Lowe,pferguson@example.org,USER
4819,Christine,Barry,john12@example.org,USER
4820,Victoria,Martin,chill@example.com,USER
4821,Samuel,Ford,ogonzales@example.net,USER
4822,Patrick,Campbell,oburton@example.org,USER
4823,Steven,Hopkins,stevenschristopher@example.org,USER
4824,Jessica,Quinn,tayloryvonne@example.com,USER
4825,Alexandra,Smith,tobrien@example.org,USER
4826,Daniel,Rodgers,lparker@example.net,USER
4827,Andrew,Ramirez,serranodiane@example.net,USER
4828,Bryan,Jackson,gwendolyndennis@example.com,USER
4829,Samantha,Thompson,campbellcarolyn@example.org,USER
4830,Jennifer,Perry,beasleychristopher@example.org,USER
4831,Brian,Williams,gina31@example.org,USER
4832,Lauren,Wood,robinsonmichael@example.net,USER
4833,William,Dunn,hughesalexis@example.com,USER
4834,Sean,Patrick,adamsjoseph@example.org,USER
4835,Michael,Jones,wsmith@example.org,USER
4836,Joseph,Anderson,rwells@example.org,USER
4837,Calvin,Osborne,vwilson@example.org,USER
4838,David,Solomon,uthompson@example.com,USER
4839,Meghan,Scott,christina41@example.org,USER
4840,Philip,Holland,arichmond@example.net,USER
4841,Jonathan,Terry,ulopez@example.com,USER
4842,Jason,Atkinson,crawfordvictor@example.org,USER
4843,Jacob,Smith,marcjohnson@example.net,USER
4844,Vanessa,Flores,kevinsmith@example.net,USER
4845,Samuel,Moody,icraig@example.com,USER
4846,Katie,Hall,rickgarcia@example.org,USER
4847,Sandra,Aguilar,kimberlywhitaker@example.net,USER
4848,Tonya,Raymond,kendra09@example.net,USER
4849,Felicia,Wilson,hdavid@example.net,USER
4850,Derek,Haynes,zacharywest@example.com,USER
4851,Jessica,Rogers,kennethrivera@example.org,USER
4852,Edgar,Simmons,timothypatel@example.net,USER
4853,Ryan,Larson,rlarsen@example.net,USER
4854,Bryan,Miller,chad29@example.net,USER
4855,Jessica,Hale,rhernandez@example.org,USER
4856,Andrew,Simmons,ggibson@example.org,USER
4857,Alexander,Smith,johnbrown@example.net,USER
4858,Laura,Schultz,baldwinmichelle@example.org,USER
4859,James,Gill,shawn20@example.net,USER
4860,Henry,Wright,tcruz@example.com,USER
4861,Dawn,Smith,jmckenzie@example.net,USER
4862,Lisa,Nguyen,sheltonpatrick@example.com,USER
4863,Brian,Fleming,btapia@example.org,USER
4864,Tiffany,Rosales,spenceraaron@example.org,USER
4865,Colleen,Newton,dominiquepowers@example.com,USER
4866,Peter,Webb,hsmith@example.com,USER
4867,Jeremy,Brock,lisalarson@example.com,USER
4868,Bradley,Myers,fday@example.com,USER
4869,Alan,Baldwin,andrew00@example.com,USER
4870,Marie,Williams,kelleybradley@example.net,USER
4871,Christy,Ward,belltheresa@example.com,USER
4872,Patricia,Reilly,lauren99@example.net,USER
4873,Keith,Jones,josebutler@example.com,USER
4874,Brandon,Smith,caitlynwalton@example.net,USER
4875,Chelsea,Williams,hdavis@example.net,USER
4876,William,Harmon,cheryl83@example.com,USER
4877,Trevor,Baker,youngmary@example.org,USER
4878,Shannon,Ramirez,dicksonkatie@example.com,USER
4879,Scott,Watson,ramirezmargaret@example.com,USER
4880,Darlene,Gonzalez,cooksean@example.net,USER
4881,Sheila,Heath,christinewilliams@example.net,USER
4882,John,Hansen,meadowsstacey@example.org,USER
4883,Jason,Simpson,xramos@example.com,USER
4884,Thomas,Richardson,kelseynguyen@example.org,USER
4885,Pamela,Wright,mmitchell@example.org,USER
4886,Tyler,Holmes,briangardner@example.net,USER
4887,Anthony,Vasquez,chasedarrell@example.org,USER
4888,Cynthia,Pham,shawmelanie@example.com,USER
4889,Rebecca,Hess,rsmith@example.net,USER
4890,Angel,Marshall,ipadilla@example.com,USER
4891,Daniel,Morales,hartvictor@example.com,USER
4892,Jose,Adams,campbellkristen@example.com,USER
4893,Julie,Mccarthy,brobbins@example.net,USER
4894,Donald,Norris,cnorris@example.org,USER
4895,Ryan,Smith,kimberly02@example.net,USER
4896,Patrick,Reese,alexandraturner@example.com,USER
4897,Michael,Rivera,rebeccazimmerman@example.net,USER
4898,Logan,Weaver,nleach@example.net,USER
4899,Rachael,Horn,wkrause@example.org,USER
4900,Natalie,Richmond,thompsonamber@example.net,USER
4901,Scott,Miller,kevin33@example.net,USER
4902,Erica,Alexander,nicholasschneider@example.org,USER
4903,Christine,Singleton,samuel37@example.net,USER
4904,Kevin,Long,danielespinoza@example.net,USER
4905,Jonathan,Page,smithjustin@example.net,USER
4906,Gabriel,Freeman,stewartkristine@example.org,USER
4907,Daniel,Olsen,apowell@example.net,USER
4908,Sarah,Ortiz,smithsonia@example.com,USER
4909,Morgan,Wagner,kshaw@example.net,USER
4910,Lance,Moss,iward@example.net,USER
4911,Jeffery,Meyers,jacqueline04@example.net,USER
4912,Kenneth,Rogers,nicolepierce@example.org,USER
4913,Alison,Stein,nicholas69@example.org,USER
4914,Alexandra,Duarte,catherine60@example.org,USER
4915,Cassidy,Sullivan,vanessa28@example.net,USER
4916,Patricia,Glenn,elizabeth30@example.com,USER
4917,Allen,Mcclain,williamsonlaura@example.net,USER
4918,Alison,Crawford,eacevedo@example.com,USER
4919,Bryan,Page,rhondaallen@example.com,USER
4920,Lisa,Jones,carriebrewer@example.com,USER
4921,Michael,Molina,jamescrawford@example.net,USER
4922,Daniel,Curtis,duane50@example.com,USER
4923,Leah,Parker,brandongonzalez@example.com,USER
4924,Margaret,Brown,ramosronald@example.com,USER
4925,Michelle,Cook,watersjames@example.net,USER
4926,Lucas,Pope,pmarquez@example.org,USER
4927,Philip,Chavez,wendyjones@example.org,USER
4928,Teresa,Ruiz,carneykathy@example.org,USER
4929,Mariah,Navarro,christinakim@example.net,USER
4930,Caleb,Hill,susanbaker@example.org,USER
4931,Robert,Gardner,wallacefernando@example.com,USER
4932,Erin,Garner,greenrita@example.org,USER
4933,Christopher,Santiago,larsonkristopher@example.net,USER
4934,Brian,Bryan,markrhodes@example.org,USER
4935,Rebecca,Rhodes,ccalderon@example.net,USER
4936,John,Roman,ywoods@example.com,USER
4937,Jorge,Anderson,sheila71@example.com,USER
4938,Melvin,Blackwell,anelson@example.org,USER
4939,Amanda,Casey,zcardenas@example.net,USER
4940,Kelsey,Maynard,ashleygentry@example.com,USER
4941,Timothy,Price,qwood@example.com,USER
4942,Emily,Green,kimberlysilva@example.net,USER
4943,Katelyn,Waller,cassidyward@example.com,USER
4944,Mark,Ross,courtney22@example.net,USER
4945,Brandon,Lane,wglenn@example.net,USER
4946,Nancy,Hale,jonesanna@example.net,USER
4947,Taylor,Barton,marybrown@example.org,USER
4948,William,Rivera,michellestone@example.org,USER
4949,Melissa,Gomez,josephcompton@example.com,USER
4950,Jeffrey,Anderson,proach@example.net,USER
4951,Louis,Nelson,lindabrown@example.net,USER
4952,Penny,Hammond,turnerroger@example.net,USER
4953,Paul,Ramsey,ryanshannon@example.org,USER
4954,Pamela,Pittman,tonyparker@example.com,USER
4955,Dale,Bell,petersonrichard@example.com,USER
4956,Eric,Yang,nicholaswells@example.org,USER
4957,Jimmy,Rose,sgonzalez@example.org,USER
4958,Holly,Jarvis,carrollmegan@example.com,USER
4959,Ronald,Camacho,colemanlance@example.net,USER
4960,Donna,Williamson,zmendoza@example.org,USER
4961,Shari,Jones,henrymarshall@example.net,ADMIN
4962,Crystal,Martinez,jsullivan@example.com,USER
4963,Scott,Hatfield,cgarcia@example.org,USER
4964,Dana,Stone,steve25@example.com,USER
4965,Amanda,Holt,suebarajas@example.net,USER
4966,Wesley,Zavala,gloverjaime@example.org,USER
4967,Jeffrey,Alexander,matthew24@example.com,USER
4968,Marisa,Cardenas,maynardmichael@example.com,USER
4969,April,Lopez,stacygrant@example.net,USER
4970,Mathew,Wallace,hayesanthony@example.com,USER
4971,Thomas,Simmons,margaretwilson@example.org,USER
4972,Laura,Myers,larry83@example.org,USER
4973,Ricardo,Phillips,marcus03@example.com,USER
4974,John,Benson,lisadavis@example.org,USER
4975,Ethan,Gould,xhayes@example.net,USER
4976,Cesar,Riley,melinda77@example.org,USER
4977,Jesse,Warner,mikegonzalez@example.org,USER
4978,Carl,Baker,markwood@example.org,USER
4979,Kristen,Golden,samuelhamilton@example.com,USER
4980,Cynthia,Collier,jennifer98@example.org,USER
4981,Anthony,Powell,karenbowers@example.com,USER
4982,Kathleen,Cunningham,bennettjenna@example.org,USER
4983,Joshua,Dillon,dylan92@example.org,USER
4984,Christopher,Gallegos,sean35@example.org,USER
4985,Ryan,Alvarado,brianriley@example.org,USER
4986,Wayne,Taylor,davissarah@example.org,ADMIN
4987,William,Cummings,brianahoover@example.net,USER
4988,Nicole,Rangel,woodaaron@example.net,USER
4989,Stephanie,Byrd,christy47@example.com,USER
4990,Christian,Hansen,sharptiffany@example.net,USER
4991,Austin,Young,jessica00@example.com,USER
4992,Evelyn,Terry,fmeyer@example.net,USER
4993,Kayla,Wilson,jason36@example.org,USER
4994,Ruth,Snyder,jacobmoss@example.org,USER
4995,David,Odom,autumn99@example.org,USER
4996,Becky,Blake,glarson@example.net,USER
4997,Nicholas,Esparza,guzmancarl@example.com,USER
4998,Kelly,Henry,sstewart@example.net,USER
4999,David,Stout,tiffany48@example.net,USER
5000,James,Sanders,wuvalerie@example.com,USER
